------------------------------------------------------------------------------------------------
--------------------        INSERTS USADOS PARA POPULAR O BANCO             --------------------
------------------------------------------------------------------------------------------------
-- TABELA DE CARGOS
insert into tb_cargo (ID_CARGO,DESC_CARGO) values (1,'Piloto');
insert into tb_cargo (ID_CARGO,DESC_CARGO) values (2,'Copiloto');
insert into tb_cargo (ID_CARGO,DESC_CARGO) values (3,'Aeromoça');
insert into tb_cargo (ID_CARGO,DESC_CARGO) values (4,'Agente de bordo');
insert into tb_cargo (ID_CARGO,DESC_CARGO) values (5,'Atende de balcão');
insert into tb_cargo (ID_CARGO,DESC_CARGO) values (6,'Administrador');
insert into tb_cargo (ID_CARGO,DESC_CARGO) values (7,'Técnico Administrativo');
insert into tb_cargo (ID_CARGO,DESC_CARGO) values (8,'Assistente Administrativo');

------------------------------------------------------------------------------------------------
    insert into TB_ENDERECO (ID_ENDERECO, NM_PAIS, NM_ESTADO, NM_CIDADE, NM_BAIRRO, DS_CEP, NM_LOGRADOURO, NR_NUMERO) values (1, 'United States', 'Florida', 'Bradenton', 'FL', '34282', '2966 Warner Street', '57187');
    insert into TB_ENDERECO (ID_ENDERECO, NM_PAIS, NM_ESTADO, NM_CIDADE, NM_BAIRRO, DS_CEP, NM_LOGRADOURO, NR_NUMERO) values (2, 'United States', 'Wisconsin', 'Milwaukee', 'WI', '53215', '3950 Gerald Circle', '29');
    insert into TB_ENDERECO (ID_ENDERECO, NM_PAIS, NM_ESTADO, NM_CIDADE, NM_BAIRRO, DS_CEP, NM_LOGRADOURO, NR_NUMERO) values (3, 'United States', 'North Carolina', 'Greensboro', 'NC', '27404', '36 Vernon Avenue', '88145');
    insert into TB_ENDERECO (ID_ENDERECO, NM_PAIS, NM_ESTADO, NM_CIDADE, NM_BAIRRO, DS_CEP, NM_LOGRADOURO, NR_NUMERO) values (4, 'United States', 'Ohio', 'Canton', 'OH', '44720', '9896 Melody Lane', '243');
    insert into TB_ENDERECO (ID_ENDERECO, NM_PAIS, NM_ESTADO, NM_CIDADE, NM_BAIRRO, DS_CEP, NM_LOGRADOURO, NR_NUMERO) values (5, 'United States', 'California', 'San Diego', 'CA', '92132', '0220 Arapahoe Hill', '938');
    insert into TB_ENDERECO (ID_ENDERECO, NM_PAIS, NM_ESTADO, NM_CIDADE, NM_BAIRRO, DS_CEP, NM_LOGRADOURO, NR_NUMERO) values (6, 'United States', 'Illinois', 'Peoria', 'IL', '61614', '64669 Miller Circle', '421');
    insert into TB_ENDERECO (ID_ENDERECO, NM_PAIS, NM_ESTADO, NM_CIDADE, NM_BAIRRO, DS_CEP, NM_LOGRADOURO, NR_NUMERO) values (7, 'United States', 'Colorado', 'Denver', 'CO', '80262', '7971 Miller Parkway', '55');
    insert into TB_ENDERECO (ID_ENDERECO, NM_PAIS, NM_ESTADO, NM_CIDADE, NM_BAIRRO, DS_CEP, NM_LOGRADOURO, NR_NUMERO) values (8, 'United States', 'New York', 'New York City', 'NY', '10155', '655 School Pass', '24934');
    insert into TB_ENDERECO (ID_ENDERECO, NM_PAIS, NM_ESTADO, NM_CIDADE, NM_BAIRRO, DS_CEP, NM_LOGRADOURO, NR_NUMERO) values (9, 'United States', 'Kansas', 'Topeka', 'KS', '66699', '075 Ohio Road', '1');
    insert into TB_ENDERECO (ID_ENDERECO, NM_PAIS, NM_ESTADO, NM_CIDADE, NM_BAIRRO, DS_CEP, NM_LOGRADOURO, NR_NUMERO) values (10, 'United States', 'District of Columbia', 'Washington', 'DC', '20535', '1177 Elka Pass', '5503');
    insert into TB_ENDERECO (ID_ENDERECO, NM_PAIS, NM_ESTADO, NM_CIDADE, NM_BAIRRO, DS_CEP, NM_LOGRADOURO, NR_NUMERO) values (11, 'United States', 'Massachusetts', 'Boston', 'MA', '02216', '855 Homewood Crossing', '7');
    insert into TB_ENDERECO (ID_ENDERECO, NM_PAIS, NM_ESTADO, NM_CIDADE, NM_BAIRRO, DS_CEP, NM_LOGRADOURO, NR_NUMERO) values (12, 'United States', 'California', 'Los Angeles', 'CA', '90101', '7646 Sommers Way', '5676');
    insert into TB_ENDERECO (ID_ENDERECO, NM_PAIS, NM_ESTADO, NM_CIDADE, NM_BAIRRO, DS_CEP, NM_LOGRADOURO, NR_NUMERO) values (13, 'United States', 'Louisiana', 'New Orleans', 'LA', '70187', '46 Homewood Parkway', '6146');
    insert into TB_ENDERECO (ID_ENDERECO, NM_PAIS, NM_ESTADO, NM_CIDADE, NM_BAIRRO, DS_CEP, NM_LOGRADOURO, NR_NUMERO) values (14, 'United States', 'Oklahoma', 'Oklahoma City', 'OK', '73197', '86901 Novick Center', '66139');
    insert into TB_ENDERECO (ID_ENDERECO, NM_PAIS, NM_ESTADO, NM_CIDADE, NM_BAIRRO, DS_CEP, NM_LOGRADOURO, NR_NUMERO) values (15, 'United States', 'Alabama', 'Montgomery', 'AL', '36195', '992 Meadow Vale Road', '3711');
    insert into TB_ENDERECO (ID_ENDERECO, NM_PAIS, NM_ESTADO, NM_CIDADE, NM_BAIRRO, DS_CEP, NM_LOGRADOURO, NR_NUMERO) values (16, 'United States', 'California', 'Fresno', 'CA', '93721', '9420 Pawling Road', '7017');
    insert into TB_ENDERECO (ID_ENDERECO, NM_PAIS, NM_ESTADO, NM_CIDADE, NM_BAIRRO, DS_CEP, NM_LOGRADOURO, NR_NUMERO) values (17, 'United States', 'Mississippi', 'Jackson', 'MS', '39236', '85 Cherokee Parkway', '971');
    insert into TB_ENDERECO (ID_ENDERECO, NM_PAIS, NM_ESTADO, NM_CIDADE, NM_BAIRRO, DS_CEP, NM_LOGRADOURO, NR_NUMERO) values (18, 'United States', 'Massachusetts', 'Boston', 'MA', '02114', '2180 Golf View Avenue', '98');
    insert into TB_ENDERECO (ID_ENDERECO, NM_PAIS, NM_ESTADO, NM_CIDADE, NM_BAIRRO, DS_CEP, NM_LOGRADOURO, NR_NUMERO) values (19, 'United States', 'Washington', 'Vancouver', 'WA', '98682', '647 Veith Drive', '379');
    insert into TB_ENDERECO (ID_ENDERECO, NM_PAIS, NM_ESTADO, NM_CIDADE, NM_BAIRRO, DS_CEP, NM_LOGRADOURO, NR_NUMERO) values (20, 'United States', 'Utah', 'Provo', 'UT', '84605', '97029 Surrey Place', '342');
    insert into TB_ENDERECO (ID_ENDERECO, NM_PAIS, NM_ESTADO, NM_CIDADE, NM_BAIRRO, DS_CEP, NM_LOGRADOURO, NR_NUMERO) values (21, 'United States', 'Virginia', 'Reston', 'VA', '22096', '70 Veith Plaza', '65');
    insert into TB_ENDERECO (ID_ENDERECO, NM_PAIS, NM_ESTADO, NM_CIDADE, NM_BAIRRO, DS_CEP, NM_LOGRADOURO, NR_NUMERO) values (22, 'United States', 'New Hampshire', 'Portsmouth', 'NH', '03804', '2 Clemons Trail', '4');
    insert into TB_ENDERECO (ID_ENDERECO, NM_PAIS, NM_ESTADO, NM_CIDADE, NM_BAIRRO, DS_CEP, NM_LOGRADOURO, NR_NUMERO) values (23, 'United States', 'Texas', 'El Paso', 'TX', '79989', '5670 Golf Course Circle', '36');
    insert into TB_ENDERECO (ID_ENDERECO, NM_PAIS, NM_ESTADO, NM_CIDADE, NM_BAIRRO, DS_CEP, NM_LOGRADOURO, NR_NUMERO) values (24, 'United States', 'California', 'Chula Vista', 'CA', '91913', '54624 Kedzie Drive', '1853');
    insert into TB_ENDERECO (ID_ENDERECO, NM_PAIS, NM_ESTADO, NM_CIDADE, NM_BAIRRO, DS_CEP, NM_LOGRADOURO, NR_NUMERO) values (25, 'United States', 'California', 'Sacramento', 'CA', '95838', '0130 Homewood Circle', '48559');
    insert into TB_ENDERECO (ID_ENDERECO, NM_PAIS, NM_ESTADO, NM_CIDADE, NM_BAIRRO, DS_CEP, NM_LOGRADOURO, NR_NUMERO) values (26, 'United States', 'California', 'Sacramento', 'CA', '94280', '11 Bowman Center', '43671');
    insert into TB_ENDERECO (ID_ENDERECO, NM_PAIS, NM_ESTADO, NM_CIDADE, NM_BAIRRO, DS_CEP, NM_LOGRADOURO, NR_NUMERO) values (27, 'United States', 'California', 'Sacramento', 'CA', '95823', '436 Calypso Center', '05');
    insert into TB_ENDERECO (ID_ENDERECO, NM_PAIS, NM_ESTADO, NM_CIDADE, NM_BAIRRO, DS_CEP, NM_LOGRADOURO, NR_NUMERO) values (28, 'United States', 'Pennsylvania', 'Philadelphia', 'PA', '19160', '144 Stone Corner Hill', '59');
    insert into TB_ENDERECO (ID_ENDERECO, NM_PAIS, NM_ESTADO, NM_CIDADE, NM_BAIRRO, DS_CEP, NM_LOGRADOURO, NR_NUMERO) values (29, 'United States', 'New Mexico', 'Albuquerque', 'NM', '87195', '2 4th Street', '88');
    insert into TB_ENDERECO (ID_ENDERECO, NM_PAIS, NM_ESTADO, NM_CIDADE, NM_BAIRRO, DS_CEP, NM_LOGRADOURO, NR_NUMERO) values (30, 'United States', 'Minnesota', 'Minneapolis', 'MN', '55480', '868 Eliot Place', '2144');
    insert into TB_ENDERECO (ID_ENDERECO, NM_PAIS, NM_ESTADO, NM_CIDADE, NM_BAIRRO, DS_CEP, NM_LOGRADOURO, NR_NUMERO) values (31, 'United States', 'Pennsylvania', 'Wilkes Barre', 'PA', '18706', '24396 Aberg Hill', '491');
    insert into TB_ENDERECO (ID_ENDERECO, NM_PAIS, NM_ESTADO, NM_CIDADE, NM_BAIRRO, DS_CEP, NM_LOGRADOURO, NR_NUMERO) values (32, 'United States', 'New York', 'Port Washington', 'NY', '11054', '84531 Utah Trail', '34483');
    insert into TB_ENDERECO (ID_ENDERECO, NM_PAIS, NM_ESTADO, NM_CIDADE, NM_BAIRRO, DS_CEP, NM_LOGRADOURO, NR_NUMERO) values (33, 'United States', 'Florida', 'Tampa', 'FL', '33625', '55734 Caliangt Crossing', '932');
    insert into TB_ENDERECO (ID_ENDERECO, NM_PAIS, NM_ESTADO, NM_CIDADE, NM_BAIRRO, DS_CEP, NM_LOGRADOURO, NR_NUMERO) values (34, 'United States', 'Tennessee', 'Chattanooga', 'TN', '37405', '047 Pierstorff Center', '78');
    insert into TB_ENDERECO (ID_ENDERECO, NM_PAIS, NM_ESTADO, NM_CIDADE, NM_BAIRRO, DS_CEP, NM_LOGRADOURO, NR_NUMERO) values (35, 'United States', 'Indiana', 'Fort Wayne', 'IN', '46862', '7957 Talmadge Alley', '323');
    insert into TB_ENDERECO (ID_ENDERECO, NM_PAIS, NM_ESTADO, NM_CIDADE, NM_BAIRRO, DS_CEP, NM_LOGRADOURO, NR_NUMERO) values (36, 'United States', 'New York', 'Bronx', 'NY', '10464', '62 Kipling Way', '29');
    insert into TB_ENDERECO (ID_ENDERECO, NM_PAIS, NM_ESTADO, NM_CIDADE, NM_BAIRRO, DS_CEP, NM_LOGRADOURO, NR_NUMERO) values (37, 'United States', 'North Carolina', 'Raleigh', 'NC', '27626', '5 Utah Terrace', '021');
    insert into TB_ENDERECO (ID_ENDERECO, NM_PAIS, NM_ESTADO, NM_CIDADE, NM_BAIRRO, DS_CEP, NM_LOGRADOURO, NR_NUMERO) values (38, 'United States', 'Michigan', 'Midland', 'MI', '48670', '86 Judy Street', '8765');
    insert into TB_ENDERECO (ID_ENDERECO, NM_PAIS, NM_ESTADO, NM_CIDADE, NM_BAIRRO, DS_CEP, NM_LOGRADOURO, NR_NUMERO) values (39, 'United States', 'Florida', 'Fort Myers', 'FL', '33906', '934 Hanover Street', '69');
    insert into TB_ENDERECO (ID_ENDERECO, NM_PAIS, NM_ESTADO, NM_CIDADE, NM_BAIRRO, DS_CEP, NM_LOGRADOURO, NR_NUMERO) values (40, 'United States', 'District of Columbia', 'Washington', 'DC', '20099', '6895 Cody Junction', '5320');
    insert into TB_ENDERECO (ID_ENDERECO, NM_PAIS, NM_ESTADO, NM_CIDADE, NM_BAIRRO, DS_CEP, NM_LOGRADOURO, NR_NUMERO) values (41, 'United States', 'New York', 'New York City', 'NY', '10150', '30791 Fulton Avenue', '1489');
    insert into TB_ENDERECO (ID_ENDERECO, NM_PAIS, NM_ESTADO, NM_CIDADE, NM_BAIRRO, DS_CEP, NM_LOGRADOURO, NR_NUMERO) values (42, 'United States', 'California', 'Anaheim', 'CA', '92812', '0 Oakridge Alley', '88');
    insert into TB_ENDERECO (ID_ENDERECO, NM_PAIS, NM_ESTADO, NM_CIDADE, NM_BAIRRO, DS_CEP, NM_LOGRADOURO, NR_NUMERO) values (43, 'United States', 'California', 'Corona', 'CA', '92878', '25 Forest Run Pass', '4132');
    insert into TB_ENDERECO (ID_ENDERECO, NM_PAIS, NM_ESTADO, NM_CIDADE, NM_BAIRRO, DS_CEP, NM_LOGRADOURO, NR_NUMERO) values (44, 'United States', 'Texas', 'Houston', 'TX', '77015', '58 Roth Pass', '541');
    insert into TB_ENDERECO (ID_ENDERECO, NM_PAIS, NM_ESTADO, NM_CIDADE, NM_BAIRRO, DS_CEP, NM_LOGRADOURO, NR_NUMERO) values (45, 'United States', 'Texas', 'Garland', 'TX', '75044', '3251 Moose Circle', '16977');
    insert into TB_ENDERECO (ID_ENDERECO, NM_PAIS, NM_ESTADO, NM_CIDADE, NM_BAIRRO, DS_CEP, NM_LOGRADOURO, NR_NUMERO) values (46, 'United States', 'New York', 'Buffalo', 'NY', '14225', '754 Vermont Circle', '31129');
    insert into TB_ENDERECO (ID_ENDERECO, NM_PAIS, NM_ESTADO, NM_CIDADE, NM_BAIRRO, DS_CEP, NM_LOGRADOURO, NR_NUMERO) values (47, 'United States', 'California', 'Sacramento', 'CA', '94280', '3 Lunder Alley', '5');
    insert into TB_ENDERECO (ID_ENDERECO, NM_PAIS, NM_ESTADO, NM_CIDADE, NM_BAIRRO, DS_CEP, NM_LOGRADOURO, NR_NUMERO) values (48, 'United States', 'Texas', 'Dallas', 'TX', '75236', '58 Union Junction', '939');
    insert into TB_ENDERECO (ID_ENDERECO, NM_PAIS, NM_ESTADO, NM_CIDADE, NM_BAIRRO, DS_CEP, NM_LOGRADOURO, NR_NUMERO) values (49, 'United States', 'Texas', 'El Paso', 'TX', '88553', '460 Tony Parkway', '7119');
    insert into TB_ENDERECO (ID_ENDERECO, NM_PAIS, NM_ESTADO, NM_CIDADE, NM_BAIRRO, DS_CEP, NM_LOGRADOURO, NR_NUMERO) values (50, 'United States', 'Florida', 'West Palm Beach', 'FL', '33421', '4 Corscot Way', '70');
    insert into TB_ENDERECO (ID_ENDERECO, NM_PAIS, NM_ESTADO, NM_CIDADE, NM_BAIRRO, DS_CEP, NM_LOGRADOURO, NR_NUMERO) values (51, 'United States', 'Pennsylvania', 'Erie', 'PA', '16534', '5085 Straubel Drive', '5');
    insert into TB_ENDERECO (ID_ENDERECO, NM_PAIS, NM_ESTADO, NM_CIDADE, NM_BAIRRO, DS_CEP, NM_LOGRADOURO, NR_NUMERO) values (52, 'United States', 'Wisconsin', 'Madison', 'WI', '53779', '1 Ludington Place', '51');
    insert into TB_ENDERECO (ID_ENDERECO, NM_PAIS, NM_ESTADO, NM_CIDADE, NM_BAIRRO, DS_CEP, NM_LOGRADOURO, NR_NUMERO) values (53, 'United States', 'Nebraska', 'Lincoln', 'NE', '68510', '58726 Manufacturers Park', '498');
    insert into TB_ENDERECO (ID_ENDERECO, NM_PAIS, NM_ESTADO, NM_CIDADE, NM_BAIRRO, DS_CEP, NM_LOGRADOURO, NR_NUMERO) values (54, 'United States', 'Texas', 'Fort Worth', 'TX', '76192', '11 Southridge Park', '26933');
    insert into TB_ENDERECO (ID_ENDERECO, NM_PAIS, NM_ESTADO, NM_CIDADE, NM_BAIRRO, DS_CEP, NM_LOGRADOURO, NR_NUMERO) values (55, 'United States', 'California', 'Glendale', 'CA', '91210', '44 Lakewood Crossing', '72');
    insert into TB_ENDERECO (ID_ENDERECO, NM_PAIS, NM_ESTADO, NM_CIDADE, NM_BAIRRO, DS_CEP, NM_LOGRADOURO, NR_NUMERO) values (56, 'United States', 'Florida', 'Tampa', 'FL', '33620', '1861 Tomscot Avenue', '7576');
    insert into TB_ENDERECO (ID_ENDERECO, NM_PAIS, NM_ESTADO, NM_CIDADE, NM_BAIRRO, DS_CEP, NM_LOGRADOURO, NR_NUMERO) values (57, 'United States', 'California', 'Orange', 'CA', '92668', '6 Blaine Plaza', '3');
    insert into TB_ENDERECO (ID_ENDERECO, NM_PAIS, NM_ESTADO, NM_CIDADE, NM_BAIRRO, DS_CEP, NM_LOGRADOURO, NR_NUMERO) values (58, 'United States', 'Wisconsin', 'Milwaukee', 'WI', '53210', '91424 Green Ridge Plaza', '95');
    insert into TB_ENDERECO (ID_ENDERECO, NM_PAIS, NM_ESTADO, NM_CIDADE, NM_BAIRRO, DS_CEP, NM_LOGRADOURO, NR_NUMERO) values (59, 'United States', 'Kentucky', 'Lexington', 'KY', '40505', '1 Thackeray Parkway', '729');
    insert into TB_ENDERECO (ID_ENDERECO, NM_PAIS, NM_ESTADO, NM_CIDADE, NM_BAIRRO, DS_CEP, NM_LOGRADOURO, NR_NUMERO) values (60, 'United States', 'New York', 'New York City', 'NY', '10024', '73722 Bunting Alley', '1208');
    insert into TB_ENDERECO (ID_ENDERECO, NM_PAIS, NM_ESTADO, NM_CIDADE, NM_BAIRRO, DS_CEP, NM_LOGRADOURO, NR_NUMERO) values (61, 'United States', 'Indiana', 'Evansville', 'IN', '47712', '084 Blackbird Place', '048');
    insert into TB_ENDERECO (ID_ENDERECO, NM_PAIS, NM_ESTADO, NM_CIDADE, NM_BAIRRO, DS_CEP, NM_LOGRADOURO, NR_NUMERO) values (62, 'United States', 'Nebraska', 'Lincoln', 'NE', '68583', '7 Ridge Oak Avenue', '7250');
    insert into TB_ENDERECO (ID_ENDERECO, NM_PAIS, NM_ESTADO, NM_CIDADE, NM_BAIRRO, DS_CEP, NM_LOGRADOURO, NR_NUMERO) values (63, 'United States', 'New York', 'New York City', 'NY', '10155', '777 Lunder Crossing', '56808');
    insert into TB_ENDERECO (ID_ENDERECO, NM_PAIS, NM_ESTADO, NM_CIDADE, NM_BAIRRO, DS_CEP, NM_LOGRADOURO, NR_NUMERO) values (64, 'United States', 'Maryland', 'Bethesda', 'MD', '20892', '48455 Iowa Park', '5');
    insert into TB_ENDERECO (ID_ENDERECO, NM_PAIS, NM_ESTADO, NM_CIDADE, NM_BAIRRO, DS_CEP, NM_LOGRADOURO, NR_NUMERO) values (65, 'United States', 'Florida', 'Jacksonville', 'FL', '32277', '44 Farmco Circle', '07988');
    insert into TB_ENDERECO (ID_ENDERECO, NM_PAIS, NM_ESTADO, NM_CIDADE, NM_BAIRRO, DS_CEP, NM_LOGRADOURO, NR_NUMERO) values (66, 'United States', 'Florida', 'North Port', 'FL', '34290', '4478 Pennsylvania Road', '54');
    insert into TB_ENDERECO (ID_ENDERECO, NM_PAIS, NM_ESTADO, NM_CIDADE, NM_BAIRRO, DS_CEP, NM_LOGRADOURO, NR_NUMERO) values (67, 'United States', 'Texas', 'Garland', 'TX', '75049', '055 Melody Hill', '72');
    insert into TB_ENDERECO (ID_ENDERECO, NM_PAIS, NM_ESTADO, NM_CIDADE, NM_BAIRRO, DS_CEP, NM_LOGRADOURO, NR_NUMERO) values (68, 'United States', 'North Carolina', 'Greensboro', 'NC', '27425', '1 Anhalt Circle', '04');
    insert into TB_ENDERECO (ID_ENDERECO, NM_PAIS, NM_ESTADO, NM_CIDADE, NM_BAIRRO, DS_CEP, NM_LOGRADOURO, NR_NUMERO) values (69, 'United States', 'Florida', 'Sarasota', 'FL', '34233', '6 Merry Hill', '27769');
    insert into TB_ENDERECO (ID_ENDERECO, NM_PAIS, NM_ESTADO, NM_CIDADE, NM_BAIRRO, DS_CEP, NM_LOGRADOURO, NR_NUMERO) values (70, 'United States', 'New York', 'New York City', 'NY', '10079', '91971 Warner Crossing', '348');
    insert into TB_ENDERECO (ID_ENDERECO, NM_PAIS, NM_ESTADO, NM_CIDADE, NM_BAIRRO, DS_CEP, NM_LOGRADOURO, NR_NUMERO) values (71, 'United States', 'California', 'San Diego', 'CA', '92170', '504 1st Way', '84');
    insert into TB_ENDERECO (ID_ENDERECO, NM_PAIS, NM_ESTADO, NM_CIDADE, NM_BAIRRO, DS_CEP, NM_LOGRADOURO, NR_NUMERO) values (72, 'United States', 'New York', 'Albany', 'NY', '12210', '9 Utah Center', '911');
    insert into TB_ENDERECO (ID_ENDERECO, NM_PAIS, NM_ESTADO, NM_CIDADE, NM_BAIRRO, DS_CEP, NM_LOGRADOURO, NR_NUMERO) values (73, 'United States', 'California', 'Los Angeles', 'CA', '90020', '8497 Mallory Trail', '74');
    insert into TB_ENDERECO (ID_ENDERECO, NM_PAIS, NM_ESTADO, NM_CIDADE, NM_BAIRRO, DS_CEP, NM_LOGRADOURO, NR_NUMERO) values (74, 'United States', 'Virginia', 'Alexandria', 'VA', '22313', '011 Schmedeman Circle', '4338');
    insert into TB_ENDERECO (ID_ENDERECO, NM_PAIS, NM_ESTADO, NM_CIDADE, NM_BAIRRO, DS_CEP, NM_LOGRADOURO, NR_NUMERO) values (75, 'United States', 'Florida', 'Bradenton', 'FL', '34205', '11 Annamark Plaza', '4102');
    insert into TB_ENDERECO (ID_ENDERECO, NM_PAIS, NM_ESTADO, NM_CIDADE, NM_BAIRRO, DS_CEP, NM_LOGRADOURO, NR_NUMERO) values (76, 'United States', 'New York', 'New York City', 'NY', '10170', '5 Elka Place', '5774');
    insert into TB_ENDERECO (ID_ENDERECO, NM_PAIS, NM_ESTADO, NM_CIDADE, NM_BAIRRO, DS_CEP, NM_LOGRADOURO, NR_NUMERO) values (77, 'United States', 'California', 'South Lake Tahoe', 'CA', '96154', '72209 Kenwood Street', '7699');
    insert into TB_ENDERECO (ID_ENDERECO, NM_PAIS, NM_ESTADO, NM_CIDADE, NM_BAIRRO, DS_CEP, NM_LOGRADOURO, NR_NUMERO) values (78, 'United States', 'Texas', 'San Antonio', 'TX', '78250', '0377 Fulton Junction', '60');
    insert into TB_ENDERECO (ID_ENDERECO, NM_PAIS, NM_ESTADO, NM_CIDADE, NM_BAIRRO, DS_CEP, NM_LOGRADOURO, NR_NUMERO) values (79, 'United States', 'Georgia', 'Atlanta', 'GA', '31165', '911 Green Ridge Court', '8977');
    insert into TB_ENDERECO (ID_ENDERECO, NM_PAIS, NM_ESTADO, NM_CIDADE, NM_BAIRRO, DS_CEP, NM_LOGRADOURO, NR_NUMERO) values (80, 'United States', 'Texas', 'El Paso', 'TX', '79934', '6 Mifflin Way', '4');
    insert into TB_ENDERECO (ID_ENDERECO, NM_PAIS, NM_ESTADO, NM_CIDADE, NM_BAIRRO, DS_CEP, NM_LOGRADOURO, NR_NUMERO) values (81, 'United States', 'Kansas', 'Topeka', 'KS', '66622', '2470 Kinsman Park', '5321');
    insert into TB_ENDERECO (ID_ENDERECO, NM_PAIS, NM_ESTADO, NM_CIDADE, NM_BAIRRO, DS_CEP, NM_LOGRADOURO, NR_NUMERO) values (82, 'United States', 'Pennsylvania', 'Pittsburgh', 'PA', '15235', '5596 Novick Point', '24');
    insert into TB_ENDERECO (ID_ENDERECO, NM_PAIS, NM_ESTADO, NM_CIDADE, NM_BAIRRO, DS_CEP, NM_LOGRADOURO, NR_NUMERO) values (83, 'United States', 'Ohio', 'Canton', 'OH', '44705', '1354 Golf Course Hill', '126');
    insert into TB_ENDERECO (ID_ENDERECO, NM_PAIS, NM_ESTADO, NM_CIDADE, NM_BAIRRO, DS_CEP, NM_LOGRADOURO, NR_NUMERO) values (84, 'United States', 'Illinois', 'Chicago', 'IL', '60681', '478 Leroy Place', '12');
    insert into TB_ENDERECO (ID_ENDERECO, NM_PAIS, NM_ESTADO, NM_CIDADE, NM_BAIRRO, DS_CEP, NM_LOGRADOURO, NR_NUMERO) values (85, 'United States', 'District of Columbia', 'Washington', 'DC', '20414', '22580 Hanson Lane', '1411');
    insert into TB_ENDERECO (ID_ENDERECO, NM_PAIS, NM_ESTADO, NM_CIDADE, NM_BAIRRO, DS_CEP, NM_LOGRADOURO, NR_NUMERO) values (86, 'United States', 'Georgia', 'Savannah', 'GA', '31416', '2 Monica Junction', '7');
    insert into TB_ENDERECO (ID_ENDERECO, NM_PAIS, NM_ESTADO, NM_CIDADE, NM_BAIRRO, DS_CEP, NM_LOGRADOURO, NR_NUMERO) values (87, 'United States', 'Texas', 'San Antonio', 'TX', '78285', '464 Prentice Avenue', '5536');
    insert into TB_ENDERECO (ID_ENDERECO, NM_PAIS, NM_ESTADO, NM_CIDADE, NM_BAIRRO, DS_CEP, NM_LOGRADOURO, NR_NUMERO) values (88, 'United States', 'Virginia', 'Richmond', 'VA', '23289', '4183 Bellgrove Crossing', '3');
    insert into TB_ENDERECO (ID_ENDERECO, NM_PAIS, NM_ESTADO, NM_CIDADE, NM_BAIRRO, DS_CEP, NM_LOGRADOURO, NR_NUMERO) values (89, 'United States', 'New Jersey', 'Newark', 'NJ', '07112', '286 Arapahoe Park', '6706');
    insert into TB_ENDERECO (ID_ENDERECO, NM_PAIS, NM_ESTADO, NM_CIDADE, NM_BAIRRO, DS_CEP, NM_LOGRADOURO, NR_NUMERO) values (90, 'United States', 'North Carolina', 'Raleigh', 'NC', '27610', '2018 Nevada Lane', '36538');
    insert into TB_ENDERECO (ID_ENDERECO, NM_PAIS, NM_ESTADO, NM_CIDADE, NM_BAIRRO, DS_CEP, NM_LOGRADOURO, NR_NUMERO) values (91, 'United States', 'South Carolina', 'Myrtle Beach', 'SC', '29579', '0988 Crownhardt Junction', '86416');
    insert into TB_ENDERECO (ID_ENDERECO, NM_PAIS, NM_ESTADO, NM_CIDADE, NM_BAIRRO, DS_CEP, NM_LOGRADOURO, NR_NUMERO) values (92, 'United States', 'Texas', 'El Paso', 'TX', '79999', '6 Division Avenue', '5421');
    insert into TB_ENDERECO (ID_ENDERECO, NM_PAIS, NM_ESTADO, NM_CIDADE, NM_BAIRRO, DS_CEP, NM_LOGRADOURO, NR_NUMERO) values (93, 'United States', 'Louisiana', 'New Orleans', 'LA', '70124', '000 Pearson Hill', '11589');
    insert into TB_ENDERECO (ID_ENDERECO, NM_PAIS, NM_ESTADO, NM_CIDADE, NM_BAIRRO, DS_CEP, NM_LOGRADOURO, NR_NUMERO) values (94, 'United States', 'Ohio', 'Akron', 'OH', '44315', '21 Duke Park', '6');
    insert into TB_ENDERECO (ID_ENDERECO, NM_PAIS, NM_ESTADO, NM_CIDADE, NM_BAIRRO, DS_CEP, NM_LOGRADOURO, NR_NUMERO) values (95, 'United States', 'Virginia', 'Richmond', 'VA', '23277', '7 Nelson Road', '3571');
    insert into TB_ENDERECO (ID_ENDERECO, NM_PAIS, NM_ESTADO, NM_CIDADE, NM_BAIRRO, DS_CEP, NM_LOGRADOURO, NR_NUMERO) values (96, 'United States', 'Virginia', 'Roanoke', 'VA', '24004', '85098 Eggendart Trail', '36');
    insert into TB_ENDERECO (ID_ENDERECO, NM_PAIS, NM_ESTADO, NM_CIDADE, NM_BAIRRO, DS_CEP, NM_LOGRADOURO, NR_NUMERO) values (97, 'United States', 'Indiana', 'Evansville', 'IN', '47719', '542 Ridge Oak Plaza', '42');
    insert into TB_ENDERECO (ID_ENDERECO, NM_PAIS, NM_ESTADO, NM_CIDADE, NM_BAIRRO, DS_CEP, NM_LOGRADOURO, NR_NUMERO) values (98, 'United States', 'Oregon', 'Portland', 'OR', '97211', '29664 Autumn Leaf Pass', '5');
    insert into TB_ENDERECO (ID_ENDERECO, NM_PAIS, NM_ESTADO, NM_CIDADE, NM_BAIRRO, DS_CEP, NM_LOGRADOURO, NR_NUMERO) values (99, 'United States', 'Texas', 'El Paso', 'TX', '79994', '819 Manitowish Parkway', '6');
    insert into TB_ENDERECO (ID_ENDERECO, NM_PAIS, NM_ESTADO, NM_CIDADE, NM_BAIRRO, DS_CEP, NM_LOGRADOURO, NR_NUMERO) values (100, 'United States', 'Illinois', 'Peoria', 'IL', '61614', '5545 Morning Lane', '53237');


-----------------------------------------------------------------------------------------------------------------------------------------------
--------------------------------- TB_AEROPORTO
-----------------------------------------------------------------------------------------------------------------------------------------------

insert into TB_AEROPORTO (ID_AEROPORTO, NM_NOME_AEROPORTO, ID_ENDERECO, DT_DATA_INAUGURACAO) values (1, 'Aeroporto Internacional de Logan', 1, '2017-11-18');
insert into TB_AEROPORTO (ID_AEROPORTO, NM_NOME_AEROPORTO, ID_ENDERECO, DT_DATA_INAUGURACAO) values (2, 'Aeroporto Internacional Ministro Pistarini', 2, '2017-07-22');
insert into TB_AEROPORTO (ID_AEROPORTO, NM_NOME_AEROPORTO, ID_ENDERECO, DT_DATA_INAUGURACAO) values (3, 'Aeroporto Internacional de O''Hare', 3, '2018-01-28');
insert into TB_AEROPORTO (ID_AEROPORTO, NM_NOME_AEROPORTO, ID_ENDERECO, DT_DATA_INAUGURACAO) values (4, 'Aeroporto Internacional de Tocumen', 4, '2017-08-08');
insert into TB_AEROPORTO (ID_AEROPORTO, NM_NOME_AEROPORTO, ID_ENDERECO, DT_DATA_INAUGURACAO) values (5, 'Aeroporto Internacional de Dallas/Fort Worth', 5, '2017-11-20');
insert into TB_AEROPORTO (ID_AEROPORTO, NM_NOME_AEROPORTO, ID_ENDERECO, DT_DATA_INAUGURACAO) values (6, 'Aeroporto Internacional de Fort Lauderdale', 6, '2017-12-21');
insert into TB_AEROPORTO (ID_AEROPORTO, NM_NOME_AEROPORTO, ID_ENDERECO, DT_DATA_INAUGURACAO) values (7, 'Aeroporto Intercontinental George Bush', 7, '2017-06-05');
insert into TB_AEROPORTO (ID_AEROPORTO, NM_NOME_AEROPORTO, ID_ENDERECO, DT_DATA_INAUGURACAO) values (8, 'Aeroporto Internacional de Los Angeles', 8, '2017-06-23');
insert into TB_AEROPORTO (ID_AEROPORTO, NM_NOME_AEROPORTO, ID_ENDERECO, DT_DATA_INAUGURACAO) values (9, 'Aeroporto Internacional John F Kennedy', 9, '2018-03-08');
insert into TB_AEROPORTO (ID_AEROPORTO, NM_NOME_AEROPORTO, ID_ENDERECO, DT_DATA_INAUGURACAO) values (10, 'Aeroporto Internacional de Orlando (próximo de Jacksonville', 10, '2017-10-31');
insert into TB_AEROPORTO (ID_AEROPORTO, NM_NOME_AEROPORTO, ID_ENDERECO, DT_DATA_INAUGURACAO) values (11, 'Tampa)', 11, '2018-03-13');
insert into TB_AEROPORTO (ID_AEROPORTO, NM_NOME_AEROPORTO, ID_ENDERECO, DT_DATA_INAUGURACAO) values (12, 'Aeroporto Internacional Antônio Carlos Jobim (Galeão)', 12, '2017-11-12');
insert into TB_AEROPORTO (ID_AEROPORTO, NM_NOME_AEROPORTO, ID_ENDERECO, DT_DATA_INAUGURACAO) values (13, 'Aeroporto Internacional de São Francisco', 13, '2017-11-21');
insert into TB_AEROPORTO (ID_AEROPORTO, NM_NOME_AEROPORTO, ID_ENDERECO, DT_DATA_INAUGURACAO) values (14, 'Aeroporto Internacional de Guarulhos', 14, '2017-07-02');
insert into TB_AEROPORTO (ID_AEROPORTO, NM_NOME_AEROPORTO, ID_ENDERECO, DT_DATA_INAUGURACAO) values (15, 'Aeroporto Internacional de Seattle-Tacoma', 15, '2017-07-17');
insert into TB_AEROPORTO (ID_AEROPORTO, NM_NOME_AEROPORTO, ID_ENDERECO, DT_DATA_INAUGURACAO) values (16, 'Aeroporto Internacional de Pearson', 16, '2018-01-22');
insert into TB_AEROPORTO (ID_AEROPORTO, NM_NOME_AEROPORTO, ID_ENDERECO, DT_DATA_INAUGURACAO) values (17, 'Aeroporto Internacional Dulles', 17, '2017-09-24');
insert into TB_AEROPORTO (ID_AEROPORTO, NM_NOME_AEROPORTO, ID_ENDERECO, DT_DATA_INAUGURACAO) values (18, 'Aeroporto de Amsterdã Schiphol', 18, '2017-11-05');
insert into TB_AEROPORTO (ID_AEROPORTO, NM_NOME_AEROPORTO, ID_ENDERECO, DT_DATA_INAUGURACAO) values (19, 'Aeroporto Eleftherios Venizelos', 19, '2017-11-24');
insert into TB_AEROPORTO (ID_AEROPORTO, NM_NOME_AEROPORTO, ID_ENDERECO, DT_DATA_INAUGURACAO) values (20, 'Aeroporto de El Prat', 20, '2018-02-21');
insert into TB_AEROPORTO (ID_AEROPORTO, NM_NOME_AEROPORTO, ID_ENDERECO, DT_DATA_INAUGURACAO) values (21, 'Aeroporto Internacional de Birmingham', 21, '2018-02-10');
insert into TB_AEROPORTO (ID_AEROPORTO, NM_NOME_AEROPORTO, ID_ENDERECO, DT_DATA_INAUGURACAO) values (22, 'Aeroporto de Bolonha (próximo a Florença)', 22, '2018-02-05');
insert into TB_AEROPORTO (ID_AEROPORTO, NM_NOME_AEROPORTO, ID_ENDERECO, DT_DATA_INAUGURACAO) values (23, 'Aeroporto de Bruxelas', 23, '2018-02-16');
insert into TB_AEROPORTO (ID_AEROPORTO, NM_NOME_AEROPORTO, ID_ENDERECO, DT_DATA_INAUGURACAO) values (24, 'Aeroporto Internacional de Ferenc Liszt', 24, '2018-05-01');
insert into TB_AEROPORTO (ID_AEROPORTO, NM_NOME_AEROPORTO, ID_ENDERECO, DT_DATA_INAUGURACAO) values (25, 'Aeroporto de Copenhague', 25, '2017-10-05');
insert into TB_AEROPORTO (ID_AEROPORTO, NM_NOME_AEROPORTO, ID_ENDERECO, DT_DATA_INAUGURACAO) values (26, 'Aeroporto de Dublin', 26, '2017-07-07');
insert into TB_AEROPORTO (ID_AEROPORTO, NM_NOME_AEROPORTO, ID_ENDERECO, DT_DATA_INAUGURACAO) values (27, 'Aeroporto de Düsseldorf', 27, '2017-10-25');
insert into TB_AEROPORTO (ID_AEROPORTO, NM_NOME_AEROPORTO, ID_ENDERECO, DT_DATA_INAUGURACAO) values (28, 'Aeroporto de Estocolmo-Arlanda', 28, '2017-05-31');
insert into TB_AEROPORTO (ID_AEROPORTO, NM_NOME_AEROPORTO, ID_ENDERECO, DT_DATA_INAUGURACAO) values (29, 'Aeroporto Internacional Rhein-Main', 29, '2017-07-08');
insert into TB_AEROPORTO (ID_AEROPORTO, NM_NOME_AEROPORTO, ID_ENDERECO, DT_DATA_INAUGURACAO) values (30, 'Aeroporto Internacional de Genebra', 30, '2017-12-16');
insert into TB_AEROPORTO (ID_AEROPORTO, NM_NOME_AEROPORTO, ID_ENDERECO, DT_DATA_INAUGURACAO) values (31, 'Aeroporto Internacional de Glasgow', 31, '2017-12-01');
insert into TB_AEROPORTO (ID_AEROPORTO, NM_NOME_AEROPORTO, ID_ENDERECO, DT_DATA_INAUGURACAO) values (32, 'Aeroporto de Hamburgo', 32, '2017-07-03');
insert into TB_AEROPORTO (ID_AEROPORTO, NM_NOME_AEROPORTO, ID_ENDERECO, DT_DATA_INAUGURACAO) values (33, 'Aeroporto de Ataturk', 33, '2018-01-08');
insert into TB_AEROPORTO (ID_AEROPORTO, NM_NOME_AEROPORTO, ID_ENDERECO, DT_DATA_INAUGURACAO) values (34, 'Aeroporto de Larnaca', 34, '2017-08-05');
insert into TB_AEROPORTO (ID_AEROPORTO, NM_NOME_AEROPORTO, ID_ENDERECO, DT_DATA_INAUGURACAO) values (35, 'Aeroporto Lisboa Portela', 35, '2017-11-01');
insert into TB_AEROPORTO (ID_AEROPORTO, NM_NOME_AEROPORTO, ID_ENDERECO, DT_DATA_INAUGURACAO) values (36, 'Aeroporto de Londres Gatwick', 36, '2017-08-05');
insert into TB_AEROPORTO (ID_AEROPORTO, NM_NOME_AEROPORTO, ID_ENDERECO, DT_DATA_INAUGURACAO) values (37, 'Aeroporto de Londres Heathrow', 37, '2017-12-24');
insert into TB_AEROPORTO (ID_AEROPORTO, NM_NOME_AEROPORTO, ID_ENDERECO, DT_DATA_INAUGURACAO) values (38, 'Aeroporto de Lyon-Saint Exupéry', 38, '2017-08-19');
insert into TB_AEROPORTO (ID_AEROPORTO, NM_NOME_AEROPORTO, ID_ENDERECO, DT_DATA_INAUGURACAO) values (39, 'Aeroporto de Madri-Barajas', 39, '2018-05-08');
insert into TB_AEROPORTO (ID_AEROPORTO, NM_NOME_AEROPORTO, ID_ENDERECO, DT_DATA_INAUGURACAO) values (40, 'Aeroporto Internacional de Malta', 40, '2017-12-05');
insert into TB_AEROPORTO (ID_AEROPORTO, NM_NOME_AEROPORTO, ID_ENDERECO, DT_DATA_INAUGURACAO) values (41, 'Aeroporto Internacional de Manchester', 41, '2017-10-10');
insert into TB_AEROPORTO (ID_AEROPORTO, NM_NOME_AEROPORTO, ID_ENDERECO, DT_DATA_INAUGURACAO) values (42, 'Aeroporto de Malpensa', 42, '2018-01-17');
insert into TB_AEROPORTO (ID_AEROPORTO, NM_NOME_AEROPORTO, ID_ENDERECO, DT_DATA_INAUGURACAO) values (43, 'Aeroporto de Domodedovo', 43, '2017-09-12');
insert into TB_AEROPORTO (ID_AEROPORTO, NM_NOME_AEROPORTO, ID_ENDERECO, DT_DATA_INAUGURACAO) values (44, 'Aeroporto Franz Josef Strauss', 44, '2018-02-18');
insert into TB_AEROPORTO (ID_AEROPORTO, NM_NOME_AEROPORTO, ID_ENDERECO, DT_DATA_INAUGURACAO) values (45, 'Aeroporto de Newcastle', 45, '2018-05-15');
insert into TB_AEROPORTO (ID_AEROPORTO, NM_NOME_AEROPORTO, ID_ENDERECO, DT_DATA_INAUGURACAO) values (46, 'Aeroporto Internacional da Cote d''Azur', 46, '2017-10-25');
insert into TB_AEROPORTO (ID_AEROPORTO, NM_NOME_AEROPORTO, ID_ENDERECO, DT_DATA_INAUGURACAO) values (47, 'Aeroporto Gardermoen', 47, '2017-09-29');
insert into TB_AEROPORTO (ID_AEROPORTO, NM_NOME_AEROPORTO, ID_ENDERECO, DT_DATA_INAUGURACAO) values (48, 'Aeroporto Charles De Gaulle', 48, '2017-06-28');
insert into TB_AEROPORTO (ID_AEROPORTO, NM_NOME_AEROPORTO, ID_ENDERECO, DT_DATA_INAUGURACAO) values (49, 'Aeroporto de Václav Havel', 49, '2018-01-24');
insert into TB_AEROPORTO (ID_AEROPORTO, NM_NOME_AEROPORTO, ID_ENDERECO, DT_DATA_INAUGURACAO) values (50, 'Aeroporto de Fiumicino', 50, '2017-12-25');
insert into TB_AEROPORTO (ID_AEROPORTO, NM_NOME_AEROPORTO, ID_ENDERECO, DT_DATA_INAUGURACAO) values (51, 'Aeroporto Internacional de Pulkovo', 51, '2017-09-15');
insert into TB_AEROPORTO (ID_AEROPORTO, NM_NOME_AEROPORTO, ID_ENDERECO, DT_DATA_INAUGURACAO) values (52, 'Aeroporto de Varsóvia Frédéric Chopin', 52, '2017-11-12');
insert into TB_AEROPORTO (ID_AEROPORTO, NM_NOME_AEROPORTO, ID_ENDERECO, DT_DATA_INAUGURACAO) values (53, 'Aeroporto Marco Polo', 53, '2018-04-02');
insert into TB_AEROPORTO (ID_AEROPORTO, NM_NOME_AEROPORTO, ID_ENDERECO, DT_DATA_INAUGURACAO) values (54, 'Aeroporto Internacional de Viena', 54, '2017-11-18');
insert into TB_AEROPORTO (ID_AEROPORTO, NM_NOME_AEROPORTO, ID_ENDERECO, DT_DATA_INAUGURACAO) values (55, 'Aeroporto de Zurique-Kloten', 55, '2017-06-05');
insert into TB_AEROPORTO (ID_AEROPORTO, NM_NOME_AEROPORTO, ID_ENDERECO, DT_DATA_INAUGURACAO) values (56, 'Aeroporto de Amsterdã Schiphol', 56, '2017-06-28');
insert into TB_AEROPORTO (ID_AEROPORTO, NM_NOME_AEROPORTO, ID_ENDERECO, DT_DATA_INAUGURACAO) values (57, 'Aeroporto Eleftherios Venizelos', 57, '2017-06-27');
insert into TB_AEROPORTO (ID_AEROPORTO, NM_NOME_AEROPORTO, ID_ENDERECO, DT_DATA_INAUGURACAO) values (58, 'Aeroporto de El Prat', 58, '2018-05-03');
insert into TB_AEROPORTO (ID_AEROPORTO, NM_NOME_AEROPORTO, ID_ENDERECO, DT_DATA_INAUGURACAO) values (59, 'Aeroporto Internacional de Birmingham', 59, '2017-10-23');
insert into TB_AEROPORTO (ID_AEROPORTO, NM_NOME_AEROPORTO, ID_ENDERECO, DT_DATA_INAUGURACAO) values (60, 'Aeroporto de Bolonha (próximo a Florença)', 60, '2017-12-25');
insert into TB_AEROPORTO (ID_AEROPORTO, NM_NOME_AEROPORTO, ID_ENDERECO, DT_DATA_INAUGURACAO) values (61, 'Aeroporto de Bruxelas', 61, '2017-06-21');
insert into TB_AEROPORTO (ID_AEROPORTO, NM_NOME_AEROPORTO, ID_ENDERECO, DT_DATA_INAUGURACAO) values (62, 'Aeroporto Internacional de Ferenc Liszt', 62, '2018-04-15');
insert into TB_AEROPORTO (ID_AEROPORTO, NM_NOME_AEROPORTO, ID_ENDERECO, DT_DATA_INAUGURACAO) values (63, 'Aeroporto de Copenhague', 63, '2017-08-30');
insert into TB_AEROPORTO (ID_AEROPORTO, NM_NOME_AEROPORTO, ID_ENDERECO, DT_DATA_INAUGURACAO) values (64, 'Aeroporto de Dublin', 64, '2017-08-10');
insert into TB_AEROPORTO (ID_AEROPORTO, NM_NOME_AEROPORTO, ID_ENDERECO, DT_DATA_INAUGURACAO) values (65, 'Aeroporto de Düsseldorf', 65, '2017-10-11');
insert into TB_AEROPORTO (ID_AEROPORTO, NM_NOME_AEROPORTO, ID_ENDERECO, DT_DATA_INAUGURACAO) values (66, 'Aeroporto de Estocolmo-Arlanda', 66, '2018-05-12');
insert into TB_AEROPORTO (ID_AEROPORTO, NM_NOME_AEROPORTO, ID_ENDERECO, DT_DATA_INAUGURACAO) values (67, 'Aeroporto Internacional Rhein-Main', 67, '2017-10-02');
insert into TB_AEROPORTO (ID_AEROPORTO, NM_NOME_AEROPORTO, ID_ENDERECO, DT_DATA_INAUGURACAO) values (68, 'Aeroporto Internacional de Genebra', 68, '2018-02-26');
insert into TB_AEROPORTO (ID_AEROPORTO, NM_NOME_AEROPORTO, ID_ENDERECO, DT_DATA_INAUGURACAO) values (69, 'Aeroporto Internacional de Glasgow', 69, '2017-12-01');
insert into TB_AEROPORTO (ID_AEROPORTO, NM_NOME_AEROPORTO, ID_ENDERECO, DT_DATA_INAUGURACAO) values (70, 'Aeroporto de Hamburgo', 70, '2017-10-25');
insert into TB_AEROPORTO (ID_AEROPORTO, NM_NOME_AEROPORTO, ID_ENDERECO, DT_DATA_INAUGURACAO) values (71, 'Aeroporto de Ataturk', 71, '2017-08-19');
insert into TB_AEROPORTO (ID_AEROPORTO, NM_NOME_AEROPORTO, ID_ENDERECO, DT_DATA_INAUGURACAO) values (72, 'Aeroporto de Larnaca', 72, '2017-09-10');
insert into TB_AEROPORTO (ID_AEROPORTO, NM_NOME_AEROPORTO, ID_ENDERECO, DT_DATA_INAUGURACAO) values (73, 'Aeroporto Lisboa Portela', 73, '2017-07-19');
insert into TB_AEROPORTO (ID_AEROPORTO, NM_NOME_AEROPORTO, ID_ENDERECO, DT_DATA_INAUGURACAO) values (74, 'Aeroporto de Londres Gatwick', 74, '2018-02-27');
insert into TB_AEROPORTO (ID_AEROPORTO, NM_NOME_AEROPORTO, ID_ENDERECO, DT_DATA_INAUGURACAO) values (75, 'Aeroporto de Londres Heathrow', 75, '2017-06-27');
insert into TB_AEROPORTO (ID_AEROPORTO, NM_NOME_AEROPORTO, ID_ENDERECO, DT_DATA_INAUGURACAO) values (76, 'Aeroporto de Lyon-Saint Exupéry', 76, '2018-03-20');
insert into TB_AEROPORTO (ID_AEROPORTO, NM_NOME_AEROPORTO, ID_ENDERECO, DT_DATA_INAUGURACAO) values (77, 'Aeroporto de Madri-Barajas', 77, '2017-05-26');
insert into TB_AEROPORTO (ID_AEROPORTO, NM_NOME_AEROPORTO, ID_ENDERECO, DT_DATA_INAUGURACAO) values (78, 'Aeroporto Internacional de Malta', 78, '2018-01-15');
insert into TB_AEROPORTO (ID_AEROPORTO, NM_NOME_AEROPORTO, ID_ENDERECO, DT_DATA_INAUGURACAO) values (79, 'Aeroporto Internacional de Manchester', 79, '2018-01-17');
insert into TB_AEROPORTO (ID_AEROPORTO, NM_NOME_AEROPORTO, ID_ENDERECO, DT_DATA_INAUGURACAO) values (80, 'Aeroporto de Malpensa', 80, '2017-08-01');
insert into TB_AEROPORTO (ID_AEROPORTO, NM_NOME_AEROPORTO, ID_ENDERECO, DT_DATA_INAUGURACAO) values (81, 'Aeroporto de Domodedovo', 81, '2018-05-17');
insert into TB_AEROPORTO (ID_AEROPORTO, NM_NOME_AEROPORTO, ID_ENDERECO, DT_DATA_INAUGURACAO) values (82, 'Aeroporto Franz Josef Strauss', 82, '2018-04-04');
insert into TB_AEROPORTO (ID_AEROPORTO, NM_NOME_AEROPORTO, ID_ENDERECO, DT_DATA_INAUGURACAO) values (83, 'Aeroporto de Newcastle', 83, '2017-10-04');
insert into TB_AEROPORTO (ID_AEROPORTO, NM_NOME_AEROPORTO, ID_ENDERECO, DT_DATA_INAUGURACAO) values (84, 'Aeroporto Internacional da Cote d''Azur', 84, '2018-02-01');
insert into TB_AEROPORTO (ID_AEROPORTO, NM_NOME_AEROPORTO, ID_ENDERECO, DT_DATA_INAUGURACAO) values (85, 'Aeroporto Gardermoen', 85, '2017-08-12');
insert into TB_AEROPORTO (ID_AEROPORTO, NM_NOME_AEROPORTO, ID_ENDERECO, DT_DATA_INAUGURACAO) values (86, 'Aeroporto Charles De Gaulle', 86, '2017-10-11');
insert into TB_AEROPORTO (ID_AEROPORTO, NM_NOME_AEROPORTO, ID_ENDERECO, DT_DATA_INAUGURACAO) values (87, 'Aeroporto de Václav Havel', 87, '2017-12-01');
insert into TB_AEROPORTO (ID_AEROPORTO, NM_NOME_AEROPORTO, ID_ENDERECO, DT_DATA_INAUGURACAO) values (88, 'Aeroporto de Fiumicino', 88, '2017-06-09');
insert into TB_AEROPORTO (ID_AEROPORTO, NM_NOME_AEROPORTO, ID_ENDERECO, DT_DATA_INAUGURACAO) values (89, 'Aeroporto Internacional de Pulkovo', 89, '2017-12-05');
insert into TB_AEROPORTO (ID_AEROPORTO, NM_NOME_AEROPORTO, ID_ENDERECO, DT_DATA_INAUGURACAO) values (90, 'Aeroporto de Varsóvia Frédéric Chopin', 90, '2017-09-16');
insert into TB_AEROPORTO (ID_AEROPORTO, NM_NOME_AEROPORTO, ID_ENDERECO, DT_DATA_INAUGURACAO) values (91, 'Aeroporto Marco Polo', 91, '2017-07-28');
insert into TB_AEROPORTO (ID_AEROPORTO, NM_NOME_AEROPORTO, ID_ENDERECO, DT_DATA_INAUGURACAO) values (92, 'Aeroporto Internacional de Viena', 92, '2018-04-24');
insert into TB_AEROPORTO (ID_AEROPORTO, NM_NOME_AEROPORTO, ID_ENDERECO, DT_DATA_INAUGURACAO) values (93, 'Aeroporto de Zurique-Kloten', 93, '2018-04-22');
insert into TB_AEROPORTO (ID_AEROPORTO, NM_NOME_AEROPORTO, ID_ENDERECO, DT_DATA_INAUGURACAO) values (94, 'Aeroporto Internacional Queen Alia', 94, '2017-11-17');
insert into TB_AEROPORTO (ID_AEROPORTO, NM_NOME_AEROPORTO, ID_ENDERECO, DT_DATA_INAUGURACAO) values (95, 'Aeroporto Internacional de Bahrain', 95, '2017-06-16');
insert into TB_AEROPORTO (ID_AEROPORTO, NM_NOME_AEROPORTO, ID_ENDERECO, DT_DATA_INAUGURACAO) values (96, 'Aeroporto Internacional Rafic Hariri', 96, '2017-09-18');
insert into TB_AEROPORTO (ID_AEROPORTO, NM_NOME_AEROPORTO, ID_ENDERECO, DT_DATA_INAUGURACAO) values (97, 'Aeroporto Internacional do Cairo', 97, '2017-09-12');
insert into TB_AEROPORTO (ID_AEROPORTO, NM_NOME_AEROPORTO, ID_ENDERECO, DT_DATA_INAUGURACAO) values (98, 'Aeroporto Internacional do Kuwait', 98, '2017-09-06');
insert into TB_AEROPORTO (ID_AEROPORTO, NM_NOME_AEROPORTO, ID_ENDERECO, DT_DATA_INAUGURACAO) values (99, 'Aeroporto Internacional King Fahd', 99, '2017-07-09');
insert into TB_AEROPORTO (ID_AEROPORTO, NM_NOME_AEROPORTO, ID_ENDERECO, DT_DATA_INAUGURACAO) values (100, 'Aeroporto Internacional de Logan', 100, '2017-06-25');

-------------------------------------------------------------------------------------------------------------------------------------------------------
------------------------------------------------------- Tabela de companhias aéreas
-------------------------------------------------------------------------------------------------------------------------------------------------

insert into tb_companhia_aerea(id_companhia_aerea,nm_nome_companhia,nm_programa_milhagens) values (1,'Gol Linhas Aéreas','Gol Milhas');
insert into tb_companhia_aerea(id_companhia_aerea,nm_nome_companhia,nm_programa_milhagens) values (2,'Tam Linhas Aéreas','Tam Milhas');
insert into tb_companhia_aerea(id_companhia_aerea,nm_nome_companhia,nm_programa_milhagens) values (3,'Azul Linhas Aéreas','Azul Milhas');
insert into tb_companhia_aerea(id_companhia_aerea,nm_nome_companhia,nm_programa_milhagens) values (4,'Avianca Linhas Aéreas','Avianca Milhas');
insert into tb_companhia_aerea(id_companhia_aerea,nm_nome_companhia,nm_programa_milhagens) values (5,'Air Canada','Maple Milhas');
insert into tb_companhia_aerea(id_companhia_aerea,nm_nome_companhia,nm_programa_milhagens) values (6,'Delta Airlines','Delta Milhas');
insert into tb_companhia_aerea(id_companhia_aerea,nm_nome_companhia,nm_programa_milhagens) values (7,'American Airlines','War Milhas');
insert into tb_companhia_aerea(id_companhia_aerea,nm_nome_companhia,nm_programa_milhagens) values (8,'JetBlue Airlines','JB Milhas');
insert into tb_companhia_aerea(id_companhia_aerea,nm_nome_companhia,nm_programa_milhagens) values (9,'United Airlines','US Milhas');
insert into tb_companhia_aerea(id_companhia_aerea,nm_nome_companhia,nm_programa_milhagens) values (10,'Air Transat','Air T Milhas');
insert into tb_companhia_aerea(id_companhia_aerea,nm_nome_companhia,nm_programa_milhagens) values (11,'Air Do','Lolicon Milhas');
insert into tb_companhia_aerea(id_companhia_aerea,nm_nome_companhia,nm_programa_milhagens) values (12,'Air Asia','Asian Milhas');
insert into tb_companhia_aerea(id_companhia_aerea,nm_nome_companhia,nm_programa_milhagens) values (13,'Korean Air','K-POP Milhas');
insert into tb_companhia_aerea(id_companhia_aerea,nm_nome_companhia,nm_programa_milhagens) values (14,'Air Koryo','Kim Milhas');
insert into tb_companhia_aerea(id_companhia_aerea,nm_nome_companhia,nm_programa_milhagens) values (15,'Dragonair','Dracarys Milhas');


---------------------------------------------------------------------------------------------------------------
---------------------------------------- insert da relação entre tabelas e aeroportos ------------------------
insert into tb_operacao_aeroporto_cia_aerea (ID_AEROPORTO, ID_COMPANHIA_AEREA) values (1, 8);
insert into tb_operacao_aeroporto_cia_aerea (ID_AEROPORTO, ID_COMPANHIA_AEREA) values (2, 14);
insert into tb_operacao_aeroporto_cia_aerea (ID_AEROPORTO, ID_COMPANHIA_AEREA) values (3, 4);
insert into tb_operacao_aeroporto_cia_aerea (ID_AEROPORTO, ID_COMPANHIA_AEREA) values (4, 4);
insert into tb_operacao_aeroporto_cia_aerea (ID_AEROPORTO, ID_COMPANHIA_AEREA) values (5, 5);
insert into tb_operacao_aeroporto_cia_aerea (ID_AEROPORTO, ID_COMPANHIA_AEREA) values (6, 1);
insert into tb_operacao_aeroporto_cia_aerea (ID_AEROPORTO, ID_COMPANHIA_AEREA) values (7, 4);
insert into tb_operacao_aeroporto_cia_aerea (ID_AEROPORTO, ID_COMPANHIA_AEREA) values (8, 8);
insert into tb_operacao_aeroporto_cia_aerea (ID_AEROPORTO, ID_COMPANHIA_AEREA) values (9, 15);
insert into tb_operacao_aeroporto_cia_aerea (ID_AEROPORTO, ID_COMPANHIA_AEREA) values (10, 12);
insert into tb_operacao_aeroporto_cia_aerea (ID_AEROPORTO, ID_COMPANHIA_AEREA) values (11, 4);
insert into tb_operacao_aeroporto_cia_aerea (ID_AEROPORTO, ID_COMPANHIA_AEREA) values (12, 1);
insert into tb_operacao_aeroporto_cia_aerea (ID_AEROPORTO, ID_COMPANHIA_AEREA) values (13, 9);
insert into tb_operacao_aeroporto_cia_aerea (ID_AEROPORTO, ID_COMPANHIA_AEREA) values (14, 13);
insert into tb_operacao_aeroporto_cia_aerea (ID_AEROPORTO, ID_COMPANHIA_AEREA) values (15, 5);
insert into tb_operacao_aeroporto_cia_aerea (ID_AEROPORTO, ID_COMPANHIA_AEREA) values (16, 7);
insert into tb_operacao_aeroporto_cia_aerea (ID_AEROPORTO, ID_COMPANHIA_AEREA) values (17, 2);
insert into tb_operacao_aeroporto_cia_aerea (ID_AEROPORTO, ID_COMPANHIA_AEREA) values (18, 14);
insert into tb_operacao_aeroporto_cia_aerea (ID_AEROPORTO, ID_COMPANHIA_AEREA) values (19, 1);
insert into tb_operacao_aeroporto_cia_aerea (ID_AEROPORTO, ID_COMPANHIA_AEREA) values (20, 9);
insert into tb_operacao_aeroporto_cia_aerea (ID_AEROPORTO, ID_COMPANHIA_AEREA) values (21, 15);
insert into tb_operacao_aeroporto_cia_aerea (ID_AEROPORTO, ID_COMPANHIA_AEREA) values (22, 2);
insert into tb_operacao_aeroporto_cia_aerea (ID_AEROPORTO, ID_COMPANHIA_AEREA) values (23, 4);
insert into tb_operacao_aeroporto_cia_aerea (ID_AEROPORTO, ID_COMPANHIA_AEREA) values (24, 12);
insert into tb_operacao_aeroporto_cia_aerea (ID_AEROPORTO, ID_COMPANHIA_AEREA) values (25, 4);
insert into tb_operacao_aeroporto_cia_aerea (ID_AEROPORTO, ID_COMPANHIA_AEREA) values (26, 1);
insert into tb_operacao_aeroporto_cia_aerea (ID_AEROPORTO, ID_COMPANHIA_AEREA) values (27, 3);
insert into tb_operacao_aeroporto_cia_aerea (ID_AEROPORTO, ID_COMPANHIA_AEREA) values (28, 13);
insert into tb_operacao_aeroporto_cia_aerea (ID_AEROPORTO, ID_COMPANHIA_AEREA) values (29, 1);
insert into tb_operacao_aeroporto_cia_aerea (ID_AEROPORTO, ID_COMPANHIA_AEREA) values (30, 12);
insert into tb_operacao_aeroporto_cia_aerea (ID_AEROPORTO, ID_COMPANHIA_AEREA) values (31, 10);
insert into tb_operacao_aeroporto_cia_aerea (ID_AEROPORTO, ID_COMPANHIA_AEREA) values (32, 7);
insert into tb_operacao_aeroporto_cia_aerea (ID_AEROPORTO, ID_COMPANHIA_AEREA) values (33, 7);
insert into tb_operacao_aeroporto_cia_aerea (ID_AEROPORTO, ID_COMPANHIA_AEREA) values (34, 6);
insert into tb_operacao_aeroporto_cia_aerea (ID_AEROPORTO, ID_COMPANHIA_AEREA) values (35, 4);
insert into tb_operacao_aeroporto_cia_aerea (ID_AEROPORTO, ID_COMPANHIA_AEREA) values (36, 12);
insert into tb_operacao_aeroporto_cia_aerea (ID_AEROPORTO, ID_COMPANHIA_AEREA) values (37, 3);
insert into tb_operacao_aeroporto_cia_aerea (ID_AEROPORTO, ID_COMPANHIA_AEREA) values (38, 14);
insert into tb_operacao_aeroporto_cia_aerea (ID_AEROPORTO, ID_COMPANHIA_AEREA) values (39, 12);
insert into tb_operacao_aeroporto_cia_aerea (ID_AEROPORTO, ID_COMPANHIA_AEREA) values (40, 15);
insert into tb_operacao_aeroporto_cia_aerea (ID_AEROPORTO, ID_COMPANHIA_AEREA) values (41, 4);
insert into tb_operacao_aeroporto_cia_aerea (ID_AEROPORTO, ID_COMPANHIA_AEREA) values (42, 11);
insert into tb_operacao_aeroporto_cia_aerea (ID_AEROPORTO, ID_COMPANHIA_AEREA) values (43, 13);
insert into tb_operacao_aeroporto_cia_aerea (ID_AEROPORTO, ID_COMPANHIA_AEREA) values (44, 13);
insert into tb_operacao_aeroporto_cia_aerea (ID_AEROPORTO, ID_COMPANHIA_AEREA) values (45, 3);
insert into tb_operacao_aeroporto_cia_aerea (ID_AEROPORTO, ID_COMPANHIA_AEREA) values (46, 3);
insert into tb_operacao_aeroporto_cia_aerea (ID_AEROPORTO, ID_COMPANHIA_AEREA) values (47, 8);
insert into tb_operacao_aeroporto_cia_aerea (ID_AEROPORTO, ID_COMPANHIA_AEREA) values (48, 15);
insert into tb_operacao_aeroporto_cia_aerea (ID_AEROPORTO, ID_COMPANHIA_AEREA) values (49, 1);
insert into tb_operacao_aeroporto_cia_aerea (ID_AEROPORTO, ID_COMPANHIA_AEREA) values (50, 14);
insert into tb_operacao_aeroporto_cia_aerea (ID_AEROPORTO, ID_COMPANHIA_AEREA) values (51, 13);
insert into tb_operacao_aeroporto_cia_aerea (ID_AEROPORTO, ID_COMPANHIA_AEREA) values (52, 2);
insert into tb_operacao_aeroporto_cia_aerea (ID_AEROPORTO, ID_COMPANHIA_AEREA) values (53, 15);
insert into tb_operacao_aeroporto_cia_aerea (ID_AEROPORTO, ID_COMPANHIA_AEREA) values (54, 8);
insert into tb_operacao_aeroporto_cia_aerea (ID_AEROPORTO, ID_COMPANHIA_AEREA) values (55, 4);
insert into tb_operacao_aeroporto_cia_aerea (ID_AEROPORTO, ID_COMPANHIA_AEREA) values (56, 14);
insert into tb_operacao_aeroporto_cia_aerea (ID_AEROPORTO, ID_COMPANHIA_AEREA) values (57, 11);
insert into tb_operacao_aeroporto_cia_aerea (ID_AEROPORTO, ID_COMPANHIA_AEREA) values (58, 11);
insert into tb_operacao_aeroporto_cia_aerea (ID_AEROPORTO, ID_COMPANHIA_AEREA) values (59, 7);
insert into tb_operacao_aeroporto_cia_aerea (ID_AEROPORTO, ID_COMPANHIA_AEREA) values (60, 11);
insert into tb_operacao_aeroporto_cia_aerea (ID_AEROPORTO, ID_COMPANHIA_AEREA) values (61, 5);
insert into tb_operacao_aeroporto_cia_aerea (ID_AEROPORTO, ID_COMPANHIA_AEREA) values (62, 12);
insert into tb_operacao_aeroporto_cia_aerea (ID_AEROPORTO, ID_COMPANHIA_AEREA) values (63, 14);
insert into tb_operacao_aeroporto_cia_aerea (ID_AEROPORTO, ID_COMPANHIA_AEREA) values (64, 3);
insert into tb_operacao_aeroporto_cia_aerea (ID_AEROPORTO, ID_COMPANHIA_AEREA) values (65, 6);
insert into tb_operacao_aeroporto_cia_aerea (ID_AEROPORTO, ID_COMPANHIA_AEREA) values (66, 9);
insert into tb_operacao_aeroporto_cia_aerea (ID_AEROPORTO, ID_COMPANHIA_AEREA) values (67, 14);
insert into tb_operacao_aeroporto_cia_aerea (ID_AEROPORTO, ID_COMPANHIA_AEREA) values (68, 2);
insert into tb_operacao_aeroporto_cia_aerea (ID_AEROPORTO, ID_COMPANHIA_AEREA) values (69, 5);
insert into tb_operacao_aeroporto_cia_aerea (ID_AEROPORTO, ID_COMPANHIA_AEREA) values (70, 2);
insert into tb_operacao_aeroporto_cia_aerea (ID_AEROPORTO, ID_COMPANHIA_AEREA) values (71, 11);
insert into tb_operacao_aeroporto_cia_aerea (ID_AEROPORTO, ID_COMPANHIA_AEREA) values (72, 14);
insert into tb_operacao_aeroporto_cia_aerea (ID_AEROPORTO, ID_COMPANHIA_AEREA) values (73, 14);
insert into tb_operacao_aeroporto_cia_aerea (ID_AEROPORTO, ID_COMPANHIA_AEREA) values (74, 4);
insert into tb_operacao_aeroporto_cia_aerea (ID_AEROPORTO, ID_COMPANHIA_AEREA) values (75, 7);
insert into tb_operacao_aeroporto_cia_aerea (ID_AEROPORTO, ID_COMPANHIA_AEREA) values (76, 12);
insert into tb_operacao_aeroporto_cia_aerea (ID_AEROPORTO, ID_COMPANHIA_AEREA) values (77, 2);
insert into tb_operacao_aeroporto_cia_aerea (ID_AEROPORTO, ID_COMPANHIA_AEREA) values (78, 1);
insert into tb_operacao_aeroporto_cia_aerea (ID_AEROPORTO, ID_COMPANHIA_AEREA) values (79, 7);
insert into tb_operacao_aeroporto_cia_aerea (ID_AEROPORTO, ID_COMPANHIA_AEREA) values (80, 15);
insert into tb_operacao_aeroporto_cia_aerea (ID_AEROPORTO, ID_COMPANHIA_AEREA) values (81, 9);
insert into tb_operacao_aeroporto_cia_aerea (ID_AEROPORTO, ID_COMPANHIA_AEREA) values (82, 2);
insert into tb_operacao_aeroporto_cia_aerea (ID_AEROPORTO, ID_COMPANHIA_AEREA) values (83, 3);
insert into tb_operacao_aeroporto_cia_aerea (ID_AEROPORTO, ID_COMPANHIA_AEREA) values (84, 4);
insert into tb_operacao_aeroporto_cia_aerea (ID_AEROPORTO, ID_COMPANHIA_AEREA) values (85, 14);
insert into tb_operacao_aeroporto_cia_aerea (ID_AEROPORTO, ID_COMPANHIA_AEREA) values (86, 13);
insert into tb_operacao_aeroporto_cia_aerea (ID_AEROPORTO, ID_COMPANHIA_AEREA) values (87, 9);
insert into tb_operacao_aeroporto_cia_aerea (ID_AEROPORTO, ID_COMPANHIA_AEREA) values (88, 2);
insert into tb_operacao_aeroporto_cia_aerea (ID_AEROPORTO, ID_COMPANHIA_AEREA) values (89, 6);
insert into tb_operacao_aeroporto_cia_aerea (ID_AEROPORTO, ID_COMPANHIA_AEREA) values (90, 7);
insert into tb_operacao_aeroporto_cia_aerea (ID_AEROPORTO, ID_COMPANHIA_AEREA) values (91, 9);
insert into tb_operacao_aeroporto_cia_aerea (ID_AEROPORTO, ID_COMPANHIA_AEREA) values (92, 4);
insert into tb_operacao_aeroporto_cia_aerea (ID_AEROPORTO, ID_COMPANHIA_AEREA) values (93, 13);
insert into tb_operacao_aeroporto_cia_aerea (ID_AEROPORTO, ID_COMPANHIA_AEREA) values (94, 2);
insert into tb_operacao_aeroporto_cia_aerea (ID_AEROPORTO, ID_COMPANHIA_AEREA) values (95, 1);
insert into tb_operacao_aeroporto_cia_aerea (ID_AEROPORTO, ID_COMPANHIA_AEREA) values (96, 1);
insert into tb_operacao_aeroporto_cia_aerea (ID_AEROPORTO, ID_COMPANHIA_AEREA) values (97, 1);
insert into tb_operacao_aeroporto_cia_aerea (ID_AEROPORTO, ID_COMPANHIA_AEREA) values (98, 10);
insert into tb_operacao_aeroporto_cia_aerea (ID_AEROPORTO, ID_COMPANHIA_AEREA) values (99, 3);

------------------------------------------------------------------------------------------------------
--------------------------------------------- INSERTS  TB_VOO
--------------------------------------------------------------------------------------------------------------

insert into TB_VOO (ID_VOO, NR_VOO, ID_AEROPORTO_ORIGEM, ID_AEROPORTO_DESTINO, ID_COMPANHIA_AEREA) values (1, 12727, 27, 85, 13);
insert into TB_VOO (ID_VOO, NR_VOO, ID_AEROPORTO_ORIGEM, ID_AEROPORTO_DESTINO, ID_COMPANHIA_AEREA) values (2, 28130, 22, 21, 11);
insert into TB_VOO (ID_VOO, NR_VOO, ID_AEROPORTO_ORIGEM, ID_AEROPORTO_DESTINO, ID_COMPANHIA_AEREA) values (3, 95070, 17, 76, 6);
insert into TB_VOO (ID_VOO, NR_VOO, ID_AEROPORTO_ORIGEM, ID_AEROPORTO_DESTINO, ID_COMPANHIA_AEREA) values (4, 96063, 35, 2, 12);
insert into TB_VOO (ID_VOO, NR_VOO, ID_AEROPORTO_ORIGEM, ID_AEROPORTO_DESTINO, ID_COMPANHIA_AEREA) values (5, 61777, 17, 22, 8);
insert into TB_VOO (ID_VOO, NR_VOO, ID_AEROPORTO_ORIGEM, ID_AEROPORTO_DESTINO, ID_COMPANHIA_AEREA) values (6, 67008, 78, 74, 8);
insert into TB_VOO (ID_VOO, NR_VOO, ID_AEROPORTO_ORIGEM, ID_AEROPORTO_DESTINO, ID_COMPANHIA_AEREA) values (7, 59482, 86, 89, 5);
insert into TB_VOO (ID_VOO, NR_VOO, ID_AEROPORTO_ORIGEM, ID_AEROPORTO_DESTINO, ID_COMPANHIA_AEREA) values (8, 21811, 31, 85, 15);
insert into TB_VOO (ID_VOO, NR_VOO, ID_AEROPORTO_ORIGEM, ID_AEROPORTO_DESTINO, ID_COMPANHIA_AEREA) values (9, 78156, 91, 90, 14);
insert into TB_VOO (ID_VOO, NR_VOO, ID_AEROPORTO_ORIGEM, ID_AEROPORTO_DESTINO, ID_COMPANHIA_AEREA) values (10, 98535, 43, 15, 9);
insert into TB_VOO (ID_VOO, NR_VOO, ID_AEROPORTO_ORIGEM, ID_AEROPORTO_DESTINO, ID_COMPANHIA_AEREA) values (11, 10124, 10, 32, 10);
insert into TB_VOO (ID_VOO, NR_VOO, ID_AEROPORTO_ORIGEM, ID_AEROPORTO_DESTINO, ID_COMPANHIA_AEREA) values (12, 99025, 31, 2, 15);
insert into TB_VOO (ID_VOO, NR_VOO, ID_AEROPORTO_ORIGEM, ID_AEROPORTO_DESTINO, ID_COMPANHIA_AEREA) values (13, 91155, 48, 89, 11);
insert into TB_VOO (ID_VOO, NR_VOO, ID_AEROPORTO_ORIGEM, ID_AEROPORTO_DESTINO, ID_COMPANHIA_AEREA) values (14, 50767, 96, 78, 10);
insert into TB_VOO (ID_VOO, NR_VOO, ID_AEROPORTO_ORIGEM, ID_AEROPORTO_DESTINO, ID_COMPANHIA_AEREA) values (15, 86660, 60, 2, 7);
insert into TB_VOO (ID_VOO, NR_VOO, ID_AEROPORTO_ORIGEM, ID_AEROPORTO_DESTINO, ID_COMPANHIA_AEREA) values (16, 50444, 86, 87, 15);
insert into TB_VOO (ID_VOO, NR_VOO, ID_AEROPORTO_ORIGEM, ID_AEROPORTO_DESTINO, ID_COMPANHIA_AEREA) values (17, 44060, 68, 19, 7);
insert into TB_VOO (ID_VOO, NR_VOO, ID_AEROPORTO_ORIGEM, ID_AEROPORTO_DESTINO, ID_COMPANHIA_AEREA) values (18, 55781, 35, 38, 8);
insert into TB_VOO (ID_VOO, NR_VOO, ID_AEROPORTO_ORIGEM, ID_AEROPORTO_DESTINO, ID_COMPANHIA_AEREA) values (19, 37189, 35, 8, 6);
insert into TB_VOO (ID_VOO, NR_VOO, ID_AEROPORTO_ORIGEM, ID_AEROPORTO_DESTINO, ID_COMPANHIA_AEREA) values (20, 59467, 18, 98, 5);
insert into TB_VOO (ID_VOO, NR_VOO, ID_AEROPORTO_ORIGEM, ID_AEROPORTO_DESTINO, ID_COMPANHIA_AEREA) values (21, 77424, 46, 30, 5);
insert into TB_VOO (ID_VOO, NR_VOO, ID_AEROPORTO_ORIGEM, ID_AEROPORTO_DESTINO, ID_COMPANHIA_AEREA) values (22, 18032, 32, 75, 5);
insert into TB_VOO (ID_VOO, NR_VOO, ID_AEROPORTO_ORIGEM, ID_AEROPORTO_DESTINO, ID_COMPANHIA_AEREA) values (23, 11547, 46, 53, 3);
insert into TB_VOO (ID_VOO, NR_VOO, ID_AEROPORTO_ORIGEM, ID_AEROPORTO_DESTINO, ID_COMPANHIA_AEREA) values (24, 22313, 35, 25, 7);
insert into TB_VOO (ID_VOO, NR_VOO, ID_AEROPORTO_ORIGEM, ID_AEROPORTO_DESTINO, ID_COMPANHIA_AEREA) values (25, 16990, 60, 43, 13);
insert into TB_VOO (ID_VOO, NR_VOO, ID_AEROPORTO_ORIGEM, ID_AEROPORTO_DESTINO, ID_COMPANHIA_AEREA) values (26, 12837, 82, 38, 10);
insert into TB_VOO (ID_VOO, NR_VOO, ID_AEROPORTO_ORIGEM, ID_AEROPORTO_DESTINO, ID_COMPANHIA_AEREA) values (27, 73772, 61, 25, 11);
insert into TB_VOO (ID_VOO, NR_VOO, ID_AEROPORTO_ORIGEM, ID_AEROPORTO_DESTINO, ID_COMPANHIA_AEREA) values (28, 72021, 10, 91, 9);
insert into TB_VOO (ID_VOO, NR_VOO, ID_AEROPORTO_ORIGEM, ID_AEROPORTO_DESTINO, ID_COMPANHIA_AEREA) values (29, 73518, 98, 34, 7);
insert into TB_VOO (ID_VOO, NR_VOO, ID_AEROPORTO_ORIGEM, ID_AEROPORTO_DESTINO, ID_COMPANHIA_AEREA) values (30, 39461, 8, 20, 10);
insert into TB_VOO (ID_VOO, NR_VOO, ID_AEROPORTO_ORIGEM, ID_AEROPORTO_DESTINO, ID_COMPANHIA_AEREA) values (31, 24843, 19, 84, 3);
insert into TB_VOO (ID_VOO, NR_VOO, ID_AEROPORTO_ORIGEM, ID_AEROPORTO_DESTINO, ID_COMPANHIA_AEREA) values (32, 37512, 6, 51, 10);
insert into TB_VOO (ID_VOO, NR_VOO, ID_AEROPORTO_ORIGEM, ID_AEROPORTO_DESTINO, ID_COMPANHIA_AEREA) values (33, 70409, 20, 24, 11);
insert into TB_VOO (ID_VOO, NR_VOO, ID_AEROPORTO_ORIGEM, ID_AEROPORTO_DESTINO, ID_COMPANHIA_AEREA) values (34, 12904, 17, 49, 9);
insert into TB_VOO (ID_VOO, NR_VOO, ID_AEROPORTO_ORIGEM, ID_AEROPORTO_DESTINO, ID_COMPANHIA_AEREA) values (35, 92626, 28, 11, 13);
insert into TB_VOO (ID_VOO, NR_VOO, ID_AEROPORTO_ORIGEM, ID_AEROPORTO_DESTINO, ID_COMPANHIA_AEREA) values (36, 96410, 91, 16, 9);
insert into TB_VOO (ID_VOO, NR_VOO, ID_AEROPORTO_ORIGEM, ID_AEROPORTO_DESTINO, ID_COMPANHIA_AEREA) values (37, 87490, 43, 64, 11);
insert into TB_VOO (ID_VOO, NR_VOO, ID_AEROPORTO_ORIGEM, ID_AEROPORTO_DESTINO, ID_COMPANHIA_AEREA) values (38, 65857, 85, 38, 11);
insert into TB_VOO (ID_VOO, NR_VOO, ID_AEROPORTO_ORIGEM, ID_AEROPORTO_DESTINO, ID_COMPANHIA_AEREA) values (39, 22569, 94, 23, 11);
insert into TB_VOO (ID_VOO, NR_VOO, ID_AEROPORTO_ORIGEM, ID_AEROPORTO_DESTINO, ID_COMPANHIA_AEREA) values (40, 54406, 16, 48, 4);
insert into TB_VOO (ID_VOO, NR_VOO, ID_AEROPORTO_ORIGEM, ID_AEROPORTO_DESTINO, ID_COMPANHIA_AEREA) values (41, 31069, 95, 54, 2);
insert into TB_VOO (ID_VOO, NR_VOO, ID_AEROPORTO_ORIGEM, ID_AEROPORTO_DESTINO, ID_COMPANHIA_AEREA) values (42, 65825, 55, 50, 2);
insert into TB_VOO (ID_VOO, NR_VOO, ID_AEROPORTO_ORIGEM, ID_AEROPORTO_DESTINO, ID_COMPANHIA_AEREA) values (43, 95512, 69, 83, 12);
insert into TB_VOO (ID_VOO, NR_VOO, ID_AEROPORTO_ORIGEM, ID_AEROPORTO_DESTINO, ID_COMPANHIA_AEREA) values (44, 34603, 28, 68, 6);
insert into TB_VOO (ID_VOO, NR_VOO, ID_AEROPORTO_ORIGEM, ID_AEROPORTO_DESTINO, ID_COMPANHIA_AEREA) values (45, 16900, 23, 29, 3);
insert into TB_VOO (ID_VOO, NR_VOO, ID_AEROPORTO_ORIGEM, ID_AEROPORTO_DESTINO, ID_COMPANHIA_AEREA) values (46, 71067, 36, 7, 9);
insert into TB_VOO (ID_VOO, NR_VOO, ID_AEROPORTO_ORIGEM, ID_AEROPORTO_DESTINO, ID_COMPANHIA_AEREA) values (47, 69177, 88, 16, 6);
insert into TB_VOO (ID_VOO, NR_VOO, ID_AEROPORTO_ORIGEM, ID_AEROPORTO_DESTINO, ID_COMPANHIA_AEREA) values (48, 88848, 55, 94, 10);
insert into TB_VOO (ID_VOO, NR_VOO, ID_AEROPORTO_ORIGEM, ID_AEROPORTO_DESTINO, ID_COMPANHIA_AEREA) values (49, 10793, 70, 36, 12);
insert into TB_VOO (ID_VOO, NR_VOO, ID_AEROPORTO_ORIGEM, ID_AEROPORTO_DESTINO, ID_COMPANHIA_AEREA) values (50, 70330, 26, 92, 8);
insert into TB_VOO (ID_VOO, NR_VOO, ID_AEROPORTO_ORIGEM, ID_AEROPORTO_DESTINO, ID_COMPANHIA_AEREA) values (51, 23473, 12, 80, 7);
insert into TB_VOO (ID_VOO, NR_VOO, ID_AEROPORTO_ORIGEM, ID_AEROPORTO_DESTINO, ID_COMPANHIA_AEREA) values (52, 62925, 56, 51, 11);
insert into TB_VOO (ID_VOO, NR_VOO, ID_AEROPORTO_ORIGEM, ID_AEROPORTO_DESTINO, ID_COMPANHIA_AEREA) values (53, 58252, 42, 53, 6);
insert into TB_VOO (ID_VOO, NR_VOO, ID_AEROPORTO_ORIGEM, ID_AEROPORTO_DESTINO, ID_COMPANHIA_AEREA) values (54, 72836, 44, 64, 4);
insert into TB_VOO (ID_VOO, NR_VOO, ID_AEROPORTO_ORIGEM, ID_AEROPORTO_DESTINO, ID_COMPANHIA_AEREA) values (55, 70709, 24, 45, 11);
insert into TB_VOO (ID_VOO, NR_VOO, ID_AEROPORTO_ORIGEM, ID_AEROPORTO_DESTINO, ID_COMPANHIA_AEREA) values (56, 68027, 28, 21, 12);
insert into TB_VOO (ID_VOO, NR_VOO, ID_AEROPORTO_ORIGEM, ID_AEROPORTO_DESTINO, ID_COMPANHIA_AEREA) values (57, 34886, 68, 87, 12);
insert into TB_VOO (ID_VOO, NR_VOO, ID_AEROPORTO_ORIGEM, ID_AEROPORTO_DESTINO, ID_COMPANHIA_AEREA) values (58, 71312, 11, 19, 13);
insert into TB_VOO (ID_VOO, NR_VOO, ID_AEROPORTO_ORIGEM, ID_AEROPORTO_DESTINO, ID_COMPANHIA_AEREA) values (59, 58133, 62, 57, 10);
insert into TB_VOO (ID_VOO, NR_VOO, ID_AEROPORTO_ORIGEM, ID_AEROPORTO_DESTINO, ID_COMPANHIA_AEREA) values (60, 19320, 87, 14, 14);
insert into TB_VOO (ID_VOO, NR_VOO, ID_AEROPORTO_ORIGEM, ID_AEROPORTO_DESTINO, ID_COMPANHIA_AEREA) values (61, 96573, 47, 79, 10);
insert into TB_VOO (ID_VOO, NR_VOO, ID_AEROPORTO_ORIGEM, ID_AEROPORTO_DESTINO, ID_COMPANHIA_AEREA) values (62, 87158, 51, 82, 8);
insert into TB_VOO (ID_VOO, NR_VOO, ID_AEROPORTO_ORIGEM, ID_AEROPORTO_DESTINO, ID_COMPANHIA_AEREA) values (63, 35467, 2, 7, 2);
insert into TB_VOO (ID_VOO, NR_VOO, ID_AEROPORTO_ORIGEM, ID_AEROPORTO_DESTINO, ID_COMPANHIA_AEREA) values (64, 23027, 78, 97, 9);
insert into TB_VOO (ID_VOO, NR_VOO, ID_AEROPORTO_ORIGEM, ID_AEROPORTO_DESTINO, ID_COMPANHIA_AEREA) values (65, 54608, 39, 67, 15);
insert into TB_VOO (ID_VOO, NR_VOO, ID_AEROPORTO_ORIGEM, ID_AEROPORTO_DESTINO, ID_COMPANHIA_AEREA) values (66, 92672, 98, 57, 14);
insert into TB_VOO (ID_VOO, NR_VOO, ID_AEROPORTO_ORIGEM, ID_AEROPORTO_DESTINO, ID_COMPANHIA_AEREA) values (67, 12550, 66, 99, 3);
insert into TB_VOO (ID_VOO, NR_VOO, ID_AEROPORTO_ORIGEM, ID_AEROPORTO_DESTINO, ID_COMPANHIA_AEREA) values (68, 29742, 20, 24, 2);
insert into TB_VOO (ID_VOO, NR_VOO, ID_AEROPORTO_ORIGEM, ID_AEROPORTO_DESTINO, ID_COMPANHIA_AEREA) values (69, 93682, 66, 44, 4);
insert into TB_VOO (ID_VOO, NR_VOO, ID_AEROPORTO_ORIGEM, ID_AEROPORTO_DESTINO, ID_COMPANHIA_AEREA) values (70, 25521, 33, 65, 2);
insert into TB_VOO (ID_VOO, NR_VOO, ID_AEROPORTO_ORIGEM, ID_AEROPORTO_DESTINO, ID_COMPANHIA_AEREA) values (71, 84038, 91, 93, 14);
insert into TB_VOO (ID_VOO, NR_VOO, ID_AEROPORTO_ORIGEM, ID_AEROPORTO_DESTINO, ID_COMPANHIA_AEREA) values (72, 41716, 83, 49, 9);
insert into TB_VOO (ID_VOO, NR_VOO, ID_AEROPORTO_ORIGEM, ID_AEROPORTO_DESTINO, ID_COMPANHIA_AEREA) values (73, 66771, 12, 97, 1);
insert into TB_VOO (ID_VOO, NR_VOO, ID_AEROPORTO_ORIGEM, ID_AEROPORTO_DESTINO, ID_COMPANHIA_AEREA) values (74, 57368, 61, 10, 11);
insert into TB_VOO (ID_VOO, NR_VOO, ID_AEROPORTO_ORIGEM, ID_AEROPORTO_DESTINO, ID_COMPANHIA_AEREA) values (75, 14452, 29, 89, 10);
insert into TB_VOO (ID_VOO, NR_VOO, ID_AEROPORTO_ORIGEM, ID_AEROPORTO_DESTINO, ID_COMPANHIA_AEREA) values (76, 12546, 36, 88, 7);
insert into TB_VOO (ID_VOO, NR_VOO, ID_AEROPORTO_ORIGEM, ID_AEROPORTO_DESTINO, ID_COMPANHIA_AEREA) values (77, 27818, 27, 36, 6);
insert into TB_VOO (ID_VOO, NR_VOO, ID_AEROPORTO_ORIGEM, ID_AEROPORTO_DESTINO, ID_COMPANHIA_AEREA) values (78, 81576, 26, 48, 9);
insert into TB_VOO (ID_VOO, NR_VOO, ID_AEROPORTO_ORIGEM, ID_AEROPORTO_DESTINO, ID_COMPANHIA_AEREA) values (79, 83653, 3, 37, 2);
insert into TB_VOO (ID_VOO, NR_VOO, ID_AEROPORTO_ORIGEM, ID_AEROPORTO_DESTINO, ID_COMPANHIA_AEREA) values (80, 25171, 22, 14, 13);
insert into TB_VOO (ID_VOO, NR_VOO, ID_AEROPORTO_ORIGEM, ID_AEROPORTO_DESTINO, ID_COMPANHIA_AEREA) values (81, 10077, 2, 78, 8);
insert into TB_VOO (ID_VOO, NR_VOO, ID_AEROPORTO_ORIGEM, ID_AEROPORTO_DESTINO, ID_COMPANHIA_AEREA) values (82, 10280, 34, 33, 14);
insert into TB_VOO (ID_VOO, NR_VOO, ID_AEROPORTO_ORIGEM, ID_AEROPORTO_DESTINO, ID_COMPANHIA_AEREA) values (83, 40903, 2, 77, 14);
insert into TB_VOO (ID_VOO, NR_VOO, ID_AEROPORTO_ORIGEM, ID_AEROPORTO_DESTINO, ID_COMPANHIA_AEREA) values (84, 57303, 95, 68, 12);
insert into TB_VOO (ID_VOO, NR_VOO, ID_AEROPORTO_ORIGEM, ID_AEROPORTO_DESTINO, ID_COMPANHIA_AEREA) values (85, 96151, 71, 47, 8);
insert into TB_VOO (ID_VOO, NR_VOO, ID_AEROPORTO_ORIGEM, ID_AEROPORTO_DESTINO, ID_COMPANHIA_AEREA) values (86, 19083, 22, 81, 11);
insert into TB_VOO (ID_VOO, NR_VOO, ID_AEROPORTO_ORIGEM, ID_AEROPORTO_DESTINO, ID_COMPANHIA_AEREA) values (87, 38102, 18, 49, 8);
insert into TB_VOO (ID_VOO, NR_VOO, ID_AEROPORTO_ORIGEM, ID_AEROPORTO_DESTINO, ID_COMPANHIA_AEREA) values (88, 51690, 47, 63, 5);
insert into TB_VOO (ID_VOO, NR_VOO, ID_AEROPORTO_ORIGEM, ID_AEROPORTO_DESTINO, ID_COMPANHIA_AEREA) values (89, 32633, 47, 8, 11);
insert into TB_VOO (ID_VOO, NR_VOO, ID_AEROPORTO_ORIGEM, ID_AEROPORTO_DESTINO, ID_COMPANHIA_AEREA) values (90, 47457, 38, 63, 11);
insert into TB_VOO (ID_VOO, NR_VOO, ID_AEROPORTO_ORIGEM, ID_AEROPORTO_DESTINO, ID_COMPANHIA_AEREA) values (91, 91866, 55, 94, 8);
insert into TB_VOO (ID_VOO, NR_VOO, ID_AEROPORTO_ORIGEM, ID_AEROPORTO_DESTINO, ID_COMPANHIA_AEREA) values (92, 60235, 71, 37, 1);
insert into TB_VOO (ID_VOO, NR_VOO, ID_AEROPORTO_ORIGEM, ID_AEROPORTO_DESTINO, ID_COMPANHIA_AEREA) values (93, 20020, 66, 61, 10);
insert into TB_VOO (ID_VOO, NR_VOO, ID_AEROPORTO_ORIGEM, ID_AEROPORTO_DESTINO, ID_COMPANHIA_AEREA) values (94, 38926, 99, 54, 13);
insert into TB_VOO (ID_VOO, NR_VOO, ID_AEROPORTO_ORIGEM, ID_AEROPORTO_DESTINO, ID_COMPANHIA_AEREA) values (95, 65091, 80, 6, 9);
insert into TB_VOO (ID_VOO, NR_VOO, ID_AEROPORTO_ORIGEM, ID_AEROPORTO_DESTINO, ID_COMPANHIA_AEREA) values (96, 86263, 90, 32, 7);
insert into TB_VOO (ID_VOO, NR_VOO, ID_AEROPORTO_ORIGEM, ID_AEROPORTO_DESTINO, ID_COMPANHIA_AEREA) values (97, 51117, 9, 68, 4);
insert into TB_VOO (ID_VOO, NR_VOO, ID_AEROPORTO_ORIGEM, ID_AEROPORTO_DESTINO, ID_COMPANHIA_AEREA) values (98, 61355, 7, 80, 3);
insert into TB_VOO (ID_VOO, NR_VOO, ID_AEROPORTO_ORIGEM, ID_AEROPORTO_DESTINO, ID_COMPANHIA_AEREA) values (99, 85531, 14, 39, 2);
insert into TB_VOO (ID_VOO, NR_VOO, ID_AEROPORTO_ORIGEM, ID_AEROPORTO_DESTINO, ID_COMPANHIA_AEREA) values (100, 86688, 87, 95, 9);
insert into TB_VOO (ID_VOO, NR_VOO, ID_AEROPORTO_ORIGEM, ID_AEROPORTO_DESTINO, ID_COMPANHIA_AEREA) values (101, 50451, 26, 56, 13);
insert into TB_VOO (ID_VOO, NR_VOO, ID_AEROPORTO_ORIGEM, ID_AEROPORTO_DESTINO, ID_COMPANHIA_AEREA) values (102, 17986, 77, 25, 7);
insert into TB_VOO (ID_VOO, NR_VOO, ID_AEROPORTO_ORIGEM, ID_AEROPORTO_DESTINO, ID_COMPANHIA_AEREA) values (103, 92172, 8, 54, 1);
insert into TB_VOO (ID_VOO, NR_VOO, ID_AEROPORTO_ORIGEM, ID_AEROPORTO_DESTINO, ID_COMPANHIA_AEREA) values (104, 82485, 59, 19, 15);
insert into TB_VOO (ID_VOO, NR_VOO, ID_AEROPORTO_ORIGEM, ID_AEROPORTO_DESTINO, ID_COMPANHIA_AEREA) values (105, 59138, 90, 15, 15);
insert into TB_VOO (ID_VOO, NR_VOO, ID_AEROPORTO_ORIGEM, ID_AEROPORTO_DESTINO, ID_COMPANHIA_AEREA) values (106, 62837, 29, 8, 13);
insert into TB_VOO (ID_VOO, NR_VOO, ID_AEROPORTO_ORIGEM, ID_AEROPORTO_DESTINO, ID_COMPANHIA_AEREA) values (107, 67121, 11, 66, 1);
insert into TB_VOO (ID_VOO, NR_VOO, ID_AEROPORTO_ORIGEM, ID_AEROPORTO_DESTINO, ID_COMPANHIA_AEREA) values (108, 90184, 99, 33, 13);
insert into TB_VOO (ID_VOO, NR_VOO, ID_AEROPORTO_ORIGEM, ID_AEROPORTO_DESTINO, ID_COMPANHIA_AEREA) values (109, 63842, 70, 66, 10);
insert into TB_VOO (ID_VOO, NR_VOO, ID_AEROPORTO_ORIGEM, ID_AEROPORTO_DESTINO, ID_COMPANHIA_AEREA) values (110, 88889, 39, 6, 8);
insert into TB_VOO (ID_VOO, NR_VOO, ID_AEROPORTO_ORIGEM, ID_AEROPORTO_DESTINO, ID_COMPANHIA_AEREA) values (111, 57512, 17, 33, 4);
insert into TB_VOO (ID_VOO, NR_VOO, ID_AEROPORTO_ORIGEM, ID_AEROPORTO_DESTINO, ID_COMPANHIA_AEREA) values (112, 62425, 12, 30, 5);
insert into TB_VOO (ID_VOO, NR_VOO, ID_AEROPORTO_ORIGEM, ID_AEROPORTO_DESTINO, ID_COMPANHIA_AEREA) values (113, 63429, 3, 42, 4);
insert into TB_VOO (ID_VOO, NR_VOO, ID_AEROPORTO_ORIGEM, ID_AEROPORTO_DESTINO, ID_COMPANHIA_AEREA) values (114, 84874, 98, 89, 2);
insert into TB_VOO (ID_VOO, NR_VOO, ID_AEROPORTO_ORIGEM, ID_AEROPORTO_DESTINO, ID_COMPANHIA_AEREA) values (115, 99827, 10, 79, 3);
insert into TB_VOO (ID_VOO, NR_VOO, ID_AEROPORTO_ORIGEM, ID_AEROPORTO_DESTINO, ID_COMPANHIA_AEREA) values (116, 61571, 88, 12, 11);
insert into TB_VOO (ID_VOO, NR_VOO, ID_AEROPORTO_ORIGEM, ID_AEROPORTO_DESTINO, ID_COMPANHIA_AEREA) values (117, 54749, 82, 21, 15);
insert into TB_VOO (ID_VOO, NR_VOO, ID_AEROPORTO_ORIGEM, ID_AEROPORTO_DESTINO, ID_COMPANHIA_AEREA) values (118, 48848, 54, 18, 12);
insert into TB_VOO (ID_VOO, NR_VOO, ID_AEROPORTO_ORIGEM, ID_AEROPORTO_DESTINO, ID_COMPANHIA_AEREA) values (119, 87174, 36, 23, 4);
insert into TB_VOO (ID_VOO, NR_VOO, ID_AEROPORTO_ORIGEM, ID_AEROPORTO_DESTINO, ID_COMPANHIA_AEREA) values (120, 33362, 41, 91, 3);
insert into TB_VOO (ID_VOO, NR_VOO, ID_AEROPORTO_ORIGEM, ID_AEROPORTO_DESTINO, ID_COMPANHIA_AEREA) values (121, 91229, 36, 56, 14);
insert into TB_VOO (ID_VOO, NR_VOO, ID_AEROPORTO_ORIGEM, ID_AEROPORTO_DESTINO, ID_COMPANHIA_AEREA) values (122, 92139, 25, 31, 13);
insert into TB_VOO (ID_VOO, NR_VOO, ID_AEROPORTO_ORIGEM, ID_AEROPORTO_DESTINO, ID_COMPANHIA_AEREA) values (123, 91219, 61, 77, 3);
insert into TB_VOO (ID_VOO, NR_VOO, ID_AEROPORTO_ORIGEM, ID_AEROPORTO_DESTINO, ID_COMPANHIA_AEREA) values (124, 73840, 33, 44, 15);
insert into TB_VOO (ID_VOO, NR_VOO, ID_AEROPORTO_ORIGEM, ID_AEROPORTO_DESTINO, ID_COMPANHIA_AEREA) values (125, 53706, 96, 41, 1);
insert into TB_VOO (ID_VOO, NR_VOO, ID_AEROPORTO_ORIGEM, ID_AEROPORTO_DESTINO, ID_COMPANHIA_AEREA) values (126, 80535, 46, 51, 9);
insert into TB_VOO (ID_VOO, NR_VOO, ID_AEROPORTO_ORIGEM, ID_AEROPORTO_DESTINO, ID_COMPANHIA_AEREA) values (127, 61305, 68, 11, 8);
insert into TB_VOO (ID_VOO, NR_VOO, ID_AEROPORTO_ORIGEM, ID_AEROPORTO_DESTINO, ID_COMPANHIA_AEREA) values (128, 94094, 34, 22, 12);
insert into TB_VOO (ID_VOO, NR_VOO, ID_AEROPORTO_ORIGEM, ID_AEROPORTO_DESTINO, ID_COMPANHIA_AEREA) values (129, 78932, 89, 35, 11);
insert into TB_VOO (ID_VOO, NR_VOO, ID_AEROPORTO_ORIGEM, ID_AEROPORTO_DESTINO, ID_COMPANHIA_AEREA) values (130, 49317, 10, 69, 4);
insert into TB_VOO (ID_VOO, NR_VOO, ID_AEROPORTO_ORIGEM, ID_AEROPORTO_DESTINO, ID_COMPANHIA_AEREA) values (131, 36622, 31, 61, 9);
insert into TB_VOO (ID_VOO, NR_VOO, ID_AEROPORTO_ORIGEM, ID_AEROPORTO_DESTINO, ID_COMPANHIA_AEREA) values (132, 80233, 9, 37, 3);
insert into TB_VOO (ID_VOO, NR_VOO, ID_AEROPORTO_ORIGEM, ID_AEROPORTO_DESTINO, ID_COMPANHIA_AEREA) values (133, 15783, 29, 29, 11);
insert into TB_VOO (ID_VOO, NR_VOO, ID_AEROPORTO_ORIGEM, ID_AEROPORTO_DESTINO, ID_COMPANHIA_AEREA) values (134, 31447, 65, 70, 7);
insert into TB_VOO (ID_VOO, NR_VOO, ID_AEROPORTO_ORIGEM, ID_AEROPORTO_DESTINO, ID_COMPANHIA_AEREA) values (135, 82067, 94, 97, 10);
insert into TB_VOO (ID_VOO, NR_VOO, ID_AEROPORTO_ORIGEM, ID_AEROPORTO_DESTINO, ID_COMPANHIA_AEREA) values (136, 20145, 66, 92, 10);
insert into TB_VOO (ID_VOO, NR_VOO, ID_AEROPORTO_ORIGEM, ID_AEROPORTO_DESTINO, ID_COMPANHIA_AEREA) values (137, 38736, 45, 56, 4);
insert into TB_VOO (ID_VOO, NR_VOO, ID_AEROPORTO_ORIGEM, ID_AEROPORTO_DESTINO, ID_COMPANHIA_AEREA) values (138, 69782, 86, 23, 6);
insert into TB_VOO (ID_VOO, NR_VOO, ID_AEROPORTO_ORIGEM, ID_AEROPORTO_DESTINO, ID_COMPANHIA_AEREA) values (139, 52037, 80, 45, 12);
insert into TB_VOO (ID_VOO, NR_VOO, ID_AEROPORTO_ORIGEM, ID_AEROPORTO_DESTINO, ID_COMPANHIA_AEREA) values (140, 62749, 65, 4, 4);
insert into TB_VOO (ID_VOO, NR_VOO, ID_AEROPORTO_ORIGEM, ID_AEROPORTO_DESTINO, ID_COMPANHIA_AEREA) values (141, 80268, 22, 34, 1);
insert into TB_VOO (ID_VOO, NR_VOO, ID_AEROPORTO_ORIGEM, ID_AEROPORTO_DESTINO, ID_COMPANHIA_AEREA) values (142, 63255, 26, 20, 12);
insert into TB_VOO (ID_VOO, NR_VOO, ID_AEROPORTO_ORIGEM, ID_AEROPORTO_DESTINO, ID_COMPANHIA_AEREA) values (143, 55811, 25, 25, 8);
insert into TB_VOO (ID_VOO, NR_VOO, ID_AEROPORTO_ORIGEM, ID_AEROPORTO_DESTINO, ID_COMPANHIA_AEREA) values (144, 41274, 23, 9, 9);
insert into TB_VOO (ID_VOO, NR_VOO, ID_AEROPORTO_ORIGEM, ID_AEROPORTO_DESTINO, ID_COMPANHIA_AEREA) values (145, 47483, 5, 79, 6);
insert into TB_VOO (ID_VOO, NR_VOO, ID_AEROPORTO_ORIGEM, ID_AEROPORTO_DESTINO, ID_COMPANHIA_AEREA) values (146, 13225, 23, 86, 9);
insert into TB_VOO (ID_VOO, NR_VOO, ID_AEROPORTO_ORIGEM, ID_AEROPORTO_DESTINO, ID_COMPANHIA_AEREA) values (147, 83034, 20, 38, 1);
insert into TB_VOO (ID_VOO, NR_VOO, ID_AEROPORTO_ORIGEM, ID_AEROPORTO_DESTINO, ID_COMPANHIA_AEREA) values (148, 93986, 49, 68, 14);
insert into TB_VOO (ID_VOO, NR_VOO, ID_AEROPORTO_ORIGEM, ID_AEROPORTO_DESTINO, ID_COMPANHIA_AEREA) values (149, 91347, 96, 43, 13);
insert into TB_VOO (ID_VOO, NR_VOO, ID_AEROPORTO_ORIGEM, ID_AEROPORTO_DESTINO, ID_COMPANHIA_AEREA) values (150, 90656, 79, 18, 6);
insert into TB_VOO (ID_VOO, NR_VOO, ID_AEROPORTO_ORIGEM, ID_AEROPORTO_DESTINO, ID_COMPANHIA_AEREA) values (151, 32856, 35, 66, 7);
insert into TB_VOO (ID_VOO, NR_VOO, ID_AEROPORTO_ORIGEM, ID_AEROPORTO_DESTINO, ID_COMPANHIA_AEREA) values (152, 35177, 73, 70, 5);
insert into TB_VOO (ID_VOO, NR_VOO, ID_AEROPORTO_ORIGEM, ID_AEROPORTO_DESTINO, ID_COMPANHIA_AEREA) values (153, 14162, 11, 27, 10);
insert into TB_VOO (ID_VOO, NR_VOO, ID_AEROPORTO_ORIGEM, ID_AEROPORTO_DESTINO, ID_COMPANHIA_AEREA) values (154, 88311, 55, 30, 1);
insert into TB_VOO (ID_VOO, NR_VOO, ID_AEROPORTO_ORIGEM, ID_AEROPORTO_DESTINO, ID_COMPANHIA_AEREA) values (155, 20669, 26, 56, 2);
insert into TB_VOO (ID_VOO, NR_VOO, ID_AEROPORTO_ORIGEM, ID_AEROPORTO_DESTINO, ID_COMPANHIA_AEREA) values (156, 65492, 13, 94, 8);
insert into TB_VOO (ID_VOO, NR_VOO, ID_AEROPORTO_ORIGEM, ID_AEROPORTO_DESTINO, ID_COMPANHIA_AEREA) values (157, 14616, 53, 65, 12);
insert into TB_VOO (ID_VOO, NR_VOO, ID_AEROPORTO_ORIGEM, ID_AEROPORTO_DESTINO, ID_COMPANHIA_AEREA) values (158, 80613, 35, 62, 5);
insert into TB_VOO (ID_VOO, NR_VOO, ID_AEROPORTO_ORIGEM, ID_AEROPORTO_DESTINO, ID_COMPANHIA_AEREA) values (159, 59406, 12, 37, 12);
insert into TB_VOO (ID_VOO, NR_VOO, ID_AEROPORTO_ORIGEM, ID_AEROPORTO_DESTINO, ID_COMPANHIA_AEREA) values (160, 83865, 57, 23, 2);
insert into TB_VOO (ID_VOO, NR_VOO, ID_AEROPORTO_ORIGEM, ID_AEROPORTO_DESTINO, ID_COMPANHIA_AEREA) values (161, 56257, 20, 14, 11);
insert into TB_VOO (ID_VOO, NR_VOO, ID_AEROPORTO_ORIGEM, ID_AEROPORTO_DESTINO, ID_COMPANHIA_AEREA) values (162, 58431, 49, 52, 5);
insert into TB_VOO (ID_VOO, NR_VOO, ID_AEROPORTO_ORIGEM, ID_AEROPORTO_DESTINO, ID_COMPANHIA_AEREA) values (163, 84390, 31, 32, 7);
insert into TB_VOO (ID_VOO, NR_VOO, ID_AEROPORTO_ORIGEM, ID_AEROPORTO_DESTINO, ID_COMPANHIA_AEREA) values (164, 10624, 14, 13, 10);
insert into TB_VOO (ID_VOO, NR_VOO, ID_AEROPORTO_ORIGEM, ID_AEROPORTO_DESTINO, ID_COMPANHIA_AEREA) values (165, 28487, 99, 54, 4);
insert into TB_VOO (ID_VOO, NR_VOO, ID_AEROPORTO_ORIGEM, ID_AEROPORTO_DESTINO, ID_COMPANHIA_AEREA) values (166, 81167, 39, 56, 14);
insert into TB_VOO (ID_VOO, NR_VOO, ID_AEROPORTO_ORIGEM, ID_AEROPORTO_DESTINO, ID_COMPANHIA_AEREA) values (167, 10131, 77, 61, 3);
insert into TB_VOO (ID_VOO, NR_VOO, ID_AEROPORTO_ORIGEM, ID_AEROPORTO_DESTINO, ID_COMPANHIA_AEREA) values (168, 79510, 5, 36, 5);
insert into TB_VOO (ID_VOO, NR_VOO, ID_AEROPORTO_ORIGEM, ID_AEROPORTO_DESTINO, ID_COMPANHIA_AEREA) values (169, 13210, 3, 95, 1);
insert into TB_VOO (ID_VOO, NR_VOO, ID_AEROPORTO_ORIGEM, ID_AEROPORTO_DESTINO, ID_COMPANHIA_AEREA) values (170, 16974, 71, 20, 4);
insert into TB_VOO (ID_VOO, NR_VOO, ID_AEROPORTO_ORIGEM, ID_AEROPORTO_DESTINO, ID_COMPANHIA_AEREA) values (171, 23187, 54, 2, 6);
insert into TB_VOO (ID_VOO, NR_VOO, ID_AEROPORTO_ORIGEM, ID_AEROPORTO_DESTINO, ID_COMPANHIA_AEREA) values (172, 41995, 25, 10, 1);
insert into TB_VOO (ID_VOO, NR_VOO, ID_AEROPORTO_ORIGEM, ID_AEROPORTO_DESTINO, ID_COMPANHIA_AEREA) values (173, 78192, 65, 61, 4);
insert into TB_VOO (ID_VOO, NR_VOO, ID_AEROPORTO_ORIGEM, ID_AEROPORTO_DESTINO, ID_COMPANHIA_AEREA) values (174, 87201, 66, 71, 5);
insert into TB_VOO (ID_VOO, NR_VOO, ID_AEROPORTO_ORIGEM, ID_AEROPORTO_DESTINO, ID_COMPANHIA_AEREA) values (175, 61308, 37, 85, 12);
insert into TB_VOO (ID_VOO, NR_VOO, ID_AEROPORTO_ORIGEM, ID_AEROPORTO_DESTINO, ID_COMPANHIA_AEREA) values (176, 88765, 95, 2, 3);
insert into TB_VOO (ID_VOO, NR_VOO, ID_AEROPORTO_ORIGEM, ID_AEROPORTO_DESTINO, ID_COMPANHIA_AEREA) values (177, 11242, 33, 15, 10);
insert into TB_VOO (ID_VOO, NR_VOO, ID_AEROPORTO_ORIGEM, ID_AEROPORTO_DESTINO, ID_COMPANHIA_AEREA) values (178, 19501, 88, 31, 7);
insert into TB_VOO (ID_VOO, NR_VOO, ID_AEROPORTO_ORIGEM, ID_AEROPORTO_DESTINO, ID_COMPANHIA_AEREA) values (179, 33916, 65, 83, 6);
insert into TB_VOO (ID_VOO, NR_VOO, ID_AEROPORTO_ORIGEM, ID_AEROPORTO_DESTINO, ID_COMPANHIA_AEREA) values (180, 86611, 74, 7, 14);
insert into TB_VOO (ID_VOO, NR_VOO, ID_AEROPORTO_ORIGEM, ID_AEROPORTO_DESTINO, ID_COMPANHIA_AEREA) values (181, 27825, 74, 91, 10);
insert into TB_VOO (ID_VOO, NR_VOO, ID_AEROPORTO_ORIGEM, ID_AEROPORTO_DESTINO, ID_COMPANHIA_AEREA) values (182, 91223, 42, 60, 1);
insert into TB_VOO (ID_VOO, NR_VOO, ID_AEROPORTO_ORIGEM, ID_AEROPORTO_DESTINO, ID_COMPANHIA_AEREA) values (183, 25045, 95, 2, 4);
insert into TB_VOO (ID_VOO, NR_VOO, ID_AEROPORTO_ORIGEM, ID_AEROPORTO_DESTINO, ID_COMPANHIA_AEREA) values (184, 85827, 74, 46, 7);
insert into TB_VOO (ID_VOO, NR_VOO, ID_AEROPORTO_ORIGEM, ID_AEROPORTO_DESTINO, ID_COMPANHIA_AEREA) values (185, 26125, 2, 57, 12);
insert into TB_VOO (ID_VOO, NR_VOO, ID_AEROPORTO_ORIGEM, ID_AEROPORTO_DESTINO, ID_COMPANHIA_AEREA) values (186, 96234, 71, 20, 9);
insert into TB_VOO (ID_VOO, NR_VOO, ID_AEROPORTO_ORIGEM, ID_AEROPORTO_DESTINO, ID_COMPANHIA_AEREA) values (187, 71877, 39, 69, 7);
insert into TB_VOO (ID_VOO, NR_VOO, ID_AEROPORTO_ORIGEM, ID_AEROPORTO_DESTINO, ID_COMPANHIA_AEREA) values (188, 96088, 12, 60, 7);
insert into TB_VOO (ID_VOO, NR_VOO, ID_AEROPORTO_ORIGEM, ID_AEROPORTO_DESTINO, ID_COMPANHIA_AEREA) values (189, 14083, 36, 77, 3);
insert into TB_VOO (ID_VOO, NR_VOO, ID_AEROPORTO_ORIGEM, ID_AEROPORTO_DESTINO, ID_COMPANHIA_AEREA) values (190, 69929, 45, 32, 15);
insert into TB_VOO (ID_VOO, NR_VOO, ID_AEROPORTO_ORIGEM, ID_AEROPORTO_DESTINO, ID_COMPANHIA_AEREA) values (191, 60197, 74, 89, 9);
insert into TB_VOO (ID_VOO, NR_VOO, ID_AEROPORTO_ORIGEM, ID_AEROPORTO_DESTINO, ID_COMPANHIA_AEREA) values (192, 62825, 37, 10, 2);
insert into TB_VOO (ID_VOO, NR_VOO, ID_AEROPORTO_ORIGEM, ID_AEROPORTO_DESTINO, ID_COMPANHIA_AEREA) values (193, 29634, 4, 22, 11);
insert into TB_VOO (ID_VOO, NR_VOO, ID_AEROPORTO_ORIGEM, ID_AEROPORTO_DESTINO, ID_COMPANHIA_AEREA) values (194, 72082, 65, 78, 10);
insert into TB_VOO (ID_VOO, NR_VOO, ID_AEROPORTO_ORIGEM, ID_AEROPORTO_DESTINO, ID_COMPANHIA_AEREA) values (195, 33748, 82, 17, 10);
insert into TB_VOO (ID_VOO, NR_VOO, ID_AEROPORTO_ORIGEM, ID_AEROPORTO_DESTINO, ID_COMPANHIA_AEREA) values (196, 55129, 49, 90, 12);
insert into TB_VOO (ID_VOO, NR_VOO, ID_AEROPORTO_ORIGEM, ID_AEROPORTO_DESTINO, ID_COMPANHIA_AEREA) values (197, 25617, 73, 41, 3);
insert into TB_VOO (ID_VOO, NR_VOO, ID_AEROPORTO_ORIGEM, ID_AEROPORTO_DESTINO, ID_COMPANHIA_AEREA) values (198, 95763, 52, 19, 8);
insert into TB_VOO (ID_VOO, NR_VOO, ID_AEROPORTO_ORIGEM, ID_AEROPORTO_DESTINO, ID_COMPANHIA_AEREA) values (199, 63093, 19, 91, 13);
insert into TB_VOO (ID_VOO, NR_VOO, ID_AEROPORTO_ORIGEM, ID_AEROPORTO_DESTINO, ID_COMPANHIA_AEREA) values (200, 69117, 40, 40, 12);
insert into TB_VOO (ID_VOO, NR_VOO, ID_AEROPORTO_ORIGEM, ID_AEROPORTO_DESTINO, ID_COMPANHIA_AEREA) values (201, 21398, 60, 73, 6);
insert into TB_VOO (ID_VOO, NR_VOO, ID_AEROPORTO_ORIGEM, ID_AEROPORTO_DESTINO, ID_COMPANHIA_AEREA) values (202, 18556, 66, 69, 9);
insert into TB_VOO (ID_VOO, NR_VOO, ID_AEROPORTO_ORIGEM, ID_AEROPORTO_DESTINO, ID_COMPANHIA_AEREA) values (203, 21467, 86, 55, 1);
insert into TB_VOO (ID_VOO, NR_VOO, ID_AEROPORTO_ORIGEM, ID_AEROPORTO_DESTINO, ID_COMPANHIA_AEREA) values (204, 19773, 76, 24, 5);
insert into TB_VOO (ID_VOO, NR_VOO, ID_AEROPORTO_ORIGEM, ID_AEROPORTO_DESTINO, ID_COMPANHIA_AEREA) values (205, 83599, 40, 64, 4);
insert into TB_VOO (ID_VOO, NR_VOO, ID_AEROPORTO_ORIGEM, ID_AEROPORTO_DESTINO, ID_COMPANHIA_AEREA) values (206, 20391, 35, 97, 12);
insert into TB_VOO (ID_VOO, NR_VOO, ID_AEROPORTO_ORIGEM, ID_AEROPORTO_DESTINO, ID_COMPANHIA_AEREA) values (207, 57979, 26, 36, 4);
insert into TB_VOO (ID_VOO, NR_VOO, ID_AEROPORTO_ORIGEM, ID_AEROPORTO_DESTINO, ID_COMPANHIA_AEREA) values (208, 66251, 9, 38, 8);
insert into TB_VOO (ID_VOO, NR_VOO, ID_AEROPORTO_ORIGEM, ID_AEROPORTO_DESTINO, ID_COMPANHIA_AEREA) values (209, 66151, 60, 67, 4);
insert into TB_VOO (ID_VOO, NR_VOO, ID_AEROPORTO_ORIGEM, ID_AEROPORTO_DESTINO, ID_COMPANHIA_AEREA) values (210, 23724, 33, 24, 10);
insert into TB_VOO (ID_VOO, NR_VOO, ID_AEROPORTO_ORIGEM, ID_AEROPORTO_DESTINO, ID_COMPANHIA_AEREA) values (211, 50208, 78, 30, 7);
insert into TB_VOO (ID_VOO, NR_VOO, ID_AEROPORTO_ORIGEM, ID_AEROPORTO_DESTINO, ID_COMPANHIA_AEREA) values (212, 55531, 70, 14, 7);
insert into TB_VOO (ID_VOO, NR_VOO, ID_AEROPORTO_ORIGEM, ID_AEROPORTO_DESTINO, ID_COMPANHIA_AEREA) values (213, 29695, 85, 96, 15);
insert into TB_VOO (ID_VOO, NR_VOO, ID_AEROPORTO_ORIGEM, ID_AEROPORTO_DESTINO, ID_COMPANHIA_AEREA) values (214, 49621, 50, 1, 4);
insert into TB_VOO (ID_VOO, NR_VOO, ID_AEROPORTO_ORIGEM, ID_AEROPORTO_DESTINO, ID_COMPANHIA_AEREA) values (215, 83516, 42, 4, 2);
insert into TB_VOO (ID_VOO, NR_VOO, ID_AEROPORTO_ORIGEM, ID_AEROPORTO_DESTINO, ID_COMPANHIA_AEREA) values (216, 41223, 71, 22, 13);
insert into TB_VOO (ID_VOO, NR_VOO, ID_AEROPORTO_ORIGEM, ID_AEROPORTO_DESTINO, ID_COMPANHIA_AEREA) values (217, 98014, 41, 37, 10);
insert into TB_VOO (ID_VOO, NR_VOO, ID_AEROPORTO_ORIGEM, ID_AEROPORTO_DESTINO, ID_COMPANHIA_AEREA) values (218, 25810, 48, 47, 13);
insert into TB_VOO (ID_VOO, NR_VOO, ID_AEROPORTO_ORIGEM, ID_AEROPORTO_DESTINO, ID_COMPANHIA_AEREA) values (219, 57025, 72, 60, 1);
insert into TB_VOO (ID_VOO, NR_VOO, ID_AEROPORTO_ORIGEM, ID_AEROPORTO_DESTINO, ID_COMPANHIA_AEREA) values (220, 97720, 34, 27, 13);
insert into TB_VOO (ID_VOO, NR_VOO, ID_AEROPORTO_ORIGEM, ID_AEROPORTO_DESTINO, ID_COMPANHIA_AEREA) values (221, 74900, 93, 69, 2);
insert into TB_VOO (ID_VOO, NR_VOO, ID_AEROPORTO_ORIGEM, ID_AEROPORTO_DESTINO, ID_COMPANHIA_AEREA) values (222, 78751, 84, 59, 7);
insert into TB_VOO (ID_VOO, NR_VOO, ID_AEROPORTO_ORIGEM, ID_AEROPORTO_DESTINO, ID_COMPANHIA_AEREA) values (223, 36490, 81, 41, 5);
insert into TB_VOO (ID_VOO, NR_VOO, ID_AEROPORTO_ORIGEM, ID_AEROPORTO_DESTINO, ID_COMPANHIA_AEREA) values (224, 39616, 65, 10, 5);
insert into TB_VOO (ID_VOO, NR_VOO, ID_AEROPORTO_ORIGEM, ID_AEROPORTO_DESTINO, ID_COMPANHIA_AEREA) values (225, 62324, 7, 20, 10);
insert into TB_VOO (ID_VOO, NR_VOO, ID_AEROPORTO_ORIGEM, ID_AEROPORTO_DESTINO, ID_COMPANHIA_AEREA) values (226, 39301, 48, 57, 5);
insert into TB_VOO (ID_VOO, NR_VOO, ID_AEROPORTO_ORIGEM, ID_AEROPORTO_DESTINO, ID_COMPANHIA_AEREA) values (227, 91352, 58, 43, 13);
insert into TB_VOO (ID_VOO, NR_VOO, ID_AEROPORTO_ORIGEM, ID_AEROPORTO_DESTINO, ID_COMPANHIA_AEREA) values (228, 81910, 77, 81, 10);
insert into TB_VOO (ID_VOO, NR_VOO, ID_AEROPORTO_ORIGEM, ID_AEROPORTO_DESTINO, ID_COMPANHIA_AEREA) values (229, 26152, 52, 85, 10);
insert into TB_VOO (ID_VOO, NR_VOO, ID_AEROPORTO_ORIGEM, ID_AEROPORTO_DESTINO, ID_COMPANHIA_AEREA) values (230, 53786, 32, 39, 13);
insert into TB_VOO (ID_VOO, NR_VOO, ID_AEROPORTO_ORIGEM, ID_AEROPORTO_DESTINO, ID_COMPANHIA_AEREA) values (231, 41001, 19, 59, 3);
insert into TB_VOO (ID_VOO, NR_VOO, ID_AEROPORTO_ORIGEM, ID_AEROPORTO_DESTINO, ID_COMPANHIA_AEREA) values (232, 31683, 86, 85, 11);
insert into TB_VOO (ID_VOO, NR_VOO, ID_AEROPORTO_ORIGEM, ID_AEROPORTO_DESTINO, ID_COMPANHIA_AEREA) values (233, 19125, 64, 88, 10);
insert into TB_VOO (ID_VOO, NR_VOO, ID_AEROPORTO_ORIGEM, ID_AEROPORTO_DESTINO, ID_COMPANHIA_AEREA) values (234, 91810, 95, 85, 3);
insert into TB_VOO (ID_VOO, NR_VOO, ID_AEROPORTO_ORIGEM, ID_AEROPORTO_DESTINO, ID_COMPANHIA_AEREA) values (235, 78937, 23, 98, 3);
insert into TB_VOO (ID_VOO, NR_VOO, ID_AEROPORTO_ORIGEM, ID_AEROPORTO_DESTINO, ID_COMPANHIA_AEREA) values (236, 69154, 27, 30, 1);
insert into TB_VOO (ID_VOO, NR_VOO, ID_AEROPORTO_ORIGEM, ID_AEROPORTO_DESTINO, ID_COMPANHIA_AEREA) values (237, 98198, 83, 4, 8);
insert into TB_VOO (ID_VOO, NR_VOO, ID_AEROPORTO_ORIGEM, ID_AEROPORTO_DESTINO, ID_COMPANHIA_AEREA) values (238, 44460, 51, 97, 12);
insert into TB_VOO (ID_VOO, NR_VOO, ID_AEROPORTO_ORIGEM, ID_AEROPORTO_DESTINO, ID_COMPANHIA_AEREA) values (239, 10981, 26, 32, 13);
insert into TB_VOO (ID_VOO, NR_VOO, ID_AEROPORTO_ORIGEM, ID_AEROPORTO_DESTINO, ID_COMPANHIA_AEREA) values (240, 66125, 75, 67, 8);
insert into TB_VOO (ID_VOO, NR_VOO, ID_AEROPORTO_ORIGEM, ID_AEROPORTO_DESTINO, ID_COMPANHIA_AEREA) values (241, 38264, 91, 12, 11);
insert into TB_VOO (ID_VOO, NR_VOO, ID_AEROPORTO_ORIGEM, ID_AEROPORTO_DESTINO, ID_COMPANHIA_AEREA) values (242, 60788, 95, 90, 10);
insert into TB_VOO (ID_VOO, NR_VOO, ID_AEROPORTO_ORIGEM, ID_AEROPORTO_DESTINO, ID_COMPANHIA_AEREA) values (243, 60888, 65, 69, 9);
insert into TB_VOO (ID_VOO, NR_VOO, ID_AEROPORTO_ORIGEM, ID_AEROPORTO_DESTINO, ID_COMPANHIA_AEREA) values (244, 25541, 13, 63, 11);
insert into TB_VOO (ID_VOO, NR_VOO, ID_AEROPORTO_ORIGEM, ID_AEROPORTO_DESTINO, ID_COMPANHIA_AEREA) values (245, 74385, 8, 71, 11);
insert into TB_VOO (ID_VOO, NR_VOO, ID_AEROPORTO_ORIGEM, ID_AEROPORTO_DESTINO, ID_COMPANHIA_AEREA) values (246, 31572, 96, 18, 5);
insert into TB_VOO (ID_VOO, NR_VOO, ID_AEROPORTO_ORIGEM, ID_AEROPORTO_DESTINO, ID_COMPANHIA_AEREA) values (247, 70613, 81, 93, 8);
insert into TB_VOO (ID_VOO, NR_VOO, ID_AEROPORTO_ORIGEM, ID_AEROPORTO_DESTINO, ID_COMPANHIA_AEREA) values (248, 68384, 2, 80, 11);
insert into TB_VOO (ID_VOO, NR_VOO, ID_AEROPORTO_ORIGEM, ID_AEROPORTO_DESTINO, ID_COMPANHIA_AEREA) values (249, 56525, 86, 72, 14);
insert into TB_VOO (ID_VOO, NR_VOO, ID_AEROPORTO_ORIGEM, ID_AEROPORTO_DESTINO, ID_COMPANHIA_AEREA) values (250, 38479, 35, 70, 4);
insert into TB_VOO (ID_VOO, NR_VOO, ID_AEROPORTO_ORIGEM, ID_AEROPORTO_DESTINO, ID_COMPANHIA_AEREA) values (251, 17598, 24, 47, 4);
insert into TB_VOO (ID_VOO, NR_VOO, ID_AEROPORTO_ORIGEM, ID_AEROPORTO_DESTINO, ID_COMPANHIA_AEREA) values (252, 65674, 21, 28, 1);
insert into TB_VOO (ID_VOO, NR_VOO, ID_AEROPORTO_ORIGEM, ID_AEROPORTO_DESTINO, ID_COMPANHIA_AEREA) values (253, 64885, 14, 59, 2);
insert into TB_VOO (ID_VOO, NR_VOO, ID_AEROPORTO_ORIGEM, ID_AEROPORTO_DESTINO, ID_COMPANHIA_AEREA) values (254, 67205, 46, 86, 7);
insert into TB_VOO (ID_VOO, NR_VOO, ID_AEROPORTO_ORIGEM, ID_AEROPORTO_DESTINO, ID_COMPANHIA_AEREA) values (255, 31885, 68, 58, 9);
insert into TB_VOO (ID_VOO, NR_VOO, ID_AEROPORTO_ORIGEM, ID_AEROPORTO_DESTINO, ID_COMPANHIA_AEREA) values (256, 56489, 30, 82, 9);
insert into TB_VOO (ID_VOO, NR_VOO, ID_AEROPORTO_ORIGEM, ID_AEROPORTO_DESTINO, ID_COMPANHIA_AEREA) values (257, 88448, 40, 45, 7);
insert into TB_VOO (ID_VOO, NR_VOO, ID_AEROPORTO_ORIGEM, ID_AEROPORTO_DESTINO, ID_COMPANHIA_AEREA) values (258, 67805, 89, 61, 13);
insert into TB_VOO (ID_VOO, NR_VOO, ID_AEROPORTO_ORIGEM, ID_AEROPORTO_DESTINO, ID_COMPANHIA_AEREA) values (259, 81651, 40, 59, 14);
insert into TB_VOO (ID_VOO, NR_VOO, ID_AEROPORTO_ORIGEM, ID_AEROPORTO_DESTINO, ID_COMPANHIA_AEREA) values (260, 36045, 44, 23, 11);
insert into TB_VOO (ID_VOO, NR_VOO, ID_AEROPORTO_ORIGEM, ID_AEROPORTO_DESTINO, ID_COMPANHIA_AEREA) values (261, 40929, 71, 19, 8);
insert into TB_VOO (ID_VOO, NR_VOO, ID_AEROPORTO_ORIGEM, ID_AEROPORTO_DESTINO, ID_COMPANHIA_AEREA) values (262, 85308, 13, 72, 13);
insert into TB_VOO (ID_VOO, NR_VOO, ID_AEROPORTO_ORIGEM, ID_AEROPORTO_DESTINO, ID_COMPANHIA_AEREA) values (263, 36352, 32, 31, 9);
insert into TB_VOO (ID_VOO, NR_VOO, ID_AEROPORTO_ORIGEM, ID_AEROPORTO_DESTINO, ID_COMPANHIA_AEREA) values (264, 71269, 21, 55, 4);
insert into TB_VOO (ID_VOO, NR_VOO, ID_AEROPORTO_ORIGEM, ID_AEROPORTO_DESTINO, ID_COMPANHIA_AEREA) values (265, 50084, 52, 38, 3);
insert into TB_VOO (ID_VOO, NR_VOO, ID_AEROPORTO_ORIGEM, ID_AEROPORTO_DESTINO, ID_COMPANHIA_AEREA) values (266, 39340, 12, 54, 12);
insert into TB_VOO (ID_VOO, NR_VOO, ID_AEROPORTO_ORIGEM, ID_AEROPORTO_DESTINO, ID_COMPANHIA_AEREA) values (267, 49472, 58, 28, 11);
insert into TB_VOO (ID_VOO, NR_VOO, ID_AEROPORTO_ORIGEM, ID_AEROPORTO_DESTINO, ID_COMPANHIA_AEREA) values (268, 93199, 49, 98, 1);
insert into TB_VOO (ID_VOO, NR_VOO, ID_AEROPORTO_ORIGEM, ID_AEROPORTO_DESTINO, ID_COMPANHIA_AEREA) values (269, 43917, 68, 58, 12);
insert into TB_VOO (ID_VOO, NR_VOO, ID_AEROPORTO_ORIGEM, ID_AEROPORTO_DESTINO, ID_COMPANHIA_AEREA) values (270, 13284, 97, 99, 2);
insert into TB_VOO (ID_VOO, NR_VOO, ID_AEROPORTO_ORIGEM, ID_AEROPORTO_DESTINO, ID_COMPANHIA_AEREA) values (271, 93689, 90, 99, 3);
insert into TB_VOO (ID_VOO, NR_VOO, ID_AEROPORTO_ORIGEM, ID_AEROPORTO_DESTINO, ID_COMPANHIA_AEREA) values (272, 74802, 50, 75, 10);
insert into TB_VOO (ID_VOO, NR_VOO, ID_AEROPORTO_ORIGEM, ID_AEROPORTO_DESTINO, ID_COMPANHIA_AEREA) values (273, 91350, 66, 18, 7);
insert into TB_VOO (ID_VOO, NR_VOO, ID_AEROPORTO_ORIGEM, ID_AEROPORTO_DESTINO, ID_COMPANHIA_AEREA) values (274, 17088, 77, 29, 7);
insert into TB_VOO (ID_VOO, NR_VOO, ID_AEROPORTO_ORIGEM, ID_AEROPORTO_DESTINO, ID_COMPANHIA_AEREA) values (275, 19885, 63, 71, 15);
insert into TB_VOO (ID_VOO, NR_VOO, ID_AEROPORTO_ORIGEM, ID_AEROPORTO_DESTINO, ID_COMPANHIA_AEREA) values (276, 97629, 15, 17, 14);
insert into TB_VOO (ID_VOO, NR_VOO, ID_AEROPORTO_ORIGEM, ID_AEROPORTO_DESTINO, ID_COMPANHIA_AEREA) values (277, 31333, 33, 2, 14);
insert into TB_VOO (ID_VOO, NR_VOO, ID_AEROPORTO_ORIGEM, ID_AEROPORTO_DESTINO, ID_COMPANHIA_AEREA) values (278, 85050, 67, 53, 8);
insert into TB_VOO (ID_VOO, NR_VOO, ID_AEROPORTO_ORIGEM, ID_AEROPORTO_DESTINO, ID_COMPANHIA_AEREA) values (279, 43785, 15, 98, 6);
insert into TB_VOO (ID_VOO, NR_VOO, ID_AEROPORTO_ORIGEM, ID_AEROPORTO_DESTINO, ID_COMPANHIA_AEREA) values (280, 71170, 54, 41, 14);
insert into TB_VOO (ID_VOO, NR_VOO, ID_AEROPORTO_ORIGEM, ID_AEROPORTO_DESTINO, ID_COMPANHIA_AEREA) values (281, 39964, 89, 79, 15);
insert into TB_VOO (ID_VOO, NR_VOO, ID_AEROPORTO_ORIGEM, ID_AEROPORTO_DESTINO, ID_COMPANHIA_AEREA) values (282, 58249, 62, 45, 13);
insert into TB_VOO (ID_VOO, NR_VOO, ID_AEROPORTO_ORIGEM, ID_AEROPORTO_DESTINO, ID_COMPANHIA_AEREA) values (283, 32372, 23, 64, 9);
insert into TB_VOO (ID_VOO, NR_VOO, ID_AEROPORTO_ORIGEM, ID_AEROPORTO_DESTINO, ID_COMPANHIA_AEREA) values (284, 12432, 20, 69, 7);
insert into TB_VOO (ID_VOO, NR_VOO, ID_AEROPORTO_ORIGEM, ID_AEROPORTO_DESTINO, ID_COMPANHIA_AEREA) values (285, 69726, 50, 58, 6);
insert into TB_VOO (ID_VOO, NR_VOO, ID_AEROPORTO_ORIGEM, ID_AEROPORTO_DESTINO, ID_COMPANHIA_AEREA) values (286, 55644, 41, 20, 8);
insert into TB_VOO (ID_VOO, NR_VOO, ID_AEROPORTO_ORIGEM, ID_AEROPORTO_DESTINO, ID_COMPANHIA_AEREA) values (287, 26812, 3, 65, 13);
insert into TB_VOO (ID_VOO, NR_VOO, ID_AEROPORTO_ORIGEM, ID_AEROPORTO_DESTINO, ID_COMPANHIA_AEREA) values (288, 77476, 41, 88, 6);
insert into TB_VOO (ID_VOO, NR_VOO, ID_AEROPORTO_ORIGEM, ID_AEROPORTO_DESTINO, ID_COMPANHIA_AEREA) values (289, 23227, 55, 81, 12);
insert into TB_VOO (ID_VOO, NR_VOO, ID_AEROPORTO_ORIGEM, ID_AEROPORTO_DESTINO, ID_COMPANHIA_AEREA) values (290, 24412, 31, 41, 7);
insert into TB_VOO (ID_VOO, NR_VOO, ID_AEROPORTO_ORIGEM, ID_AEROPORTO_DESTINO, ID_COMPANHIA_AEREA) values (291, 23349, 8, 82, 8);
insert into TB_VOO (ID_VOO, NR_VOO, ID_AEROPORTO_ORIGEM, ID_AEROPORTO_DESTINO, ID_COMPANHIA_AEREA) values (292, 21072, 39, 75, 7);
insert into TB_VOO (ID_VOO, NR_VOO, ID_AEROPORTO_ORIGEM, ID_AEROPORTO_DESTINO, ID_COMPANHIA_AEREA) values (293, 13122, 30, 8, 1);
insert into TB_VOO (ID_VOO, NR_VOO, ID_AEROPORTO_ORIGEM, ID_AEROPORTO_DESTINO, ID_COMPANHIA_AEREA) values (294, 12882, 74, 6, 4);
insert into TB_VOO (ID_VOO, NR_VOO, ID_AEROPORTO_ORIGEM, ID_AEROPORTO_DESTINO, ID_COMPANHIA_AEREA) values (295, 53525, 7, 44, 14);
insert into TB_VOO (ID_VOO, NR_VOO, ID_AEROPORTO_ORIGEM, ID_AEROPORTO_DESTINO, ID_COMPANHIA_AEREA) values (296, 44249, 11, 24, 15);
insert into TB_VOO (ID_VOO, NR_VOO, ID_AEROPORTO_ORIGEM, ID_AEROPORTO_DESTINO, ID_COMPANHIA_AEREA) values (297, 14321, 66, 93, 10);
insert into TB_VOO (ID_VOO, NR_VOO, ID_AEROPORTO_ORIGEM, ID_AEROPORTO_DESTINO, ID_COMPANHIA_AEREA) values (298, 29663, 58, 57, 12);
insert into TB_VOO (ID_VOO, NR_VOO, ID_AEROPORTO_ORIGEM, ID_AEROPORTO_DESTINO, ID_COMPANHIA_AEREA) values (299, 39473, 23, 47, 13);
insert into TB_VOO (ID_VOO, NR_VOO, ID_AEROPORTO_ORIGEM, ID_AEROPORTO_DESTINO, ID_COMPANHIA_AEREA) values (300, 79190, 2, 26, 11);
insert into TB_VOO (ID_VOO, NR_VOO, ID_AEROPORTO_ORIGEM, ID_AEROPORTO_DESTINO, ID_COMPANHIA_AEREA) values (301, 13310, 40, 70, 14);
insert into TB_VOO (ID_VOO, NR_VOO, ID_AEROPORTO_ORIGEM, ID_AEROPORTO_DESTINO, ID_COMPANHIA_AEREA) values (302, 24981, 52, 2, 5);
insert into TB_VOO (ID_VOO, NR_VOO, ID_AEROPORTO_ORIGEM, ID_AEROPORTO_DESTINO, ID_COMPANHIA_AEREA) values (303, 96254, 76, 66, 8);
insert into TB_VOO (ID_VOO, NR_VOO, ID_AEROPORTO_ORIGEM, ID_AEROPORTO_DESTINO, ID_COMPANHIA_AEREA) values (304, 37673, 19, 96, 12);
insert into TB_VOO (ID_VOO, NR_VOO, ID_AEROPORTO_ORIGEM, ID_AEROPORTO_DESTINO, ID_COMPANHIA_AEREA) values (305, 13014, 95, 78, 3);
insert into TB_VOO (ID_VOO, NR_VOO, ID_AEROPORTO_ORIGEM, ID_AEROPORTO_DESTINO, ID_COMPANHIA_AEREA) values (306, 57628, 63, 3, 12);
insert into TB_VOO (ID_VOO, NR_VOO, ID_AEROPORTO_ORIGEM, ID_AEROPORTO_DESTINO, ID_COMPANHIA_AEREA) values (307, 80112, 80, 1, 3);
insert into TB_VOO (ID_VOO, NR_VOO, ID_AEROPORTO_ORIGEM, ID_AEROPORTO_DESTINO, ID_COMPANHIA_AEREA) values (308, 45065, 29, 64, 7);
insert into TB_VOO (ID_VOO, NR_VOO, ID_AEROPORTO_ORIGEM, ID_AEROPORTO_DESTINO, ID_COMPANHIA_AEREA) values (309, 58390, 98, 13, 12);
insert into TB_VOO (ID_VOO, NR_VOO, ID_AEROPORTO_ORIGEM, ID_AEROPORTO_DESTINO, ID_COMPANHIA_AEREA) values (310, 17660, 55, 11, 7);
insert into TB_VOO (ID_VOO, NR_VOO, ID_AEROPORTO_ORIGEM, ID_AEROPORTO_DESTINO, ID_COMPANHIA_AEREA) values (311, 91154, 76, 24, 10);
insert into TB_VOO (ID_VOO, NR_VOO, ID_AEROPORTO_ORIGEM, ID_AEROPORTO_DESTINO, ID_COMPANHIA_AEREA) values (312, 75212, 9, 94, 15);
insert into TB_VOO (ID_VOO, NR_VOO, ID_AEROPORTO_ORIGEM, ID_AEROPORTO_DESTINO, ID_COMPANHIA_AEREA) values (313, 10752, 3, 99, 9);
insert into TB_VOO (ID_VOO, NR_VOO, ID_AEROPORTO_ORIGEM, ID_AEROPORTO_DESTINO, ID_COMPANHIA_AEREA) values (314, 83367, 50, 47, 13);
insert into TB_VOO (ID_VOO, NR_VOO, ID_AEROPORTO_ORIGEM, ID_AEROPORTO_DESTINO, ID_COMPANHIA_AEREA) values (315, 74916, 51, 73, 5);
insert into TB_VOO (ID_VOO, NR_VOO, ID_AEROPORTO_ORIGEM, ID_AEROPORTO_DESTINO, ID_COMPANHIA_AEREA) values (316, 62979, 44, 4, 15);
insert into TB_VOO (ID_VOO, NR_VOO, ID_AEROPORTO_ORIGEM, ID_AEROPORTO_DESTINO, ID_COMPANHIA_AEREA) values (317, 77015, 31, 43, 2);
insert into TB_VOO (ID_VOO, NR_VOO, ID_AEROPORTO_ORIGEM, ID_AEROPORTO_DESTINO, ID_COMPANHIA_AEREA) values (318, 45725, 89, 96, 5);
insert into TB_VOO (ID_VOO, NR_VOO, ID_AEROPORTO_ORIGEM, ID_AEROPORTO_DESTINO, ID_COMPANHIA_AEREA) values (319, 93794, 26, 65, 4);
insert into TB_VOO (ID_VOO, NR_VOO, ID_AEROPORTO_ORIGEM, ID_AEROPORTO_DESTINO, ID_COMPANHIA_AEREA) values (320, 52841, 92, 59, 14);
insert into TB_VOO (ID_VOO, NR_VOO, ID_AEROPORTO_ORIGEM, ID_AEROPORTO_DESTINO, ID_COMPANHIA_AEREA) values (321, 73051, 2, 52, 2);
insert into TB_VOO (ID_VOO, NR_VOO, ID_AEROPORTO_ORIGEM, ID_AEROPORTO_DESTINO, ID_COMPANHIA_AEREA) values (322, 91316, 97, 75, 9);
insert into TB_VOO (ID_VOO, NR_VOO, ID_AEROPORTO_ORIGEM, ID_AEROPORTO_DESTINO, ID_COMPANHIA_AEREA) values (323, 99459, 84, 79, 14);
insert into TB_VOO (ID_VOO, NR_VOO, ID_AEROPORTO_ORIGEM, ID_AEROPORTO_DESTINO, ID_COMPANHIA_AEREA) values (324, 46062, 86, 53, 11);
insert into TB_VOO (ID_VOO, NR_VOO, ID_AEROPORTO_ORIGEM, ID_AEROPORTO_DESTINO, ID_COMPANHIA_AEREA) values (325, 97912, 26, 36, 11);
insert into TB_VOO (ID_VOO, NR_VOO, ID_AEROPORTO_ORIGEM, ID_AEROPORTO_DESTINO, ID_COMPANHIA_AEREA) values (326, 75346, 66, 82, 7);
insert into TB_VOO (ID_VOO, NR_VOO, ID_AEROPORTO_ORIGEM, ID_AEROPORTO_DESTINO, ID_COMPANHIA_AEREA) values (327, 72854, 72, 37, 12);
insert into TB_VOO (ID_VOO, NR_VOO, ID_AEROPORTO_ORIGEM, ID_AEROPORTO_DESTINO, ID_COMPANHIA_AEREA) values (328, 87865, 63, 88, 7);
insert into TB_VOO (ID_VOO, NR_VOO, ID_AEROPORTO_ORIGEM, ID_AEROPORTO_DESTINO, ID_COMPANHIA_AEREA) values (329, 72466, 41, 67, 1);
insert into TB_VOO (ID_VOO, NR_VOO, ID_AEROPORTO_ORIGEM, ID_AEROPORTO_DESTINO, ID_COMPANHIA_AEREA) values (330, 61398, 76, 33, 10);
insert into TB_VOO (ID_VOO, NR_VOO, ID_AEROPORTO_ORIGEM, ID_AEROPORTO_DESTINO, ID_COMPANHIA_AEREA) values (331, 96057, 84, 95, 5);
insert into TB_VOO (ID_VOO, NR_VOO, ID_AEROPORTO_ORIGEM, ID_AEROPORTO_DESTINO, ID_COMPANHIA_AEREA) values (332, 78562, 22, 45, 8);
insert into TB_VOO (ID_VOO, NR_VOO, ID_AEROPORTO_ORIGEM, ID_AEROPORTO_DESTINO, ID_COMPANHIA_AEREA) values (333, 23173, 56, 10, 10);
insert into TB_VOO (ID_VOO, NR_VOO, ID_AEROPORTO_ORIGEM, ID_AEROPORTO_DESTINO, ID_COMPANHIA_AEREA) values (334, 63555, 29, 72, 15);
insert into TB_VOO (ID_VOO, NR_VOO, ID_AEROPORTO_ORIGEM, ID_AEROPORTO_DESTINO, ID_COMPANHIA_AEREA) values (335, 79380, 79, 38, 10);
insert into TB_VOO (ID_VOO, NR_VOO, ID_AEROPORTO_ORIGEM, ID_AEROPORTO_DESTINO, ID_COMPANHIA_AEREA) values (336, 23749, 52, 62, 3);
insert into TB_VOO (ID_VOO, NR_VOO, ID_AEROPORTO_ORIGEM, ID_AEROPORTO_DESTINO, ID_COMPANHIA_AEREA) values (337, 12349, 29, 30, 5);
insert into TB_VOO (ID_VOO, NR_VOO, ID_AEROPORTO_ORIGEM, ID_AEROPORTO_DESTINO, ID_COMPANHIA_AEREA) values (338, 73221, 12, 17, 13);
insert into TB_VOO (ID_VOO, NR_VOO, ID_AEROPORTO_ORIGEM, ID_AEROPORTO_DESTINO, ID_COMPANHIA_AEREA) values (339, 37317, 4, 68, 5);
insert into TB_VOO (ID_VOO, NR_VOO, ID_AEROPORTO_ORIGEM, ID_AEROPORTO_DESTINO, ID_COMPANHIA_AEREA) values (340, 84864, 35, 35, 4);
insert into TB_VOO (ID_VOO, NR_VOO, ID_AEROPORTO_ORIGEM, ID_AEROPORTO_DESTINO, ID_COMPANHIA_AEREA) values (341, 91420, 89, 94, 10);
insert into TB_VOO (ID_VOO, NR_VOO, ID_AEROPORTO_ORIGEM, ID_AEROPORTO_DESTINO, ID_COMPANHIA_AEREA) values (342, 87511, 88, 32, 15);
insert into TB_VOO (ID_VOO, NR_VOO, ID_AEROPORTO_ORIGEM, ID_AEROPORTO_DESTINO, ID_COMPANHIA_AEREA) values (343, 74417, 96, 74, 13);
insert into TB_VOO (ID_VOO, NR_VOO, ID_AEROPORTO_ORIGEM, ID_AEROPORTO_DESTINO, ID_COMPANHIA_AEREA) values (344, 46686, 36, 23, 13);
insert into TB_VOO (ID_VOO, NR_VOO, ID_AEROPORTO_ORIGEM, ID_AEROPORTO_DESTINO, ID_COMPANHIA_AEREA) values (345, 64969, 59, 45, 12);
insert into TB_VOO (ID_VOO, NR_VOO, ID_AEROPORTO_ORIGEM, ID_AEROPORTO_DESTINO, ID_COMPANHIA_AEREA) values (346, 57923, 91, 47, 15);
insert into TB_VOO (ID_VOO, NR_VOO, ID_AEROPORTO_ORIGEM, ID_AEROPORTO_DESTINO, ID_COMPANHIA_AEREA) values (347, 80167, 98, 4, 13);
insert into TB_VOO (ID_VOO, NR_VOO, ID_AEROPORTO_ORIGEM, ID_AEROPORTO_DESTINO, ID_COMPANHIA_AEREA) values (348, 98081, 20, 34, 6);
insert into TB_VOO (ID_VOO, NR_VOO, ID_AEROPORTO_ORIGEM, ID_AEROPORTO_DESTINO, ID_COMPANHIA_AEREA) values (349, 68308, 98, 49, 3);
insert into TB_VOO (ID_VOO, NR_VOO, ID_AEROPORTO_ORIGEM, ID_AEROPORTO_DESTINO, ID_COMPANHIA_AEREA) values (350, 35249, 37, 18, 8);
insert into TB_VOO (ID_VOO, NR_VOO, ID_AEROPORTO_ORIGEM, ID_AEROPORTO_DESTINO, ID_COMPANHIA_AEREA) values (351, 34103, 12, 35, 14);
insert into TB_VOO (ID_VOO, NR_VOO, ID_AEROPORTO_ORIGEM, ID_AEROPORTO_DESTINO, ID_COMPANHIA_AEREA) values (352, 38540, 88, 54, 10);
insert into TB_VOO (ID_VOO, NR_VOO, ID_AEROPORTO_ORIGEM, ID_AEROPORTO_DESTINO, ID_COMPANHIA_AEREA) values (353, 22925, 50, 49, 5);
insert into TB_VOO (ID_VOO, NR_VOO, ID_AEROPORTO_ORIGEM, ID_AEROPORTO_DESTINO, ID_COMPANHIA_AEREA) values (354, 63859, 57, 9, 3);
insert into TB_VOO (ID_VOO, NR_VOO, ID_AEROPORTO_ORIGEM, ID_AEROPORTO_DESTINO, ID_COMPANHIA_AEREA) values (355, 86575, 78, 48, 1);
insert into TB_VOO (ID_VOO, NR_VOO, ID_AEROPORTO_ORIGEM, ID_AEROPORTO_DESTINO, ID_COMPANHIA_AEREA) values (356, 24294, 59, 65, 6);
insert into TB_VOO (ID_VOO, NR_VOO, ID_AEROPORTO_ORIGEM, ID_AEROPORTO_DESTINO, ID_COMPANHIA_AEREA) values (357, 82433, 42, 9, 11);
insert into TB_VOO (ID_VOO, NR_VOO, ID_AEROPORTO_ORIGEM, ID_AEROPORTO_DESTINO, ID_COMPANHIA_AEREA) values (358, 77013, 54, 44, 5);
insert into TB_VOO (ID_VOO, NR_VOO, ID_AEROPORTO_ORIGEM, ID_AEROPORTO_DESTINO, ID_COMPANHIA_AEREA) values (359, 21841, 67, 23, 11);
insert into TB_VOO (ID_VOO, NR_VOO, ID_AEROPORTO_ORIGEM, ID_AEROPORTO_DESTINO, ID_COMPANHIA_AEREA) values (360, 11180, 31, 52, 15);
insert into TB_VOO (ID_VOO, NR_VOO, ID_AEROPORTO_ORIGEM, ID_AEROPORTO_DESTINO, ID_COMPANHIA_AEREA) values (361, 22385, 3, 51, 2);
insert into TB_VOO (ID_VOO, NR_VOO, ID_AEROPORTO_ORIGEM, ID_AEROPORTO_DESTINO, ID_COMPANHIA_AEREA) values (362, 15531, 70, 45, 14);
insert into TB_VOO (ID_VOO, NR_VOO, ID_AEROPORTO_ORIGEM, ID_AEROPORTO_DESTINO, ID_COMPANHIA_AEREA) values (363, 23828, 98, 29, 13);
insert into TB_VOO (ID_VOO, NR_VOO, ID_AEROPORTO_ORIGEM, ID_AEROPORTO_DESTINO, ID_COMPANHIA_AEREA) values (364, 72995, 11, 72, 7);
insert into TB_VOO (ID_VOO, NR_VOO, ID_AEROPORTO_ORIGEM, ID_AEROPORTO_DESTINO, ID_COMPANHIA_AEREA) values (365, 84014, 12, 21, 1);
insert into TB_VOO (ID_VOO, NR_VOO, ID_AEROPORTO_ORIGEM, ID_AEROPORTO_DESTINO, ID_COMPANHIA_AEREA) values (366, 80661, 66, 31, 14);
insert into TB_VOO (ID_VOO, NR_VOO, ID_AEROPORTO_ORIGEM, ID_AEROPORTO_DESTINO, ID_COMPANHIA_AEREA) values (367, 59351, 93, 94, 8);
insert into TB_VOO (ID_VOO, NR_VOO, ID_AEROPORTO_ORIGEM, ID_AEROPORTO_DESTINO, ID_COMPANHIA_AEREA) values (368, 13087, 60, 30, 7);
insert into TB_VOO (ID_VOO, NR_VOO, ID_AEROPORTO_ORIGEM, ID_AEROPORTO_DESTINO, ID_COMPANHIA_AEREA) values (369, 56816, 31, 56, 11);
insert into TB_VOO (ID_VOO, NR_VOO, ID_AEROPORTO_ORIGEM, ID_AEROPORTO_DESTINO, ID_COMPANHIA_AEREA) values (370, 77803, 49, 14, 6);
insert into TB_VOO (ID_VOO, NR_VOO, ID_AEROPORTO_ORIGEM, ID_AEROPORTO_DESTINO, ID_COMPANHIA_AEREA) values (371, 37479, 58, 40, 13);
insert into TB_VOO (ID_VOO, NR_VOO, ID_AEROPORTO_ORIGEM, ID_AEROPORTO_DESTINO, ID_COMPANHIA_AEREA) values (372, 92649, 57, 76, 11);
insert into TB_VOO (ID_VOO, NR_VOO, ID_AEROPORTO_ORIGEM, ID_AEROPORTO_DESTINO, ID_COMPANHIA_AEREA) values (373, 97311, 57, 25, 10);
insert into TB_VOO (ID_VOO, NR_VOO, ID_AEROPORTO_ORIGEM, ID_AEROPORTO_DESTINO, ID_COMPANHIA_AEREA) values (374, 45642, 43, 67, 8);
insert into TB_VOO (ID_VOO, NR_VOO, ID_AEROPORTO_ORIGEM, ID_AEROPORTO_DESTINO, ID_COMPANHIA_AEREA) values (375, 12246, 84, 91, 5);
insert into TB_VOO (ID_VOO, NR_VOO, ID_AEROPORTO_ORIGEM, ID_AEROPORTO_DESTINO, ID_COMPANHIA_AEREA) values (376, 75595, 95, 16, 9);
insert into TB_VOO (ID_VOO, NR_VOO, ID_AEROPORTO_ORIGEM, ID_AEROPORTO_DESTINO, ID_COMPANHIA_AEREA) values (377, 71109, 80, 94, 11);
insert into TB_VOO (ID_VOO, NR_VOO, ID_AEROPORTO_ORIGEM, ID_AEROPORTO_DESTINO, ID_COMPANHIA_AEREA) values (378, 80183, 13, 72, 7);
insert into TB_VOO (ID_VOO, NR_VOO, ID_AEROPORTO_ORIGEM, ID_AEROPORTO_DESTINO, ID_COMPANHIA_AEREA) values (379, 86980, 50, 21, 13);
insert into TB_VOO (ID_VOO, NR_VOO, ID_AEROPORTO_ORIGEM, ID_AEROPORTO_DESTINO, ID_COMPANHIA_AEREA) values (380, 18268, 96, 27, 3);
insert into TB_VOO (ID_VOO, NR_VOO, ID_AEROPORTO_ORIGEM, ID_AEROPORTO_DESTINO, ID_COMPANHIA_AEREA) values (381, 36630, 8, 59, 9);
insert into TB_VOO (ID_VOO, NR_VOO, ID_AEROPORTO_ORIGEM, ID_AEROPORTO_DESTINO, ID_COMPANHIA_AEREA) values (382, 26487, 37, 2, 1);
insert into TB_VOO (ID_VOO, NR_VOO, ID_AEROPORTO_ORIGEM, ID_AEROPORTO_DESTINO, ID_COMPANHIA_AEREA) values (383, 81110, 5, 67, 15);
insert into TB_VOO (ID_VOO, NR_VOO, ID_AEROPORTO_ORIGEM, ID_AEROPORTO_DESTINO, ID_COMPANHIA_AEREA) values (384, 48156, 43, 79, 1);
insert into TB_VOO (ID_VOO, NR_VOO, ID_AEROPORTO_ORIGEM, ID_AEROPORTO_DESTINO, ID_COMPANHIA_AEREA) values (385, 54152, 66, 41, 13);
insert into TB_VOO (ID_VOO, NR_VOO, ID_AEROPORTO_ORIGEM, ID_AEROPORTO_DESTINO, ID_COMPANHIA_AEREA) values (386, 90444, 37, 87, 5);
insert into TB_VOO (ID_VOO, NR_VOO, ID_AEROPORTO_ORIGEM, ID_AEROPORTO_DESTINO, ID_COMPANHIA_AEREA) values (387, 70584, 40, 72, 13);
insert into TB_VOO (ID_VOO, NR_VOO, ID_AEROPORTO_ORIGEM, ID_AEROPORTO_DESTINO, ID_COMPANHIA_AEREA) values (388, 53841, 66, 62, 3);
insert into TB_VOO (ID_VOO, NR_VOO, ID_AEROPORTO_ORIGEM, ID_AEROPORTO_DESTINO, ID_COMPANHIA_AEREA) values (389, 92026, 99, 32, 15);
insert into TB_VOO (ID_VOO, NR_VOO, ID_AEROPORTO_ORIGEM, ID_AEROPORTO_DESTINO, ID_COMPANHIA_AEREA) values (390, 53456, 32, 72, 8);
insert into TB_VOO (ID_VOO, NR_VOO, ID_AEROPORTO_ORIGEM, ID_AEROPORTO_DESTINO, ID_COMPANHIA_AEREA) values (391, 24840, 57, 18, 9);
insert into TB_VOO (ID_VOO, NR_VOO, ID_AEROPORTO_ORIGEM, ID_AEROPORTO_DESTINO, ID_COMPANHIA_AEREA) values (392, 15225, 56, 31, 8);
insert into TB_VOO (ID_VOO, NR_VOO, ID_AEROPORTO_ORIGEM, ID_AEROPORTO_DESTINO, ID_COMPANHIA_AEREA) values (393, 16644, 91, 65, 3);
insert into TB_VOO (ID_VOO, NR_VOO, ID_AEROPORTO_ORIGEM, ID_AEROPORTO_DESTINO, ID_COMPANHIA_AEREA) values (394, 68776, 83, 90, 9);
insert into TB_VOO (ID_VOO, NR_VOO, ID_AEROPORTO_ORIGEM, ID_AEROPORTO_DESTINO, ID_COMPANHIA_AEREA) values (395, 98300, 61, 72, 9);
insert into TB_VOO (ID_VOO, NR_VOO, ID_AEROPORTO_ORIGEM, ID_AEROPORTO_DESTINO, ID_COMPANHIA_AEREA) values (396, 36745, 66, 85, 15);
insert into TB_VOO (ID_VOO, NR_VOO, ID_AEROPORTO_ORIGEM, ID_AEROPORTO_DESTINO, ID_COMPANHIA_AEREA) values (397, 66339, 44, 22, 12);
insert into TB_VOO (ID_VOO, NR_VOO, ID_AEROPORTO_ORIGEM, ID_AEROPORTO_DESTINO, ID_COMPANHIA_AEREA) values (398, 67951, 2, 36, 14);
insert into TB_VOO (ID_VOO, NR_VOO, ID_AEROPORTO_ORIGEM, ID_AEROPORTO_DESTINO, ID_COMPANHIA_AEREA) values (399, 81204, 69, 44, 3);
insert into TB_VOO (ID_VOO, NR_VOO, ID_AEROPORTO_ORIGEM, ID_AEROPORTO_DESTINO, ID_COMPANHIA_AEREA) values (400, 78911, 44, 61, 12);
insert into TB_VOO (ID_VOO, NR_VOO, ID_AEROPORTO_ORIGEM, ID_AEROPORTO_DESTINO, ID_COMPANHIA_AEREA) values (401, 83210, 67, 57, 11);
insert into TB_VOO (ID_VOO, NR_VOO, ID_AEROPORTO_ORIGEM, ID_AEROPORTO_DESTINO, ID_COMPANHIA_AEREA) values (402, 28368, 39, 51, 14);
insert into TB_VOO (ID_VOO, NR_VOO, ID_AEROPORTO_ORIGEM, ID_AEROPORTO_DESTINO, ID_COMPANHIA_AEREA) values (403, 78089, 64, 56, 4);
insert into TB_VOO (ID_VOO, NR_VOO, ID_AEROPORTO_ORIGEM, ID_AEROPORTO_DESTINO, ID_COMPANHIA_AEREA) values (404, 63493, 28, 71, 11);
insert into TB_VOO (ID_VOO, NR_VOO, ID_AEROPORTO_ORIGEM, ID_AEROPORTO_DESTINO, ID_COMPANHIA_AEREA) values (405, 59318, 7, 41, 10);
insert into TB_VOO (ID_VOO, NR_VOO, ID_AEROPORTO_ORIGEM, ID_AEROPORTO_DESTINO, ID_COMPANHIA_AEREA) values (406, 99650, 56, 10, 10);
insert into TB_VOO (ID_VOO, NR_VOO, ID_AEROPORTO_ORIGEM, ID_AEROPORTO_DESTINO, ID_COMPANHIA_AEREA) values (407, 95703, 60, 59, 1);
insert into TB_VOO (ID_VOO, NR_VOO, ID_AEROPORTO_ORIGEM, ID_AEROPORTO_DESTINO, ID_COMPANHIA_AEREA) values (408, 52677, 26, 44, 3);
insert into TB_VOO (ID_VOO, NR_VOO, ID_AEROPORTO_ORIGEM, ID_AEROPORTO_DESTINO, ID_COMPANHIA_AEREA) values (409, 87146, 17, 61, 5);
insert into TB_VOO (ID_VOO, NR_VOO, ID_AEROPORTO_ORIGEM, ID_AEROPORTO_DESTINO, ID_COMPANHIA_AEREA) values (410, 64920, 45, 79, 11);
insert into TB_VOO (ID_VOO, NR_VOO, ID_AEROPORTO_ORIGEM, ID_AEROPORTO_DESTINO, ID_COMPANHIA_AEREA) values (411, 55924, 80, 7, 5);
insert into TB_VOO (ID_VOO, NR_VOO, ID_AEROPORTO_ORIGEM, ID_AEROPORTO_DESTINO, ID_COMPANHIA_AEREA) values (412, 12078, 73, 68, 10);
insert into TB_VOO (ID_VOO, NR_VOO, ID_AEROPORTO_ORIGEM, ID_AEROPORTO_DESTINO, ID_COMPANHIA_AEREA) values (413, 13102, 68, 41, 11);
insert into TB_VOO (ID_VOO, NR_VOO, ID_AEROPORTO_ORIGEM, ID_AEROPORTO_DESTINO, ID_COMPANHIA_AEREA) values (414, 59774, 75, 88, 15);
insert into TB_VOO (ID_VOO, NR_VOO, ID_AEROPORTO_ORIGEM, ID_AEROPORTO_DESTINO, ID_COMPANHIA_AEREA) values (415, 31724, 62, 94, 6);
insert into TB_VOO (ID_VOO, NR_VOO, ID_AEROPORTO_ORIGEM, ID_AEROPORTO_DESTINO, ID_COMPANHIA_AEREA) values (416, 82688, 36, 53, 13);
insert into TB_VOO (ID_VOO, NR_VOO, ID_AEROPORTO_ORIGEM, ID_AEROPORTO_DESTINO, ID_COMPANHIA_AEREA) values (417, 11185, 49, 35, 14);
insert into TB_VOO (ID_VOO, NR_VOO, ID_AEROPORTO_ORIGEM, ID_AEROPORTO_DESTINO, ID_COMPANHIA_AEREA) values (418, 48710, 64, 76, 14);
insert into TB_VOO (ID_VOO, NR_VOO, ID_AEROPORTO_ORIGEM, ID_AEROPORTO_DESTINO, ID_COMPANHIA_AEREA) values (419, 24923, 91, 7, 9);
insert into TB_VOO (ID_VOO, NR_VOO, ID_AEROPORTO_ORIGEM, ID_AEROPORTO_DESTINO, ID_COMPANHIA_AEREA) values (420, 78543, 61, 22, 4);
insert into TB_VOO (ID_VOO, NR_VOO, ID_AEROPORTO_ORIGEM, ID_AEROPORTO_DESTINO, ID_COMPANHIA_AEREA) values (421, 27373, 61, 25, 5);
insert into TB_VOO (ID_VOO, NR_VOO, ID_AEROPORTO_ORIGEM, ID_AEROPORTO_DESTINO, ID_COMPANHIA_AEREA) values (422, 58911, 81, 57, 1);
insert into TB_VOO (ID_VOO, NR_VOO, ID_AEROPORTO_ORIGEM, ID_AEROPORTO_DESTINO, ID_COMPANHIA_AEREA) values (423, 97102, 59, 13, 9);
insert into TB_VOO (ID_VOO, NR_VOO, ID_AEROPORTO_ORIGEM, ID_AEROPORTO_DESTINO, ID_COMPANHIA_AEREA) values (424, 26508, 15, 70, 10);
insert into TB_VOO (ID_VOO, NR_VOO, ID_AEROPORTO_ORIGEM, ID_AEROPORTO_DESTINO, ID_COMPANHIA_AEREA) values (425, 66770, 96, 1, 9);
insert into TB_VOO (ID_VOO, NR_VOO, ID_AEROPORTO_ORIGEM, ID_AEROPORTO_DESTINO, ID_COMPANHIA_AEREA) values (426, 20091, 63, 46, 9);
insert into TB_VOO (ID_VOO, NR_VOO, ID_AEROPORTO_ORIGEM, ID_AEROPORTO_DESTINO, ID_COMPANHIA_AEREA) values (427, 54996, 12, 55, 2);
insert into TB_VOO (ID_VOO, NR_VOO, ID_AEROPORTO_ORIGEM, ID_AEROPORTO_DESTINO, ID_COMPANHIA_AEREA) values (428, 56177, 4, 92, 4);
insert into TB_VOO (ID_VOO, NR_VOO, ID_AEROPORTO_ORIGEM, ID_AEROPORTO_DESTINO, ID_COMPANHIA_AEREA) values (429, 84889, 55, 53, 14);
insert into TB_VOO (ID_VOO, NR_VOO, ID_AEROPORTO_ORIGEM, ID_AEROPORTO_DESTINO, ID_COMPANHIA_AEREA) values (430, 54507, 44, 44, 9);
insert into TB_VOO (ID_VOO, NR_VOO, ID_AEROPORTO_ORIGEM, ID_AEROPORTO_DESTINO, ID_COMPANHIA_AEREA) values (431, 13795, 30, 29, 4);
insert into TB_VOO (ID_VOO, NR_VOO, ID_AEROPORTO_ORIGEM, ID_AEROPORTO_DESTINO, ID_COMPANHIA_AEREA) values (432, 62347, 94, 48, 5);
insert into TB_VOO (ID_VOO, NR_VOO, ID_AEROPORTO_ORIGEM, ID_AEROPORTO_DESTINO, ID_COMPANHIA_AEREA) values (433, 39232, 76, 30, 4);
insert into TB_VOO (ID_VOO, NR_VOO, ID_AEROPORTO_ORIGEM, ID_AEROPORTO_DESTINO, ID_COMPANHIA_AEREA) values (434, 23557, 15, 24, 12);
insert into TB_VOO (ID_VOO, NR_VOO, ID_AEROPORTO_ORIGEM, ID_AEROPORTO_DESTINO, ID_COMPANHIA_AEREA) values (435, 36976, 75, 99, 11);
insert into TB_VOO (ID_VOO, NR_VOO, ID_AEROPORTO_ORIGEM, ID_AEROPORTO_DESTINO, ID_COMPANHIA_AEREA) values (436, 27381, 52, 32, 14);
insert into TB_VOO (ID_VOO, NR_VOO, ID_AEROPORTO_ORIGEM, ID_AEROPORTO_DESTINO, ID_COMPANHIA_AEREA) values (437, 21620, 67, 4, 12);
insert into TB_VOO (ID_VOO, NR_VOO, ID_AEROPORTO_ORIGEM, ID_AEROPORTO_DESTINO, ID_COMPANHIA_AEREA) values (438, 61845, 77, 98, 13);
insert into TB_VOO (ID_VOO, NR_VOO, ID_AEROPORTO_ORIGEM, ID_AEROPORTO_DESTINO, ID_COMPANHIA_AEREA) values (439, 12638, 34, 20, 1);
insert into TB_VOO (ID_VOO, NR_VOO, ID_AEROPORTO_ORIGEM, ID_AEROPORTO_DESTINO, ID_COMPANHIA_AEREA) values (440, 51192, 87, 6, 12);
insert into TB_VOO (ID_VOO, NR_VOO, ID_AEROPORTO_ORIGEM, ID_AEROPORTO_DESTINO, ID_COMPANHIA_AEREA) values (441, 19125, 64, 27, 6);
insert into TB_VOO (ID_VOO, NR_VOO, ID_AEROPORTO_ORIGEM, ID_AEROPORTO_DESTINO, ID_COMPANHIA_AEREA) values (442, 36251, 59, 35, 6);
insert into TB_VOO (ID_VOO, NR_VOO, ID_AEROPORTO_ORIGEM, ID_AEROPORTO_DESTINO, ID_COMPANHIA_AEREA) values (443, 52693, 73, 60, 11);
insert into TB_VOO (ID_VOO, NR_VOO, ID_AEROPORTO_ORIGEM, ID_AEROPORTO_DESTINO, ID_COMPANHIA_AEREA) values (444, 38754, 73, 39, 1);
insert into TB_VOO (ID_VOO, NR_VOO, ID_AEROPORTO_ORIGEM, ID_AEROPORTO_DESTINO, ID_COMPANHIA_AEREA) values (445, 80668, 43, 29, 15);
insert into TB_VOO (ID_VOO, NR_VOO, ID_AEROPORTO_ORIGEM, ID_AEROPORTO_DESTINO, ID_COMPANHIA_AEREA) values (446, 19839, 1, 8, 11);
insert into TB_VOO (ID_VOO, NR_VOO, ID_AEROPORTO_ORIGEM, ID_AEROPORTO_DESTINO, ID_COMPANHIA_AEREA) values (447, 12899, 77, 32, 13);
insert into TB_VOO (ID_VOO, NR_VOO, ID_AEROPORTO_ORIGEM, ID_AEROPORTO_DESTINO, ID_COMPANHIA_AEREA) values (448, 83077, 66, 71, 9);
insert into TB_VOO (ID_VOO, NR_VOO, ID_AEROPORTO_ORIGEM, ID_AEROPORTO_DESTINO, ID_COMPANHIA_AEREA) values (449, 39719, 35, 29, 11);
insert into TB_VOO (ID_VOO, NR_VOO, ID_AEROPORTO_ORIGEM, ID_AEROPORTO_DESTINO, ID_COMPANHIA_AEREA) values (450, 34330, 42, 33, 3);
insert into TB_VOO (ID_VOO, NR_VOO, ID_AEROPORTO_ORIGEM, ID_AEROPORTO_DESTINO, ID_COMPANHIA_AEREA) values (451, 79612, 91, 11, 6);
insert into TB_VOO (ID_VOO, NR_VOO, ID_AEROPORTO_ORIGEM, ID_AEROPORTO_DESTINO, ID_COMPANHIA_AEREA) values (452, 42370, 39, 53, 5);
insert into TB_VOO (ID_VOO, NR_VOO, ID_AEROPORTO_ORIGEM, ID_AEROPORTO_DESTINO, ID_COMPANHIA_AEREA) values (453, 51177, 5, 83, 8);
insert into TB_VOO (ID_VOO, NR_VOO, ID_AEROPORTO_ORIGEM, ID_AEROPORTO_DESTINO, ID_COMPANHIA_AEREA) values (454, 49142, 1, 12, 5);
insert into TB_VOO (ID_VOO, NR_VOO, ID_AEROPORTO_ORIGEM, ID_AEROPORTO_DESTINO, ID_COMPANHIA_AEREA) values (455, 64216, 47, 3, 8);
insert into TB_VOO (ID_VOO, NR_VOO, ID_AEROPORTO_ORIGEM, ID_AEROPORTO_DESTINO, ID_COMPANHIA_AEREA) values (456, 66186, 11, 14, 9);
insert into TB_VOO (ID_VOO, NR_VOO, ID_AEROPORTO_ORIGEM, ID_AEROPORTO_DESTINO, ID_COMPANHIA_AEREA) values (457, 92342, 3, 99, 1);
insert into TB_VOO (ID_VOO, NR_VOO, ID_AEROPORTO_ORIGEM, ID_AEROPORTO_DESTINO, ID_COMPANHIA_AEREA) values (458, 71080, 29, 86, 5);
insert into TB_VOO (ID_VOO, NR_VOO, ID_AEROPORTO_ORIGEM, ID_AEROPORTO_DESTINO, ID_COMPANHIA_AEREA) values (459, 27183, 41, 30, 15);
insert into TB_VOO (ID_VOO, NR_VOO, ID_AEROPORTO_ORIGEM, ID_AEROPORTO_DESTINO, ID_COMPANHIA_AEREA) values (460, 33911, 32, 14, 11);
insert into TB_VOO (ID_VOO, NR_VOO, ID_AEROPORTO_ORIGEM, ID_AEROPORTO_DESTINO, ID_COMPANHIA_AEREA) values (461, 90474, 35, 36, 13);
insert into TB_VOO (ID_VOO, NR_VOO, ID_AEROPORTO_ORIGEM, ID_AEROPORTO_DESTINO, ID_COMPANHIA_AEREA) values (462, 93327, 41, 83, 13);
insert into TB_VOO (ID_VOO, NR_VOO, ID_AEROPORTO_ORIGEM, ID_AEROPORTO_DESTINO, ID_COMPANHIA_AEREA) values (463, 47467, 65, 30, 9);
insert into TB_VOO (ID_VOO, NR_VOO, ID_AEROPORTO_ORIGEM, ID_AEROPORTO_DESTINO, ID_COMPANHIA_AEREA) values (464, 32308, 34, 8, 10);
insert into TB_VOO (ID_VOO, NR_VOO, ID_AEROPORTO_ORIGEM, ID_AEROPORTO_DESTINO, ID_COMPANHIA_AEREA) values (465, 77616, 56, 63, 1);
insert into TB_VOO (ID_VOO, NR_VOO, ID_AEROPORTO_ORIGEM, ID_AEROPORTO_DESTINO, ID_COMPANHIA_AEREA) values (466, 99936, 29, 13, 13);
insert into TB_VOO (ID_VOO, NR_VOO, ID_AEROPORTO_ORIGEM, ID_AEROPORTO_DESTINO, ID_COMPANHIA_AEREA) values (467, 71497, 49, 44, 7);
insert into TB_VOO (ID_VOO, NR_VOO, ID_AEROPORTO_ORIGEM, ID_AEROPORTO_DESTINO, ID_COMPANHIA_AEREA) values (468, 79245, 35, 78, 13);
insert into TB_VOO (ID_VOO, NR_VOO, ID_AEROPORTO_ORIGEM, ID_AEROPORTO_DESTINO, ID_COMPANHIA_AEREA) values (469, 25430, 84, 62, 6);
insert into TB_VOO (ID_VOO, NR_VOO, ID_AEROPORTO_ORIGEM, ID_AEROPORTO_DESTINO, ID_COMPANHIA_AEREA) values (470, 99844, 2, 91, 8);
insert into TB_VOO (ID_VOO, NR_VOO, ID_AEROPORTO_ORIGEM, ID_AEROPORTO_DESTINO, ID_COMPANHIA_AEREA) values (471, 26071, 31, 21, 10);
insert into TB_VOO (ID_VOO, NR_VOO, ID_AEROPORTO_ORIGEM, ID_AEROPORTO_DESTINO, ID_COMPANHIA_AEREA) values (472, 32426, 51, 69, 4);
insert into TB_VOO (ID_VOO, NR_VOO, ID_AEROPORTO_ORIGEM, ID_AEROPORTO_DESTINO, ID_COMPANHIA_AEREA) values (473, 40572, 10, 9, 13);
insert into TB_VOO (ID_VOO, NR_VOO, ID_AEROPORTO_ORIGEM, ID_AEROPORTO_DESTINO, ID_COMPANHIA_AEREA) values (474, 40976, 82, 43, 8);
insert into TB_VOO (ID_VOO, NR_VOO, ID_AEROPORTO_ORIGEM, ID_AEROPORTO_DESTINO, ID_COMPANHIA_AEREA) values (475, 15877, 6, 55, 10);
insert into TB_VOO (ID_VOO, NR_VOO, ID_AEROPORTO_ORIGEM, ID_AEROPORTO_DESTINO, ID_COMPANHIA_AEREA) values (476, 93622, 42, 83, 15);
insert into TB_VOO (ID_VOO, NR_VOO, ID_AEROPORTO_ORIGEM, ID_AEROPORTO_DESTINO, ID_COMPANHIA_AEREA) values (477, 12932, 47, 11, 7);
insert into TB_VOO (ID_VOO, NR_VOO, ID_AEROPORTO_ORIGEM, ID_AEROPORTO_DESTINO, ID_COMPANHIA_AEREA) values (478, 45044, 61, 87, 10);
insert into TB_VOO (ID_VOO, NR_VOO, ID_AEROPORTO_ORIGEM, ID_AEROPORTO_DESTINO, ID_COMPANHIA_AEREA) values (479, 38243, 14, 91, 15);
insert into TB_VOO (ID_VOO, NR_VOO, ID_AEROPORTO_ORIGEM, ID_AEROPORTO_DESTINO, ID_COMPANHIA_AEREA) values (480, 47297, 80, 58, 13);
insert into TB_VOO (ID_VOO, NR_VOO, ID_AEROPORTO_ORIGEM, ID_AEROPORTO_DESTINO, ID_COMPANHIA_AEREA) values (481, 63727, 37, 86, 1);
insert into TB_VOO (ID_VOO, NR_VOO, ID_AEROPORTO_ORIGEM, ID_AEROPORTO_DESTINO, ID_COMPANHIA_AEREA) values (482, 55401, 61, 76, 4);
insert into TB_VOO (ID_VOO, NR_VOO, ID_AEROPORTO_ORIGEM, ID_AEROPORTO_DESTINO, ID_COMPANHIA_AEREA) values (483, 34928, 99, 98, 13);
insert into TB_VOO (ID_VOO, NR_VOO, ID_AEROPORTO_ORIGEM, ID_AEROPORTO_DESTINO, ID_COMPANHIA_AEREA) values (484, 29840, 9, 34, 12);
insert into TB_VOO (ID_VOO, NR_VOO, ID_AEROPORTO_ORIGEM, ID_AEROPORTO_DESTINO, ID_COMPANHIA_AEREA) values (485, 25728, 53, 53, 8);
insert into TB_VOO (ID_VOO, NR_VOO, ID_AEROPORTO_ORIGEM, ID_AEROPORTO_DESTINO, ID_COMPANHIA_AEREA) values (486, 14987, 78, 41, 8);
insert into TB_VOO (ID_VOO, NR_VOO, ID_AEROPORTO_ORIGEM, ID_AEROPORTO_DESTINO, ID_COMPANHIA_AEREA) values (487, 70372, 69, 58, 3);
insert into TB_VOO (ID_VOO, NR_VOO, ID_AEROPORTO_ORIGEM, ID_AEROPORTO_DESTINO, ID_COMPANHIA_AEREA) values (488, 19812, 45, 41, 10);
insert into TB_VOO (ID_VOO, NR_VOO, ID_AEROPORTO_ORIGEM, ID_AEROPORTO_DESTINO, ID_COMPANHIA_AEREA) values (489, 59660, 76, 69, 3);
insert into TB_VOO (ID_VOO, NR_VOO, ID_AEROPORTO_ORIGEM, ID_AEROPORTO_DESTINO, ID_COMPANHIA_AEREA) values (490, 11421, 98, 22, 10);
insert into TB_VOO (ID_VOO, NR_VOO, ID_AEROPORTO_ORIGEM, ID_AEROPORTO_DESTINO, ID_COMPANHIA_AEREA) values (491, 15894, 78, 61, 12);
insert into TB_VOO (ID_VOO, NR_VOO, ID_AEROPORTO_ORIGEM, ID_AEROPORTO_DESTINO, ID_COMPANHIA_AEREA) values (492, 82633, 45, 22, 11);
insert into TB_VOO (ID_VOO, NR_VOO, ID_AEROPORTO_ORIGEM, ID_AEROPORTO_DESTINO, ID_COMPANHIA_AEREA) values (493, 89956, 15, 21, 7);
insert into TB_VOO (ID_VOO, NR_VOO, ID_AEROPORTO_ORIGEM, ID_AEROPORTO_DESTINO, ID_COMPANHIA_AEREA) values (494, 57212, 7, 53, 13);
insert into TB_VOO (ID_VOO, NR_VOO, ID_AEROPORTO_ORIGEM, ID_AEROPORTO_DESTINO, ID_COMPANHIA_AEREA) values (495, 14026, 71, 52, 4);
insert into TB_VOO (ID_VOO, NR_VOO, ID_AEROPORTO_ORIGEM, ID_AEROPORTO_DESTINO, ID_COMPANHIA_AEREA) values (496, 52232, 15, 19, 13);
insert into TB_VOO (ID_VOO, NR_VOO, ID_AEROPORTO_ORIGEM, ID_AEROPORTO_DESTINO, ID_COMPANHIA_AEREA) values (497, 25846, 94, 14, 12);
insert into TB_VOO (ID_VOO, NR_VOO, ID_AEROPORTO_ORIGEM, ID_AEROPORTO_DESTINO, ID_COMPANHIA_AEREA) values (498, 43352, 84, 9, 9);
insert into TB_VOO (ID_VOO, NR_VOO, ID_AEROPORTO_ORIGEM, ID_AEROPORTO_DESTINO, ID_COMPANHIA_AEREA) values (499, 64066, 39, 46, 1);
insert into TB_VOO (ID_VOO, NR_VOO, ID_AEROPORTO_ORIGEM, ID_AEROPORTO_DESTINO, ID_COMPANHIA_AEREA) values (500, 15180, 43, 47, 13);
insert into TB_VOO (ID_VOO, NR_VOO, ID_AEROPORTO_ORIGEM, ID_AEROPORTO_DESTINO, ID_COMPANHIA_AEREA) values (501, 82412, 12, 30, 2);
insert into TB_VOO (ID_VOO, NR_VOO, ID_AEROPORTO_ORIGEM, ID_AEROPORTO_DESTINO, ID_COMPANHIA_AEREA) values (502, 61723, 77, 5, 2);
insert into TB_VOO (ID_VOO, NR_VOO, ID_AEROPORTO_ORIGEM, ID_AEROPORTO_DESTINO, ID_COMPANHIA_AEREA) values (503, 48035, 12, 33, 12);
insert into TB_VOO (ID_VOO, NR_VOO, ID_AEROPORTO_ORIGEM, ID_AEROPORTO_DESTINO, ID_COMPANHIA_AEREA) values (504, 60509, 9, 21, 9);
insert into TB_VOO (ID_VOO, NR_VOO, ID_AEROPORTO_ORIGEM, ID_AEROPORTO_DESTINO, ID_COMPANHIA_AEREA) values (505, 28856, 38, 51, 3);
insert into TB_VOO (ID_VOO, NR_VOO, ID_AEROPORTO_ORIGEM, ID_AEROPORTO_DESTINO, ID_COMPANHIA_AEREA) values (506, 27899, 89, 96, 5);
insert into TB_VOO (ID_VOO, NR_VOO, ID_AEROPORTO_ORIGEM, ID_AEROPORTO_DESTINO, ID_COMPANHIA_AEREA) values (507, 78805, 82, 56, 12);
insert into TB_VOO (ID_VOO, NR_VOO, ID_AEROPORTO_ORIGEM, ID_AEROPORTO_DESTINO, ID_COMPANHIA_AEREA) values (508, 40554, 76, 65, 11);
insert into TB_VOO (ID_VOO, NR_VOO, ID_AEROPORTO_ORIGEM, ID_AEROPORTO_DESTINO, ID_COMPANHIA_AEREA) values (509, 86469, 1, 88, 9);
insert into TB_VOO (ID_VOO, NR_VOO, ID_AEROPORTO_ORIGEM, ID_AEROPORTO_DESTINO, ID_COMPANHIA_AEREA) values (510, 99019, 22, 61, 10);
insert into TB_VOO (ID_VOO, NR_VOO, ID_AEROPORTO_ORIGEM, ID_AEROPORTO_DESTINO, ID_COMPANHIA_AEREA) values (511, 64245, 45, 56, 1);
insert into TB_VOO (ID_VOO, NR_VOO, ID_AEROPORTO_ORIGEM, ID_AEROPORTO_DESTINO, ID_COMPANHIA_AEREA) values (512, 73195, 89, 92, 2);
insert into TB_VOO (ID_VOO, NR_VOO, ID_AEROPORTO_ORIGEM, ID_AEROPORTO_DESTINO, ID_COMPANHIA_AEREA) values (513, 47286, 61, 28, 6);
insert into TB_VOO (ID_VOO, NR_VOO, ID_AEROPORTO_ORIGEM, ID_AEROPORTO_DESTINO, ID_COMPANHIA_AEREA) values (514, 56139, 56, 47, 8);
insert into TB_VOO (ID_VOO, NR_VOO, ID_AEROPORTO_ORIGEM, ID_AEROPORTO_DESTINO, ID_COMPANHIA_AEREA) values (515, 27410, 38, 68, 13);
insert into TB_VOO (ID_VOO, NR_VOO, ID_AEROPORTO_ORIGEM, ID_AEROPORTO_DESTINO, ID_COMPANHIA_AEREA) values (516, 22649, 53, 66, 11);
insert into TB_VOO (ID_VOO, NR_VOO, ID_AEROPORTO_ORIGEM, ID_AEROPORTO_DESTINO, ID_COMPANHIA_AEREA) values (517, 97319, 77, 73, 7);
insert into TB_VOO (ID_VOO, NR_VOO, ID_AEROPORTO_ORIGEM, ID_AEROPORTO_DESTINO, ID_COMPANHIA_AEREA) values (518, 13983, 42, 11, 6);
insert into TB_VOO (ID_VOO, NR_VOO, ID_AEROPORTO_ORIGEM, ID_AEROPORTO_DESTINO, ID_COMPANHIA_AEREA) values (519, 54032, 93, 87, 3);
insert into TB_VOO (ID_VOO, NR_VOO, ID_AEROPORTO_ORIGEM, ID_AEROPORTO_DESTINO, ID_COMPANHIA_AEREA) values (520, 18643, 35, 58, 4);
insert into TB_VOO (ID_VOO, NR_VOO, ID_AEROPORTO_ORIGEM, ID_AEROPORTO_DESTINO, ID_COMPANHIA_AEREA) values (521, 71289, 83, 25, 14);
insert into TB_VOO (ID_VOO, NR_VOO, ID_AEROPORTO_ORIGEM, ID_AEROPORTO_DESTINO, ID_COMPANHIA_AEREA) values (522, 84033, 46, 26, 8);
insert into TB_VOO (ID_VOO, NR_VOO, ID_AEROPORTO_ORIGEM, ID_AEROPORTO_DESTINO, ID_COMPANHIA_AEREA) values (523, 80122, 55, 30, 5);
insert into TB_VOO (ID_VOO, NR_VOO, ID_AEROPORTO_ORIGEM, ID_AEROPORTO_DESTINO, ID_COMPANHIA_AEREA) values (524, 88963, 74, 48, 15);
insert into TB_VOO (ID_VOO, NR_VOO, ID_AEROPORTO_ORIGEM, ID_AEROPORTO_DESTINO, ID_COMPANHIA_AEREA) values (525, 81303, 63, 7, 1);
insert into TB_VOO (ID_VOO, NR_VOO, ID_AEROPORTO_ORIGEM, ID_AEROPORTO_DESTINO, ID_COMPANHIA_AEREA) values (526, 18543, 43, 1, 6);
insert into TB_VOO (ID_VOO, NR_VOO, ID_AEROPORTO_ORIGEM, ID_AEROPORTO_DESTINO, ID_COMPANHIA_AEREA) values (527, 44628, 60, 95, 14);
insert into TB_VOO (ID_VOO, NR_VOO, ID_AEROPORTO_ORIGEM, ID_AEROPORTO_DESTINO, ID_COMPANHIA_AEREA) values (528, 43545, 85, 95, 3);
insert into TB_VOO (ID_VOO, NR_VOO, ID_AEROPORTO_ORIGEM, ID_AEROPORTO_DESTINO, ID_COMPANHIA_AEREA) values (529, 82584, 29, 28, 14);
insert into TB_VOO (ID_VOO, NR_VOO, ID_AEROPORTO_ORIGEM, ID_AEROPORTO_DESTINO, ID_COMPANHIA_AEREA) values (530, 77589, 69, 84, 3);
insert into TB_VOO (ID_VOO, NR_VOO, ID_AEROPORTO_ORIGEM, ID_AEROPORTO_DESTINO, ID_COMPANHIA_AEREA) values (531, 44211, 55, 14, 14);
insert into TB_VOO (ID_VOO, NR_VOO, ID_AEROPORTO_ORIGEM, ID_AEROPORTO_DESTINO, ID_COMPANHIA_AEREA) values (532, 50368, 24, 50, 4);
insert into TB_VOO (ID_VOO, NR_VOO, ID_AEROPORTO_ORIGEM, ID_AEROPORTO_DESTINO, ID_COMPANHIA_AEREA) values (533, 48975, 43, 45, 15);
insert into TB_VOO (ID_VOO, NR_VOO, ID_AEROPORTO_ORIGEM, ID_AEROPORTO_DESTINO, ID_COMPANHIA_AEREA) values (534, 15103, 2, 20, 2);
insert into TB_VOO (ID_VOO, NR_VOO, ID_AEROPORTO_ORIGEM, ID_AEROPORTO_DESTINO, ID_COMPANHIA_AEREA) values (535, 97019, 66, 26, 9);
insert into TB_VOO (ID_VOO, NR_VOO, ID_AEROPORTO_ORIGEM, ID_AEROPORTO_DESTINO, ID_COMPANHIA_AEREA) values (536, 88797, 87, 55, 13);
insert into TB_VOO (ID_VOO, NR_VOO, ID_AEROPORTO_ORIGEM, ID_AEROPORTO_DESTINO, ID_COMPANHIA_AEREA) values (537, 46661, 97, 1, 5);
insert into TB_VOO (ID_VOO, NR_VOO, ID_AEROPORTO_ORIGEM, ID_AEROPORTO_DESTINO, ID_COMPANHIA_AEREA) values (538, 47651, 27, 12, 8);
insert into TB_VOO (ID_VOO, NR_VOO, ID_AEROPORTO_ORIGEM, ID_AEROPORTO_DESTINO, ID_COMPANHIA_AEREA) values (539, 19460, 49, 96, 14);
insert into TB_VOO (ID_VOO, NR_VOO, ID_AEROPORTO_ORIGEM, ID_AEROPORTO_DESTINO, ID_COMPANHIA_AEREA) values (540, 79472, 20, 61, 14);
insert into TB_VOO (ID_VOO, NR_VOO, ID_AEROPORTO_ORIGEM, ID_AEROPORTO_DESTINO, ID_COMPANHIA_AEREA) values (541, 99535, 17, 79, 8);
insert into TB_VOO (ID_VOO, NR_VOO, ID_AEROPORTO_ORIGEM, ID_AEROPORTO_DESTINO, ID_COMPANHIA_AEREA) values (542, 65175, 49, 71, 3);
insert into TB_VOO (ID_VOO, NR_VOO, ID_AEROPORTO_ORIGEM, ID_AEROPORTO_DESTINO, ID_COMPANHIA_AEREA) values (543, 32713, 52, 1, 1);
insert into TB_VOO (ID_VOO, NR_VOO, ID_AEROPORTO_ORIGEM, ID_AEROPORTO_DESTINO, ID_COMPANHIA_AEREA) values (544, 84882, 40, 45, 5);
insert into TB_VOO (ID_VOO, NR_VOO, ID_AEROPORTO_ORIGEM, ID_AEROPORTO_DESTINO, ID_COMPANHIA_AEREA) values (545, 15062, 24, 61, 4);
insert into TB_VOO (ID_VOO, NR_VOO, ID_AEROPORTO_ORIGEM, ID_AEROPORTO_DESTINO, ID_COMPANHIA_AEREA) values (546, 57329, 26, 70, 15);
insert into TB_VOO (ID_VOO, NR_VOO, ID_AEROPORTO_ORIGEM, ID_AEROPORTO_DESTINO, ID_COMPANHIA_AEREA) values (547, 45781, 6, 74, 5);
insert into TB_VOO (ID_VOO, NR_VOO, ID_AEROPORTO_ORIGEM, ID_AEROPORTO_DESTINO, ID_COMPANHIA_AEREA) values (548, 37043, 4, 68, 7);
insert into TB_VOO (ID_VOO, NR_VOO, ID_AEROPORTO_ORIGEM, ID_AEROPORTO_DESTINO, ID_COMPANHIA_AEREA) values (549, 97207, 99, 8, 10);
insert into TB_VOO (ID_VOO, NR_VOO, ID_AEROPORTO_ORIGEM, ID_AEROPORTO_DESTINO, ID_COMPANHIA_AEREA) values (550, 14632, 61, 23, 8);
insert into TB_VOO (ID_VOO, NR_VOO, ID_AEROPORTO_ORIGEM, ID_AEROPORTO_DESTINO, ID_COMPANHIA_AEREA) values (551, 12541, 87, 6, 12);
insert into TB_VOO (ID_VOO, NR_VOO, ID_AEROPORTO_ORIGEM, ID_AEROPORTO_DESTINO, ID_COMPANHIA_AEREA) values (552, 62739, 71, 42, 4);
insert into TB_VOO (ID_VOO, NR_VOO, ID_AEROPORTO_ORIGEM, ID_AEROPORTO_DESTINO, ID_COMPANHIA_AEREA) values (553, 28135, 49, 87, 4);
insert into TB_VOO (ID_VOO, NR_VOO, ID_AEROPORTO_ORIGEM, ID_AEROPORTO_DESTINO, ID_COMPANHIA_AEREA) values (554, 84300, 71, 19, 6);
insert into TB_VOO (ID_VOO, NR_VOO, ID_AEROPORTO_ORIGEM, ID_AEROPORTO_DESTINO, ID_COMPANHIA_AEREA) values (555, 62193, 90, 4, 8);
insert into TB_VOO (ID_VOO, NR_VOO, ID_AEROPORTO_ORIGEM, ID_AEROPORTO_DESTINO, ID_COMPANHIA_AEREA) values (556, 81092, 25, 7, 2);
insert into TB_VOO (ID_VOO, NR_VOO, ID_AEROPORTO_ORIGEM, ID_AEROPORTO_DESTINO, ID_COMPANHIA_AEREA) values (557, 92238, 43, 27, 9);
insert into TB_VOO (ID_VOO, NR_VOO, ID_AEROPORTO_ORIGEM, ID_AEROPORTO_DESTINO, ID_COMPANHIA_AEREA) values (558, 60934, 15, 39, 1);
insert into TB_VOO (ID_VOO, NR_VOO, ID_AEROPORTO_ORIGEM, ID_AEROPORTO_DESTINO, ID_COMPANHIA_AEREA) values (559, 60825, 2, 92, 7);
insert into TB_VOO (ID_VOO, NR_VOO, ID_AEROPORTO_ORIGEM, ID_AEROPORTO_DESTINO, ID_COMPANHIA_AEREA) values (560, 91661, 7, 28, 8);
insert into TB_VOO (ID_VOO, NR_VOO, ID_AEROPORTO_ORIGEM, ID_AEROPORTO_DESTINO, ID_COMPANHIA_AEREA) values (561, 82053, 88, 52, 13);
insert into TB_VOO (ID_VOO, NR_VOO, ID_AEROPORTO_ORIGEM, ID_AEROPORTO_DESTINO, ID_COMPANHIA_AEREA) values (562, 70828, 6, 38, 12);
insert into TB_VOO (ID_VOO, NR_VOO, ID_AEROPORTO_ORIGEM, ID_AEROPORTO_DESTINO, ID_COMPANHIA_AEREA) values (563, 40077, 40, 75, 4);
insert into TB_VOO (ID_VOO, NR_VOO, ID_AEROPORTO_ORIGEM, ID_AEROPORTO_DESTINO, ID_COMPANHIA_AEREA) values (564, 72621, 47, 32, 2);
insert into TB_VOO (ID_VOO, NR_VOO, ID_AEROPORTO_ORIGEM, ID_AEROPORTO_DESTINO, ID_COMPANHIA_AEREA) values (565, 17234, 73, 88, 13);
insert into TB_VOO (ID_VOO, NR_VOO, ID_AEROPORTO_ORIGEM, ID_AEROPORTO_DESTINO, ID_COMPANHIA_AEREA) values (566, 85906, 76, 60, 10);
insert into TB_VOO (ID_VOO, NR_VOO, ID_AEROPORTO_ORIGEM, ID_AEROPORTO_DESTINO, ID_COMPANHIA_AEREA) values (567, 96695, 79, 32, 1);
insert into TB_VOO (ID_VOO, NR_VOO, ID_AEROPORTO_ORIGEM, ID_AEROPORTO_DESTINO, ID_COMPANHIA_AEREA) values (568, 21796, 6, 44, 15);
insert into TB_VOO (ID_VOO, NR_VOO, ID_AEROPORTO_ORIGEM, ID_AEROPORTO_DESTINO, ID_COMPANHIA_AEREA) values (569, 36277, 90, 73, 6);
insert into TB_VOO (ID_VOO, NR_VOO, ID_AEROPORTO_ORIGEM, ID_AEROPORTO_DESTINO, ID_COMPANHIA_AEREA) values (570, 84302, 61, 21, 4);
insert into TB_VOO (ID_VOO, NR_VOO, ID_AEROPORTO_ORIGEM, ID_AEROPORTO_DESTINO, ID_COMPANHIA_AEREA) values (571, 32932, 2, 39, 1);
insert into TB_VOO (ID_VOO, NR_VOO, ID_AEROPORTO_ORIGEM, ID_AEROPORTO_DESTINO, ID_COMPANHIA_AEREA) values (572, 57421, 37, 26, 7);
insert into TB_VOO (ID_VOO, NR_VOO, ID_AEROPORTO_ORIGEM, ID_AEROPORTO_DESTINO, ID_COMPANHIA_AEREA) values (573, 11303, 14, 92, 8);
insert into TB_VOO (ID_VOO, NR_VOO, ID_AEROPORTO_ORIGEM, ID_AEROPORTO_DESTINO, ID_COMPANHIA_AEREA) values (574, 87288, 47, 73, 10);
insert into TB_VOO (ID_VOO, NR_VOO, ID_AEROPORTO_ORIGEM, ID_AEROPORTO_DESTINO, ID_COMPANHIA_AEREA) values (575, 48397, 97, 53, 13);
insert into TB_VOO (ID_VOO, NR_VOO, ID_AEROPORTO_ORIGEM, ID_AEROPORTO_DESTINO, ID_COMPANHIA_AEREA) values (576, 64739, 79, 12, 15);
insert into TB_VOO (ID_VOO, NR_VOO, ID_AEROPORTO_ORIGEM, ID_AEROPORTO_DESTINO, ID_COMPANHIA_AEREA) values (577, 42978, 11, 41, 13);
insert into TB_VOO (ID_VOO, NR_VOO, ID_AEROPORTO_ORIGEM, ID_AEROPORTO_DESTINO, ID_COMPANHIA_AEREA) values (578, 48722, 82, 3, 9);
insert into TB_VOO (ID_VOO, NR_VOO, ID_AEROPORTO_ORIGEM, ID_AEROPORTO_DESTINO, ID_COMPANHIA_AEREA) values (579, 78599, 45, 43, 6);
insert into TB_VOO (ID_VOO, NR_VOO, ID_AEROPORTO_ORIGEM, ID_AEROPORTO_DESTINO, ID_COMPANHIA_AEREA) values (580, 74876, 68, 16, 3);
insert into TB_VOO (ID_VOO, NR_VOO, ID_AEROPORTO_ORIGEM, ID_AEROPORTO_DESTINO, ID_COMPANHIA_AEREA) values (581, 67936, 77, 95, 14);
insert into TB_VOO (ID_VOO, NR_VOO, ID_AEROPORTO_ORIGEM, ID_AEROPORTO_DESTINO, ID_COMPANHIA_AEREA) values (582, 79716, 26, 85, 3);
insert into TB_VOO (ID_VOO, NR_VOO, ID_AEROPORTO_ORIGEM, ID_AEROPORTO_DESTINO, ID_COMPANHIA_AEREA) values (583, 58715, 43, 92, 7);
insert into TB_VOO (ID_VOO, NR_VOO, ID_AEROPORTO_ORIGEM, ID_AEROPORTO_DESTINO, ID_COMPANHIA_AEREA) values (584, 62676, 6, 15, 9);
insert into TB_VOO (ID_VOO, NR_VOO, ID_AEROPORTO_ORIGEM, ID_AEROPORTO_DESTINO, ID_COMPANHIA_AEREA) values (585, 25494, 37, 96, 5);
insert into TB_VOO (ID_VOO, NR_VOO, ID_AEROPORTO_ORIGEM, ID_AEROPORTO_DESTINO, ID_COMPANHIA_AEREA) values (586, 62555, 67, 51, 3);
insert into TB_VOO (ID_VOO, NR_VOO, ID_AEROPORTO_ORIGEM, ID_AEROPORTO_DESTINO, ID_COMPANHIA_AEREA) values (587, 43923, 39, 56, 5);
insert into TB_VOO (ID_VOO, NR_VOO, ID_AEROPORTO_ORIGEM, ID_AEROPORTO_DESTINO, ID_COMPANHIA_AEREA) values (588, 93223, 7, 61, 15);
insert into TB_VOO (ID_VOO, NR_VOO, ID_AEROPORTO_ORIGEM, ID_AEROPORTO_DESTINO, ID_COMPANHIA_AEREA) values (589, 47873, 41, 83, 8);
insert into TB_VOO (ID_VOO, NR_VOO, ID_AEROPORTO_ORIGEM, ID_AEROPORTO_DESTINO, ID_COMPANHIA_AEREA) values (590, 91373, 63, 17, 7);
insert into TB_VOO (ID_VOO, NR_VOO, ID_AEROPORTO_ORIGEM, ID_AEROPORTO_DESTINO, ID_COMPANHIA_AEREA) values (591, 55911, 75, 83, 6);
insert into TB_VOO (ID_VOO, NR_VOO, ID_AEROPORTO_ORIGEM, ID_AEROPORTO_DESTINO, ID_COMPANHIA_AEREA) values (592, 84788, 36, 65, 5);
insert into TB_VOO (ID_VOO, NR_VOO, ID_AEROPORTO_ORIGEM, ID_AEROPORTO_DESTINO, ID_COMPANHIA_AEREA) values (593, 73995, 91, 12, 4);
insert into TB_VOO (ID_VOO, NR_VOO, ID_AEROPORTO_ORIGEM, ID_AEROPORTO_DESTINO, ID_COMPANHIA_AEREA) values (594, 20850, 18, 8, 8);
insert into TB_VOO (ID_VOO, NR_VOO, ID_AEROPORTO_ORIGEM, ID_AEROPORTO_DESTINO, ID_COMPANHIA_AEREA) values (595, 19419, 21, 54, 6);
insert into TB_VOO (ID_VOO, NR_VOO, ID_AEROPORTO_ORIGEM, ID_AEROPORTO_DESTINO, ID_COMPANHIA_AEREA) values (596, 22205, 59, 7, 15);
insert into TB_VOO (ID_VOO, NR_VOO, ID_AEROPORTO_ORIGEM, ID_AEROPORTO_DESTINO, ID_COMPANHIA_AEREA) values (597, 78831, 53, 94, 4);
insert into TB_VOO (ID_VOO, NR_VOO, ID_AEROPORTO_ORIGEM, ID_AEROPORTO_DESTINO, ID_COMPANHIA_AEREA) values (598, 88374, 64, 64, 11);
insert into TB_VOO (ID_VOO, NR_VOO, ID_AEROPORTO_ORIGEM, ID_AEROPORTO_DESTINO, ID_COMPANHIA_AEREA) values (599, 44022, 47, 5, 5);
insert into TB_VOO (ID_VOO, NR_VOO, ID_AEROPORTO_ORIGEM, ID_AEROPORTO_DESTINO, ID_COMPANHIA_AEREA) values (600, 74035, 53, 77, 8);
insert into TB_VOO (ID_VOO, NR_VOO, ID_AEROPORTO_ORIGEM, ID_AEROPORTO_DESTINO, ID_COMPANHIA_AEREA) values (601, 39092, 45, 2, 7);
insert into TB_VOO (ID_VOO, NR_VOO, ID_AEROPORTO_ORIGEM, ID_AEROPORTO_DESTINO, ID_COMPANHIA_AEREA) values (602, 12319, 89, 13, 4);
insert into TB_VOO (ID_VOO, NR_VOO, ID_AEROPORTO_ORIGEM, ID_AEROPORTO_DESTINO, ID_COMPANHIA_AEREA) values (603, 48401, 17, 96, 8);
insert into TB_VOO (ID_VOO, NR_VOO, ID_AEROPORTO_ORIGEM, ID_AEROPORTO_DESTINO, ID_COMPANHIA_AEREA) values (604, 82026, 48, 32, 10);
insert into TB_VOO (ID_VOO, NR_VOO, ID_AEROPORTO_ORIGEM, ID_AEROPORTO_DESTINO, ID_COMPANHIA_AEREA) values (605, 66578, 30, 80, 6);
insert into TB_VOO (ID_VOO, NR_VOO, ID_AEROPORTO_ORIGEM, ID_AEROPORTO_DESTINO, ID_COMPANHIA_AEREA) values (606, 28915, 65, 52, 14);
insert into TB_VOO (ID_VOO, NR_VOO, ID_AEROPORTO_ORIGEM, ID_AEROPORTO_DESTINO, ID_COMPANHIA_AEREA) values (607, 88831, 52, 59, 5);
insert into TB_VOO (ID_VOO, NR_VOO, ID_AEROPORTO_ORIGEM, ID_AEROPORTO_DESTINO, ID_COMPANHIA_AEREA) values (608, 33392, 90, 4, 3);
insert into TB_VOO (ID_VOO, NR_VOO, ID_AEROPORTO_ORIGEM, ID_AEROPORTO_DESTINO, ID_COMPANHIA_AEREA) values (609, 48504, 68, 73, 14);
insert into TB_VOO (ID_VOO, NR_VOO, ID_AEROPORTO_ORIGEM, ID_AEROPORTO_DESTINO, ID_COMPANHIA_AEREA) values (610, 92281, 25, 85, 10);
insert into TB_VOO (ID_VOO, NR_VOO, ID_AEROPORTO_ORIGEM, ID_AEROPORTO_DESTINO, ID_COMPANHIA_AEREA) values (611, 28183, 6, 17, 5);
insert into TB_VOO (ID_VOO, NR_VOO, ID_AEROPORTO_ORIGEM, ID_AEROPORTO_DESTINO, ID_COMPANHIA_AEREA) values (612, 14775, 78, 64, 2);
insert into TB_VOO (ID_VOO, NR_VOO, ID_AEROPORTO_ORIGEM, ID_AEROPORTO_DESTINO, ID_COMPANHIA_AEREA) values (613, 64098, 42, 71, 10);
insert into TB_VOO (ID_VOO, NR_VOO, ID_AEROPORTO_ORIGEM, ID_AEROPORTO_DESTINO, ID_COMPANHIA_AEREA) values (614, 70385, 12, 98, 2);
insert into TB_VOO (ID_VOO, NR_VOO, ID_AEROPORTO_ORIGEM, ID_AEROPORTO_DESTINO, ID_COMPANHIA_AEREA) values (615, 45201, 93, 51, 2);
insert into TB_VOO (ID_VOO, NR_VOO, ID_AEROPORTO_ORIGEM, ID_AEROPORTO_DESTINO, ID_COMPANHIA_AEREA) values (616, 43101, 52, 35, 12);
insert into TB_VOO (ID_VOO, NR_VOO, ID_AEROPORTO_ORIGEM, ID_AEROPORTO_DESTINO, ID_COMPANHIA_AEREA) values (617, 67675, 1, 37, 3);
insert into TB_VOO (ID_VOO, NR_VOO, ID_AEROPORTO_ORIGEM, ID_AEROPORTO_DESTINO, ID_COMPANHIA_AEREA) values (618, 88369, 67, 5, 7);
insert into TB_VOO (ID_VOO, NR_VOO, ID_AEROPORTO_ORIGEM, ID_AEROPORTO_DESTINO, ID_COMPANHIA_AEREA) values (619, 95701, 7, 99, 14);
insert into TB_VOO (ID_VOO, NR_VOO, ID_AEROPORTO_ORIGEM, ID_AEROPORTO_DESTINO, ID_COMPANHIA_AEREA) values (620, 18838, 60, 30, 9);
insert into TB_VOO (ID_VOO, NR_VOO, ID_AEROPORTO_ORIGEM, ID_AEROPORTO_DESTINO, ID_COMPANHIA_AEREA) values (621, 19062, 23, 74, 4);
insert into TB_VOO (ID_VOO, NR_VOO, ID_AEROPORTO_ORIGEM, ID_AEROPORTO_DESTINO, ID_COMPANHIA_AEREA) values (622, 76547, 42, 56, 4);
insert into TB_VOO (ID_VOO, NR_VOO, ID_AEROPORTO_ORIGEM, ID_AEROPORTO_DESTINO, ID_COMPANHIA_AEREA) values (623, 51634, 30, 60, 11);
insert into TB_VOO (ID_VOO, NR_VOO, ID_AEROPORTO_ORIGEM, ID_AEROPORTO_DESTINO, ID_COMPANHIA_AEREA) values (624, 33718, 61, 5, 13);
insert into TB_VOO (ID_VOO, NR_VOO, ID_AEROPORTO_ORIGEM, ID_AEROPORTO_DESTINO, ID_COMPANHIA_AEREA) values (625, 38774, 86, 57, 14);
insert into TB_VOO (ID_VOO, NR_VOO, ID_AEROPORTO_ORIGEM, ID_AEROPORTO_DESTINO, ID_COMPANHIA_AEREA) values (626, 22485, 20, 66, 15);
insert into TB_VOO (ID_VOO, NR_VOO, ID_AEROPORTO_ORIGEM, ID_AEROPORTO_DESTINO, ID_COMPANHIA_AEREA) values (627, 42070, 93, 25, 15);
insert into TB_VOO (ID_VOO, NR_VOO, ID_AEROPORTO_ORIGEM, ID_AEROPORTO_DESTINO, ID_COMPANHIA_AEREA) values (628, 54921, 77, 73, 6);
insert into TB_VOO (ID_VOO, NR_VOO, ID_AEROPORTO_ORIGEM, ID_AEROPORTO_DESTINO, ID_COMPANHIA_AEREA) values (629, 33624, 67, 76, 4);
insert into TB_VOO (ID_VOO, NR_VOO, ID_AEROPORTO_ORIGEM, ID_AEROPORTO_DESTINO, ID_COMPANHIA_AEREA) values (630, 41969, 93, 80, 13);
insert into TB_VOO (ID_VOO, NR_VOO, ID_AEROPORTO_ORIGEM, ID_AEROPORTO_DESTINO, ID_COMPANHIA_AEREA) values (631, 68918, 27, 23, 1);
insert into TB_VOO (ID_VOO, NR_VOO, ID_AEROPORTO_ORIGEM, ID_AEROPORTO_DESTINO, ID_COMPANHIA_AEREA) values (632, 48849, 19, 33, 3);
insert into TB_VOO (ID_VOO, NR_VOO, ID_AEROPORTO_ORIGEM, ID_AEROPORTO_DESTINO, ID_COMPANHIA_AEREA) values (633, 51285, 75, 33, 12);
insert into TB_VOO (ID_VOO, NR_VOO, ID_AEROPORTO_ORIGEM, ID_AEROPORTO_DESTINO, ID_COMPANHIA_AEREA) values (634, 84680, 48, 9, 14);
insert into TB_VOO (ID_VOO, NR_VOO, ID_AEROPORTO_ORIGEM, ID_AEROPORTO_DESTINO, ID_COMPANHIA_AEREA) values (635, 58780, 29, 97, 8);
insert into TB_VOO (ID_VOO, NR_VOO, ID_AEROPORTO_ORIGEM, ID_AEROPORTO_DESTINO, ID_COMPANHIA_AEREA) values (636, 86449, 84, 91, 12);
insert into TB_VOO (ID_VOO, NR_VOO, ID_AEROPORTO_ORIGEM, ID_AEROPORTO_DESTINO, ID_COMPANHIA_AEREA) values (637, 76240, 48, 8, 2);
insert into TB_VOO (ID_VOO, NR_VOO, ID_AEROPORTO_ORIGEM, ID_AEROPORTO_DESTINO, ID_COMPANHIA_AEREA) values (638, 66706, 79, 11, 13);
insert into TB_VOO (ID_VOO, NR_VOO, ID_AEROPORTO_ORIGEM, ID_AEROPORTO_DESTINO, ID_COMPANHIA_AEREA) values (639, 28530, 25, 77, 11);
insert into TB_VOO (ID_VOO, NR_VOO, ID_AEROPORTO_ORIGEM, ID_AEROPORTO_DESTINO, ID_COMPANHIA_AEREA) values (640, 13777, 89, 28, 6);
insert into TB_VOO (ID_VOO, NR_VOO, ID_AEROPORTO_ORIGEM, ID_AEROPORTO_DESTINO, ID_COMPANHIA_AEREA) values (641, 52042, 23, 31, 13);
insert into TB_VOO (ID_VOO, NR_VOO, ID_AEROPORTO_ORIGEM, ID_AEROPORTO_DESTINO, ID_COMPANHIA_AEREA) values (642, 11435, 70, 84, 3);
insert into TB_VOO (ID_VOO, NR_VOO, ID_AEROPORTO_ORIGEM, ID_AEROPORTO_DESTINO, ID_COMPANHIA_AEREA) values (643, 14230, 99, 87, 7);
insert into TB_VOO (ID_VOO, NR_VOO, ID_AEROPORTO_ORIGEM, ID_AEROPORTO_DESTINO, ID_COMPANHIA_AEREA) values (644, 88380, 12, 39, 3);
insert into TB_VOO (ID_VOO, NR_VOO, ID_AEROPORTO_ORIGEM, ID_AEROPORTO_DESTINO, ID_COMPANHIA_AEREA) values (645, 49596, 15, 32, 8);
insert into TB_VOO (ID_VOO, NR_VOO, ID_AEROPORTO_ORIGEM, ID_AEROPORTO_DESTINO, ID_COMPANHIA_AEREA) values (646, 29441, 88, 62, 6);
insert into TB_VOO (ID_VOO, NR_VOO, ID_AEROPORTO_ORIGEM, ID_AEROPORTO_DESTINO, ID_COMPANHIA_AEREA) values (647, 98257, 69, 43, 7);
insert into TB_VOO (ID_VOO, NR_VOO, ID_AEROPORTO_ORIGEM, ID_AEROPORTO_DESTINO, ID_COMPANHIA_AEREA) values (648, 53808, 39, 50, 7);
insert into TB_VOO (ID_VOO, NR_VOO, ID_AEROPORTO_ORIGEM, ID_AEROPORTO_DESTINO, ID_COMPANHIA_AEREA) values (649, 55831, 32, 48, 2);
insert into TB_VOO (ID_VOO, NR_VOO, ID_AEROPORTO_ORIGEM, ID_AEROPORTO_DESTINO, ID_COMPANHIA_AEREA) values (650, 31904, 21, 67, 7);
insert into TB_VOO (ID_VOO, NR_VOO, ID_AEROPORTO_ORIGEM, ID_AEROPORTO_DESTINO, ID_COMPANHIA_AEREA) values (651, 83401, 99, 72, 11);
insert into TB_VOO (ID_VOO, NR_VOO, ID_AEROPORTO_ORIGEM, ID_AEROPORTO_DESTINO, ID_COMPANHIA_AEREA) values (652, 39899, 16, 79, 9);
insert into TB_VOO (ID_VOO, NR_VOO, ID_AEROPORTO_ORIGEM, ID_AEROPORTO_DESTINO, ID_COMPANHIA_AEREA) values (653, 48372, 39, 34, 13);
insert into TB_VOO (ID_VOO, NR_VOO, ID_AEROPORTO_ORIGEM, ID_AEROPORTO_DESTINO, ID_COMPANHIA_AEREA) values (654, 65747, 67, 47, 7);
insert into TB_VOO (ID_VOO, NR_VOO, ID_AEROPORTO_ORIGEM, ID_AEROPORTO_DESTINO, ID_COMPANHIA_AEREA) values (655, 12234, 48, 42, 8);
insert into TB_VOO (ID_VOO, NR_VOO, ID_AEROPORTO_ORIGEM, ID_AEROPORTO_DESTINO, ID_COMPANHIA_AEREA) values (656, 76292, 42, 26, 4);
insert into TB_VOO (ID_VOO, NR_VOO, ID_AEROPORTO_ORIGEM, ID_AEROPORTO_DESTINO, ID_COMPANHIA_AEREA) values (657, 90511, 19, 87, 2);
insert into TB_VOO (ID_VOO, NR_VOO, ID_AEROPORTO_ORIGEM, ID_AEROPORTO_DESTINO, ID_COMPANHIA_AEREA) values (658, 91971, 17, 79, 10);
insert into TB_VOO (ID_VOO, NR_VOO, ID_AEROPORTO_ORIGEM, ID_AEROPORTO_DESTINO, ID_COMPANHIA_AEREA) values (659, 37098, 92, 80, 8);
insert into TB_VOO (ID_VOO, NR_VOO, ID_AEROPORTO_ORIGEM, ID_AEROPORTO_DESTINO, ID_COMPANHIA_AEREA) values (660, 74465, 41, 96, 12);
insert into TB_VOO (ID_VOO, NR_VOO, ID_AEROPORTO_ORIGEM, ID_AEROPORTO_DESTINO, ID_COMPANHIA_AEREA) values (661, 55692, 89, 38, 1);
insert into TB_VOO (ID_VOO, NR_VOO, ID_AEROPORTO_ORIGEM, ID_AEROPORTO_DESTINO, ID_COMPANHIA_AEREA) values (662, 47843, 3, 40, 6);
insert into TB_VOO (ID_VOO, NR_VOO, ID_AEROPORTO_ORIGEM, ID_AEROPORTO_DESTINO, ID_COMPANHIA_AEREA) values (663, 21961, 99, 96, 12);
insert into TB_VOO (ID_VOO, NR_VOO, ID_AEROPORTO_ORIGEM, ID_AEROPORTO_DESTINO, ID_COMPANHIA_AEREA) values (664, 17714, 50, 46, 14);
insert into TB_VOO (ID_VOO, NR_VOO, ID_AEROPORTO_ORIGEM, ID_AEROPORTO_DESTINO, ID_COMPANHIA_AEREA) values (665, 65754, 70, 55, 2);
insert into TB_VOO (ID_VOO, NR_VOO, ID_AEROPORTO_ORIGEM, ID_AEROPORTO_DESTINO, ID_COMPANHIA_AEREA) values (666, 16810, 23, 7, 14);
insert into TB_VOO (ID_VOO, NR_VOO, ID_AEROPORTO_ORIGEM, ID_AEROPORTO_DESTINO, ID_COMPANHIA_AEREA) values (667, 16856, 33, 68, 12);
insert into TB_VOO (ID_VOO, NR_VOO, ID_AEROPORTO_ORIGEM, ID_AEROPORTO_DESTINO, ID_COMPANHIA_AEREA) values (668, 87890, 35, 74, 10);
insert into TB_VOO (ID_VOO, NR_VOO, ID_AEROPORTO_ORIGEM, ID_AEROPORTO_DESTINO, ID_COMPANHIA_AEREA) values (669, 42972, 44, 11, 8);
insert into TB_VOO (ID_VOO, NR_VOO, ID_AEROPORTO_ORIGEM, ID_AEROPORTO_DESTINO, ID_COMPANHIA_AEREA) values (670, 38127, 18, 57, 6);
insert into TB_VOO (ID_VOO, NR_VOO, ID_AEROPORTO_ORIGEM, ID_AEROPORTO_DESTINO, ID_COMPANHIA_AEREA) values (671, 67964, 43, 40, 14);
insert into TB_VOO (ID_VOO, NR_VOO, ID_AEROPORTO_ORIGEM, ID_AEROPORTO_DESTINO, ID_COMPANHIA_AEREA) values (672, 68108, 75, 31, 9);
insert into TB_VOO (ID_VOO, NR_VOO, ID_AEROPORTO_ORIGEM, ID_AEROPORTO_DESTINO, ID_COMPANHIA_AEREA) values (673, 72626, 50, 40, 5);
insert into TB_VOO (ID_VOO, NR_VOO, ID_AEROPORTO_ORIGEM, ID_AEROPORTO_DESTINO, ID_COMPANHIA_AEREA) values (674, 98523, 66, 95, 13);
insert into TB_VOO (ID_VOO, NR_VOO, ID_AEROPORTO_ORIGEM, ID_AEROPORTO_DESTINO, ID_COMPANHIA_AEREA) values (675, 85311, 83, 99, 11);
insert into TB_VOO (ID_VOO, NR_VOO, ID_AEROPORTO_ORIGEM, ID_AEROPORTO_DESTINO, ID_COMPANHIA_AEREA) values (676, 43616, 56, 94, 7);
insert into TB_VOO (ID_VOO, NR_VOO, ID_AEROPORTO_ORIGEM, ID_AEROPORTO_DESTINO, ID_COMPANHIA_AEREA) values (677, 13846, 37, 66, 14);
insert into TB_VOO (ID_VOO, NR_VOO, ID_AEROPORTO_ORIGEM, ID_AEROPORTO_DESTINO, ID_COMPANHIA_AEREA) values (678, 49961, 72, 89, 5);
insert into TB_VOO (ID_VOO, NR_VOO, ID_AEROPORTO_ORIGEM, ID_AEROPORTO_DESTINO, ID_COMPANHIA_AEREA) values (679, 10828, 20, 10, 10);
insert into TB_VOO (ID_VOO, NR_VOO, ID_AEROPORTO_ORIGEM, ID_AEROPORTO_DESTINO, ID_COMPANHIA_AEREA) values (680, 88753, 45, 49, 9);
insert into TB_VOO (ID_VOO, NR_VOO, ID_AEROPORTO_ORIGEM, ID_AEROPORTO_DESTINO, ID_COMPANHIA_AEREA) values (681, 15891, 28, 6, 6);
insert into TB_VOO (ID_VOO, NR_VOO, ID_AEROPORTO_ORIGEM, ID_AEROPORTO_DESTINO, ID_COMPANHIA_AEREA) values (682, 28568, 39, 83, 9);
insert into TB_VOO (ID_VOO, NR_VOO, ID_AEROPORTO_ORIGEM, ID_AEROPORTO_DESTINO, ID_COMPANHIA_AEREA) values (683, 69618, 83, 72, 6);
insert into TB_VOO (ID_VOO, NR_VOO, ID_AEROPORTO_ORIGEM, ID_AEROPORTO_DESTINO, ID_COMPANHIA_AEREA) values (684, 26834, 54, 42, 12);
insert into TB_VOO (ID_VOO, NR_VOO, ID_AEROPORTO_ORIGEM, ID_AEROPORTO_DESTINO, ID_COMPANHIA_AEREA) values (685, 38367, 58, 70, 4);
insert into TB_VOO (ID_VOO, NR_VOO, ID_AEROPORTO_ORIGEM, ID_AEROPORTO_DESTINO, ID_COMPANHIA_AEREA) values (686, 39963, 93, 53, 8);
insert into TB_VOO (ID_VOO, NR_VOO, ID_AEROPORTO_ORIGEM, ID_AEROPORTO_DESTINO, ID_COMPANHIA_AEREA) values (687, 94921, 21, 92, 9);
insert into TB_VOO (ID_VOO, NR_VOO, ID_AEROPORTO_ORIGEM, ID_AEROPORTO_DESTINO, ID_COMPANHIA_AEREA) values (688, 72853, 64, 86, 10);
insert into TB_VOO (ID_VOO, NR_VOO, ID_AEROPORTO_ORIGEM, ID_AEROPORTO_DESTINO, ID_COMPANHIA_AEREA) values (689, 97575, 69, 74, 6);
insert into TB_VOO (ID_VOO, NR_VOO, ID_AEROPORTO_ORIGEM, ID_AEROPORTO_DESTINO, ID_COMPANHIA_AEREA) values (690, 89018, 94, 98, 3);
insert into TB_VOO (ID_VOO, NR_VOO, ID_AEROPORTO_ORIGEM, ID_AEROPORTO_DESTINO, ID_COMPANHIA_AEREA) values (691, 98815, 79, 3, 8);
insert into TB_VOO (ID_VOO, NR_VOO, ID_AEROPORTO_ORIGEM, ID_AEROPORTO_DESTINO, ID_COMPANHIA_AEREA) values (692, 40231, 31, 9, 1);
insert into TB_VOO (ID_VOO, NR_VOO, ID_AEROPORTO_ORIGEM, ID_AEROPORTO_DESTINO, ID_COMPANHIA_AEREA) values (693, 91777, 94, 13, 8);
insert into TB_VOO (ID_VOO, NR_VOO, ID_AEROPORTO_ORIGEM, ID_AEROPORTO_DESTINO, ID_COMPANHIA_AEREA) values (694, 33842, 99, 17, 2);
insert into TB_VOO (ID_VOO, NR_VOO, ID_AEROPORTO_ORIGEM, ID_AEROPORTO_DESTINO, ID_COMPANHIA_AEREA) values (695, 61204, 27, 20, 4);
insert into TB_VOO (ID_VOO, NR_VOO, ID_AEROPORTO_ORIGEM, ID_AEROPORTO_DESTINO, ID_COMPANHIA_AEREA) values (696, 64067, 28, 89, 8);
insert into TB_VOO (ID_VOO, NR_VOO, ID_AEROPORTO_ORIGEM, ID_AEROPORTO_DESTINO, ID_COMPANHIA_AEREA) values (697, 45466, 94, 23, 2);
insert into TB_VOO (ID_VOO, NR_VOO, ID_AEROPORTO_ORIGEM, ID_AEROPORTO_DESTINO, ID_COMPANHIA_AEREA) values (698, 76588, 41, 65, 12);
insert into TB_VOO (ID_VOO, NR_VOO, ID_AEROPORTO_ORIGEM, ID_AEROPORTO_DESTINO, ID_COMPANHIA_AEREA) values (699, 79633, 18, 77, 5);
insert into TB_VOO (ID_VOO, NR_VOO, ID_AEROPORTO_ORIGEM, ID_AEROPORTO_DESTINO, ID_COMPANHIA_AEREA) values (700, 51747, 90, 49, 2);
insert into TB_VOO (ID_VOO, NR_VOO, ID_AEROPORTO_ORIGEM, ID_AEROPORTO_DESTINO, ID_COMPANHIA_AEREA) values (701, 59365, 65, 82, 15);
insert into TB_VOO (ID_VOO, NR_VOO, ID_AEROPORTO_ORIGEM, ID_AEROPORTO_DESTINO, ID_COMPANHIA_AEREA) values (702, 20152, 99, 95, 4);
insert into TB_VOO (ID_VOO, NR_VOO, ID_AEROPORTO_ORIGEM, ID_AEROPORTO_DESTINO, ID_COMPANHIA_AEREA) values (703, 60545, 60, 86, 15);
insert into TB_VOO (ID_VOO, NR_VOO, ID_AEROPORTO_ORIGEM, ID_AEROPORTO_DESTINO, ID_COMPANHIA_AEREA) values (704, 31156, 11, 68, 3);
insert into TB_VOO (ID_VOO, NR_VOO, ID_AEROPORTO_ORIGEM, ID_AEROPORTO_DESTINO, ID_COMPANHIA_AEREA) values (705, 49867, 45, 47, 12);
insert into TB_VOO (ID_VOO, NR_VOO, ID_AEROPORTO_ORIGEM, ID_AEROPORTO_DESTINO, ID_COMPANHIA_AEREA) values (706, 29467, 86, 72, 3);
insert into TB_VOO (ID_VOO, NR_VOO, ID_AEROPORTO_ORIGEM, ID_AEROPORTO_DESTINO, ID_COMPANHIA_AEREA) values (707, 42276, 93, 41, 5);
insert into TB_VOO (ID_VOO, NR_VOO, ID_AEROPORTO_ORIGEM, ID_AEROPORTO_DESTINO, ID_COMPANHIA_AEREA) values (708, 41863, 9, 5, 2);
insert into TB_VOO (ID_VOO, NR_VOO, ID_AEROPORTO_ORIGEM, ID_AEROPORTO_DESTINO, ID_COMPANHIA_AEREA) values (709, 56456, 97, 50, 14);
insert into TB_VOO (ID_VOO, NR_VOO, ID_AEROPORTO_ORIGEM, ID_AEROPORTO_DESTINO, ID_COMPANHIA_AEREA) values (710, 68599, 83, 45, 4);
insert into TB_VOO (ID_VOO, NR_VOO, ID_AEROPORTO_ORIGEM, ID_AEROPORTO_DESTINO, ID_COMPANHIA_AEREA) values (711, 74033, 77, 85, 11);
insert into TB_VOO (ID_VOO, NR_VOO, ID_AEROPORTO_ORIGEM, ID_AEROPORTO_DESTINO, ID_COMPANHIA_AEREA) values (712, 30648, 83, 1, 12);
insert into TB_VOO (ID_VOO, NR_VOO, ID_AEROPORTO_ORIGEM, ID_AEROPORTO_DESTINO, ID_COMPANHIA_AEREA) values (713, 41287, 15, 66, 8);
insert into TB_VOO (ID_VOO, NR_VOO, ID_AEROPORTO_ORIGEM, ID_AEROPORTO_DESTINO, ID_COMPANHIA_AEREA) values (714, 62681, 27, 63, 5);
insert into TB_VOO (ID_VOO, NR_VOO, ID_AEROPORTO_ORIGEM, ID_AEROPORTO_DESTINO, ID_COMPANHIA_AEREA) values (715, 70865, 44, 77, 13);
insert into TB_VOO (ID_VOO, NR_VOO, ID_AEROPORTO_ORIGEM, ID_AEROPORTO_DESTINO, ID_COMPANHIA_AEREA) values (716, 21734, 78, 18, 2);
insert into TB_VOO (ID_VOO, NR_VOO, ID_AEROPORTO_ORIGEM, ID_AEROPORTO_DESTINO, ID_COMPANHIA_AEREA) values (717, 55894, 49, 51, 13);
insert into TB_VOO (ID_VOO, NR_VOO, ID_AEROPORTO_ORIGEM, ID_AEROPORTO_DESTINO, ID_COMPANHIA_AEREA) values (718, 17410, 15, 88, 14);
insert into TB_VOO (ID_VOO, NR_VOO, ID_AEROPORTO_ORIGEM, ID_AEROPORTO_DESTINO, ID_COMPANHIA_AEREA) values (719, 27031, 47, 21, 12);
insert into TB_VOO (ID_VOO, NR_VOO, ID_AEROPORTO_ORIGEM, ID_AEROPORTO_DESTINO, ID_COMPANHIA_AEREA) values (720, 78678, 56, 8, 15);
insert into TB_VOO (ID_VOO, NR_VOO, ID_AEROPORTO_ORIGEM, ID_AEROPORTO_DESTINO, ID_COMPANHIA_AEREA) values (721, 75892, 63, 47, 7);
insert into TB_VOO (ID_VOO, NR_VOO, ID_AEROPORTO_ORIGEM, ID_AEROPORTO_DESTINO, ID_COMPANHIA_AEREA) values (722, 77161, 43, 31, 4);
insert into TB_VOO (ID_VOO, NR_VOO, ID_AEROPORTO_ORIGEM, ID_AEROPORTO_DESTINO, ID_COMPANHIA_AEREA) values (723, 44951, 71, 7, 5);
insert into TB_VOO (ID_VOO, NR_VOO, ID_AEROPORTO_ORIGEM, ID_AEROPORTO_DESTINO, ID_COMPANHIA_AEREA) values (724, 60737, 42, 95, 12);
insert into TB_VOO (ID_VOO, NR_VOO, ID_AEROPORTO_ORIGEM, ID_AEROPORTO_DESTINO, ID_COMPANHIA_AEREA) values (725, 49875, 14, 95, 1);
insert into TB_VOO (ID_VOO, NR_VOO, ID_AEROPORTO_ORIGEM, ID_AEROPORTO_DESTINO, ID_COMPANHIA_AEREA) values (726, 85797, 69, 95, 6);
insert into TB_VOO (ID_VOO, NR_VOO, ID_AEROPORTO_ORIGEM, ID_AEROPORTO_DESTINO, ID_COMPANHIA_AEREA) values (727, 23547, 35, 8, 8);
insert into TB_VOO (ID_VOO, NR_VOO, ID_AEROPORTO_ORIGEM, ID_AEROPORTO_DESTINO, ID_COMPANHIA_AEREA) values (728, 69960, 42, 54, 8);
insert into TB_VOO (ID_VOO, NR_VOO, ID_AEROPORTO_ORIGEM, ID_AEROPORTO_DESTINO, ID_COMPANHIA_AEREA) values (729, 89653, 7, 37, 5);
insert into TB_VOO (ID_VOO, NR_VOO, ID_AEROPORTO_ORIGEM, ID_AEROPORTO_DESTINO, ID_COMPANHIA_AEREA) values (730, 21301, 76, 36, 1);
insert into TB_VOO (ID_VOO, NR_VOO, ID_AEROPORTO_ORIGEM, ID_AEROPORTO_DESTINO, ID_COMPANHIA_AEREA) values (731, 98077, 84, 21, 9);
insert into TB_VOO (ID_VOO, NR_VOO, ID_AEROPORTO_ORIGEM, ID_AEROPORTO_DESTINO, ID_COMPANHIA_AEREA) values (732, 72532, 88, 17, 13);
insert into TB_VOO (ID_VOO, NR_VOO, ID_AEROPORTO_ORIGEM, ID_AEROPORTO_DESTINO, ID_COMPANHIA_AEREA) values (733, 43836, 2, 78, 1);
insert into TB_VOO (ID_VOO, NR_VOO, ID_AEROPORTO_ORIGEM, ID_AEROPORTO_DESTINO, ID_COMPANHIA_AEREA) values (734, 63504, 25, 8, 5);
insert into TB_VOO (ID_VOO, NR_VOO, ID_AEROPORTO_ORIGEM, ID_AEROPORTO_DESTINO, ID_COMPANHIA_AEREA) values (735, 66534, 95, 31, 10);
insert into TB_VOO (ID_VOO, NR_VOO, ID_AEROPORTO_ORIGEM, ID_AEROPORTO_DESTINO, ID_COMPANHIA_AEREA) values (736, 79100, 56, 17, 12);
insert into TB_VOO (ID_VOO, NR_VOO, ID_AEROPORTO_ORIGEM, ID_AEROPORTO_DESTINO, ID_COMPANHIA_AEREA) values (737, 86973, 64, 32, 7);
insert into TB_VOO (ID_VOO, NR_VOO, ID_AEROPORTO_ORIGEM, ID_AEROPORTO_DESTINO, ID_COMPANHIA_AEREA) values (738, 55233, 35, 66, 6);
insert into TB_VOO (ID_VOO, NR_VOO, ID_AEROPORTO_ORIGEM, ID_AEROPORTO_DESTINO, ID_COMPANHIA_AEREA) values (739, 32904, 50, 11, 15);
insert into TB_VOO (ID_VOO, NR_VOO, ID_AEROPORTO_ORIGEM, ID_AEROPORTO_DESTINO, ID_COMPANHIA_AEREA) values (740, 50055, 2, 51, 12);
insert into TB_VOO (ID_VOO, NR_VOO, ID_AEROPORTO_ORIGEM, ID_AEROPORTO_DESTINO, ID_COMPANHIA_AEREA) values (741, 19531, 24, 49, 13);
insert into TB_VOO (ID_VOO, NR_VOO, ID_AEROPORTO_ORIGEM, ID_AEROPORTO_DESTINO, ID_COMPANHIA_AEREA) values (742, 43316, 34, 7, 12);
insert into TB_VOO (ID_VOO, NR_VOO, ID_AEROPORTO_ORIGEM, ID_AEROPORTO_DESTINO, ID_COMPANHIA_AEREA) values (743, 85328, 17, 22, 15);
insert into TB_VOO (ID_VOO, NR_VOO, ID_AEROPORTO_ORIGEM, ID_AEROPORTO_DESTINO, ID_COMPANHIA_AEREA) values (744, 63653, 82, 86, 5);
insert into TB_VOO (ID_VOO, NR_VOO, ID_AEROPORTO_ORIGEM, ID_AEROPORTO_DESTINO, ID_COMPANHIA_AEREA) values (745, 58641, 22, 83, 6);
insert into TB_VOO (ID_VOO, NR_VOO, ID_AEROPORTO_ORIGEM, ID_AEROPORTO_DESTINO, ID_COMPANHIA_AEREA) values (746, 79926, 24, 13, 5);
insert into TB_VOO (ID_VOO, NR_VOO, ID_AEROPORTO_ORIGEM, ID_AEROPORTO_DESTINO, ID_COMPANHIA_AEREA) values (747, 33199, 38, 41, 10);
insert into TB_VOO (ID_VOO, NR_VOO, ID_AEROPORTO_ORIGEM, ID_AEROPORTO_DESTINO, ID_COMPANHIA_AEREA) values (748, 32298, 76, 98, 10);
insert into TB_VOO (ID_VOO, NR_VOO, ID_AEROPORTO_ORIGEM, ID_AEROPORTO_DESTINO, ID_COMPANHIA_AEREA) values (749, 76093, 16, 47, 8);
insert into TB_VOO (ID_VOO, NR_VOO, ID_AEROPORTO_ORIGEM, ID_AEROPORTO_DESTINO, ID_COMPANHIA_AEREA) values (750, 56032, 67, 37, 12);
insert into TB_VOO (ID_VOO, NR_VOO, ID_AEROPORTO_ORIGEM, ID_AEROPORTO_DESTINO, ID_COMPANHIA_AEREA) values (751, 45256, 4, 98, 13);
insert into TB_VOO (ID_VOO, NR_VOO, ID_AEROPORTO_ORIGEM, ID_AEROPORTO_DESTINO, ID_COMPANHIA_AEREA) values (752, 23917, 53, 57, 6);
insert into TB_VOO (ID_VOO, NR_VOO, ID_AEROPORTO_ORIGEM, ID_AEROPORTO_DESTINO, ID_COMPANHIA_AEREA) values (753, 36029, 13, 37, 9);
insert into TB_VOO (ID_VOO, NR_VOO, ID_AEROPORTO_ORIGEM, ID_AEROPORTO_DESTINO, ID_COMPANHIA_AEREA) values (754, 71413, 57, 70, 2);
insert into TB_VOO (ID_VOO, NR_VOO, ID_AEROPORTO_ORIGEM, ID_AEROPORTO_DESTINO, ID_COMPANHIA_AEREA) values (755, 53124, 40, 22, 9);
insert into TB_VOO (ID_VOO, NR_VOO, ID_AEROPORTO_ORIGEM, ID_AEROPORTO_DESTINO, ID_COMPANHIA_AEREA) values (756, 66843, 18, 73, 14);
insert into TB_VOO (ID_VOO, NR_VOO, ID_AEROPORTO_ORIGEM, ID_AEROPORTO_DESTINO, ID_COMPANHIA_AEREA) values (757, 82304, 69, 55, 7);
insert into TB_VOO (ID_VOO, NR_VOO, ID_AEROPORTO_ORIGEM, ID_AEROPORTO_DESTINO, ID_COMPANHIA_AEREA) values (758, 40653, 63, 18, 2);
insert into TB_VOO (ID_VOO, NR_VOO, ID_AEROPORTO_ORIGEM, ID_AEROPORTO_DESTINO, ID_COMPANHIA_AEREA) values (759, 93906, 31, 14, 6);
insert into TB_VOO (ID_VOO, NR_VOO, ID_AEROPORTO_ORIGEM, ID_AEROPORTO_DESTINO, ID_COMPANHIA_AEREA) values (760, 39472, 42, 63, 8);
insert into TB_VOO (ID_VOO, NR_VOO, ID_AEROPORTO_ORIGEM, ID_AEROPORTO_DESTINO, ID_COMPANHIA_AEREA) values (761, 81252, 66, 28, 13);
insert into TB_VOO (ID_VOO, NR_VOO, ID_AEROPORTO_ORIGEM, ID_AEROPORTO_DESTINO, ID_COMPANHIA_AEREA) values (762, 26201, 34, 32, 13);
insert into TB_VOO (ID_VOO, NR_VOO, ID_AEROPORTO_ORIGEM, ID_AEROPORTO_DESTINO, ID_COMPANHIA_AEREA) values (763, 48916, 50, 3, 15);
insert into TB_VOO (ID_VOO, NR_VOO, ID_AEROPORTO_ORIGEM, ID_AEROPORTO_DESTINO, ID_COMPANHIA_AEREA) values (764, 36180, 28, 54, 15);
insert into TB_VOO (ID_VOO, NR_VOO, ID_AEROPORTO_ORIGEM, ID_AEROPORTO_DESTINO, ID_COMPANHIA_AEREA) values (765, 99045, 75, 33, 2);
insert into TB_VOO (ID_VOO, NR_VOO, ID_AEROPORTO_ORIGEM, ID_AEROPORTO_DESTINO, ID_COMPANHIA_AEREA) values (766, 58737, 57, 96, 4);
insert into TB_VOO (ID_VOO, NR_VOO, ID_AEROPORTO_ORIGEM, ID_AEROPORTO_DESTINO, ID_COMPANHIA_AEREA) values (767, 23471, 23, 16, 9);
insert into TB_VOO (ID_VOO, NR_VOO, ID_AEROPORTO_ORIGEM, ID_AEROPORTO_DESTINO, ID_COMPANHIA_AEREA) values (768, 63418, 17, 25, 7);
insert into TB_VOO (ID_VOO, NR_VOO, ID_AEROPORTO_ORIGEM, ID_AEROPORTO_DESTINO, ID_COMPANHIA_AEREA) values (769, 14429, 57, 48, 6);
insert into TB_VOO (ID_VOO, NR_VOO, ID_AEROPORTO_ORIGEM, ID_AEROPORTO_DESTINO, ID_COMPANHIA_AEREA) values (770, 62277, 80, 24, 3);
insert into TB_VOO (ID_VOO, NR_VOO, ID_AEROPORTO_ORIGEM, ID_AEROPORTO_DESTINO, ID_COMPANHIA_AEREA) values (771, 49161, 75, 21, 1);
insert into TB_VOO (ID_VOO, NR_VOO, ID_AEROPORTO_ORIGEM, ID_AEROPORTO_DESTINO, ID_COMPANHIA_AEREA) values (772, 59079, 82, 39, 3);
insert into TB_VOO (ID_VOO, NR_VOO, ID_AEROPORTO_ORIGEM, ID_AEROPORTO_DESTINO, ID_COMPANHIA_AEREA) values (773, 42936, 37, 1, 4);
insert into TB_VOO (ID_VOO, NR_VOO, ID_AEROPORTO_ORIGEM, ID_AEROPORTO_DESTINO, ID_COMPANHIA_AEREA) values (774, 33290, 53, 34, 6);
insert into TB_VOO (ID_VOO, NR_VOO, ID_AEROPORTO_ORIGEM, ID_AEROPORTO_DESTINO, ID_COMPANHIA_AEREA) values (775, 26206, 17, 40, 2);
insert into TB_VOO (ID_VOO, NR_VOO, ID_AEROPORTO_ORIGEM, ID_AEROPORTO_DESTINO, ID_COMPANHIA_AEREA) values (776, 44764, 10, 24, 14);
insert into TB_VOO (ID_VOO, NR_VOO, ID_AEROPORTO_ORIGEM, ID_AEROPORTO_DESTINO, ID_COMPANHIA_AEREA) values (777, 20531, 92, 25, 6);
insert into TB_VOO (ID_VOO, NR_VOO, ID_AEROPORTO_ORIGEM, ID_AEROPORTO_DESTINO, ID_COMPANHIA_AEREA) values (778, 10042, 99, 63, 14);
insert into TB_VOO (ID_VOO, NR_VOO, ID_AEROPORTO_ORIGEM, ID_AEROPORTO_DESTINO, ID_COMPANHIA_AEREA) values (779, 82401, 76, 34, 3);
insert into TB_VOO (ID_VOO, NR_VOO, ID_AEROPORTO_ORIGEM, ID_AEROPORTO_DESTINO, ID_COMPANHIA_AEREA) values (780, 72902, 38, 45, 9);
insert into TB_VOO (ID_VOO, NR_VOO, ID_AEROPORTO_ORIGEM, ID_AEROPORTO_DESTINO, ID_COMPANHIA_AEREA) values (781, 60626, 21, 45, 3);
insert into TB_VOO (ID_VOO, NR_VOO, ID_AEROPORTO_ORIGEM, ID_AEROPORTO_DESTINO, ID_COMPANHIA_AEREA) values (782, 66477, 98, 23, 12);
insert into TB_VOO (ID_VOO, NR_VOO, ID_AEROPORTO_ORIGEM, ID_AEROPORTO_DESTINO, ID_COMPANHIA_AEREA) values (783, 79301, 28, 39, 2);
insert into TB_VOO (ID_VOO, NR_VOO, ID_AEROPORTO_ORIGEM, ID_AEROPORTO_DESTINO, ID_COMPANHIA_AEREA) values (784, 33781, 97, 74, 14);
insert into TB_VOO (ID_VOO, NR_VOO, ID_AEROPORTO_ORIGEM, ID_AEROPORTO_DESTINO, ID_COMPANHIA_AEREA) values (785, 63796, 35, 44, 2);
insert into TB_VOO (ID_VOO, NR_VOO, ID_AEROPORTO_ORIGEM, ID_AEROPORTO_DESTINO, ID_COMPANHIA_AEREA) values (786, 10593, 27, 34, 8);
insert into TB_VOO (ID_VOO, NR_VOO, ID_AEROPORTO_ORIGEM, ID_AEROPORTO_DESTINO, ID_COMPANHIA_AEREA) values (787, 23729, 51, 82, 8);
insert into TB_VOO (ID_VOO, NR_VOO, ID_AEROPORTO_ORIGEM, ID_AEROPORTO_DESTINO, ID_COMPANHIA_AEREA) values (788, 67928, 47, 70, 2);
insert into TB_VOO (ID_VOO, NR_VOO, ID_AEROPORTO_ORIGEM, ID_AEROPORTO_DESTINO, ID_COMPANHIA_AEREA) values (789, 77181, 5, 1, 13);
insert into TB_VOO (ID_VOO, NR_VOO, ID_AEROPORTO_ORIGEM, ID_AEROPORTO_DESTINO, ID_COMPANHIA_AEREA) values (790, 73336, 78, 66, 1);
insert into TB_VOO (ID_VOO, NR_VOO, ID_AEROPORTO_ORIGEM, ID_AEROPORTO_DESTINO, ID_COMPANHIA_AEREA) values (791, 80337, 8, 66, 8);
insert into TB_VOO (ID_VOO, NR_VOO, ID_AEROPORTO_ORIGEM, ID_AEROPORTO_DESTINO, ID_COMPANHIA_AEREA) values (792, 89345, 75, 91, 5);
insert into TB_VOO (ID_VOO, NR_VOO, ID_AEROPORTO_ORIGEM, ID_AEROPORTO_DESTINO, ID_COMPANHIA_AEREA) values (793, 73768, 18, 73, 11);
insert into TB_VOO (ID_VOO, NR_VOO, ID_AEROPORTO_ORIGEM, ID_AEROPORTO_DESTINO, ID_COMPANHIA_AEREA) values (794, 21891, 21, 26, 1);
insert into TB_VOO (ID_VOO, NR_VOO, ID_AEROPORTO_ORIGEM, ID_AEROPORTO_DESTINO, ID_COMPANHIA_AEREA) values (795, 74192, 15, 26, 15);
insert into TB_VOO (ID_VOO, NR_VOO, ID_AEROPORTO_ORIGEM, ID_AEROPORTO_DESTINO, ID_COMPANHIA_AEREA) values (796, 66630, 27, 22, 15);
insert into TB_VOO (ID_VOO, NR_VOO, ID_AEROPORTO_ORIGEM, ID_AEROPORTO_DESTINO, ID_COMPANHIA_AEREA) values (797, 28545, 3, 18, 14);
insert into TB_VOO (ID_VOO, NR_VOO, ID_AEROPORTO_ORIGEM, ID_AEROPORTO_DESTINO, ID_COMPANHIA_AEREA) values (798, 62008, 3, 18, 12);
insert into TB_VOO (ID_VOO, NR_VOO, ID_AEROPORTO_ORIGEM, ID_AEROPORTO_DESTINO, ID_COMPANHIA_AEREA) values (799, 82404, 55, 70, 2);
insert into TB_VOO (ID_VOO, NR_VOO, ID_AEROPORTO_ORIGEM, ID_AEROPORTO_DESTINO, ID_COMPANHIA_AEREA) values (800, 85269, 57, 22, 15);
insert into TB_VOO (ID_VOO, NR_VOO, ID_AEROPORTO_ORIGEM, ID_AEROPORTO_DESTINO, ID_COMPANHIA_AEREA) values (801, 40859, 58, 59, 13);
insert into TB_VOO (ID_VOO, NR_VOO, ID_AEROPORTO_ORIGEM, ID_AEROPORTO_DESTINO, ID_COMPANHIA_AEREA) values (802, 99243, 7, 76, 11);
insert into TB_VOO (ID_VOO, NR_VOO, ID_AEROPORTO_ORIGEM, ID_AEROPORTO_DESTINO, ID_COMPANHIA_AEREA) values (803, 26583, 70, 22, 1);
insert into TB_VOO (ID_VOO, NR_VOO, ID_AEROPORTO_ORIGEM, ID_AEROPORTO_DESTINO, ID_COMPANHIA_AEREA) values (804, 81014, 42, 16, 2);
insert into TB_VOO (ID_VOO, NR_VOO, ID_AEROPORTO_ORIGEM, ID_AEROPORTO_DESTINO, ID_COMPANHIA_AEREA) values (805, 94120, 65, 94, 5);
insert into TB_VOO (ID_VOO, NR_VOO, ID_AEROPORTO_ORIGEM, ID_AEROPORTO_DESTINO, ID_COMPANHIA_AEREA) values (806, 82031, 92, 86, 10);
insert into TB_VOO (ID_VOO, NR_VOO, ID_AEROPORTO_ORIGEM, ID_AEROPORTO_DESTINO, ID_COMPANHIA_AEREA) values (807, 87846, 7, 74, 10);
insert into TB_VOO (ID_VOO, NR_VOO, ID_AEROPORTO_ORIGEM, ID_AEROPORTO_DESTINO, ID_COMPANHIA_AEREA) values (808, 78428, 69, 33, 5);
insert into TB_VOO (ID_VOO, NR_VOO, ID_AEROPORTO_ORIGEM, ID_AEROPORTO_DESTINO, ID_COMPANHIA_AEREA) values (809, 79193, 77, 40, 13);
insert into TB_VOO (ID_VOO, NR_VOO, ID_AEROPORTO_ORIGEM, ID_AEROPORTO_DESTINO, ID_COMPANHIA_AEREA) values (810, 76918, 86, 78, 2);
insert into TB_VOO (ID_VOO, NR_VOO, ID_AEROPORTO_ORIGEM, ID_AEROPORTO_DESTINO, ID_COMPANHIA_AEREA) values (811, 96198, 83, 50, 6);
insert into TB_VOO (ID_VOO, NR_VOO, ID_AEROPORTO_ORIGEM, ID_AEROPORTO_DESTINO, ID_COMPANHIA_AEREA) values (812, 34046, 17, 35, 1);
insert into TB_VOO (ID_VOO, NR_VOO, ID_AEROPORTO_ORIGEM, ID_AEROPORTO_DESTINO, ID_COMPANHIA_AEREA) values (813, 43339, 6, 38, 8);
insert into TB_VOO (ID_VOO, NR_VOO, ID_AEROPORTO_ORIGEM, ID_AEROPORTO_DESTINO, ID_COMPANHIA_AEREA) values (814, 86468, 59, 36, 12);
insert into TB_VOO (ID_VOO, NR_VOO, ID_AEROPORTO_ORIGEM, ID_AEROPORTO_DESTINO, ID_COMPANHIA_AEREA) values (815, 61036, 67, 95, 14);
insert into TB_VOO (ID_VOO, NR_VOO, ID_AEROPORTO_ORIGEM, ID_AEROPORTO_DESTINO, ID_COMPANHIA_AEREA) values (816, 21282, 46, 85, 5);
insert into TB_VOO (ID_VOO, NR_VOO, ID_AEROPORTO_ORIGEM, ID_AEROPORTO_DESTINO, ID_COMPANHIA_AEREA) values (817, 14371, 92, 12, 14);
insert into TB_VOO (ID_VOO, NR_VOO, ID_AEROPORTO_ORIGEM, ID_AEROPORTO_DESTINO, ID_COMPANHIA_AEREA) values (818, 89835, 42, 8, 1);
insert into TB_VOO (ID_VOO, NR_VOO, ID_AEROPORTO_ORIGEM, ID_AEROPORTO_DESTINO, ID_COMPANHIA_AEREA) values (819, 13582, 52, 57, 4);
insert into TB_VOO (ID_VOO, NR_VOO, ID_AEROPORTO_ORIGEM, ID_AEROPORTO_DESTINO, ID_COMPANHIA_AEREA) values (820, 11536, 34, 30, 7);
insert into TB_VOO (ID_VOO, NR_VOO, ID_AEROPORTO_ORIGEM, ID_AEROPORTO_DESTINO, ID_COMPANHIA_AEREA) values (821, 74325, 40, 5, 11);
insert into TB_VOO (ID_VOO, NR_VOO, ID_AEROPORTO_ORIGEM, ID_AEROPORTO_DESTINO, ID_COMPANHIA_AEREA) values (822, 50753, 32, 6, 9);
insert into TB_VOO (ID_VOO, NR_VOO, ID_AEROPORTO_ORIGEM, ID_AEROPORTO_DESTINO, ID_COMPANHIA_AEREA) values (823, 97559, 19, 15, 5);
insert into TB_VOO (ID_VOO, NR_VOO, ID_AEROPORTO_ORIGEM, ID_AEROPORTO_DESTINO, ID_COMPANHIA_AEREA) values (824, 56179, 11, 32, 11);
insert into TB_VOO (ID_VOO, NR_VOO, ID_AEROPORTO_ORIGEM, ID_AEROPORTO_DESTINO, ID_COMPANHIA_AEREA) values (825, 79346, 17, 46, 8);
insert into TB_VOO (ID_VOO, NR_VOO, ID_AEROPORTO_ORIGEM, ID_AEROPORTO_DESTINO, ID_COMPANHIA_AEREA) values (826, 48490, 62, 48, 14);
insert into TB_VOO (ID_VOO, NR_VOO, ID_AEROPORTO_ORIGEM, ID_AEROPORTO_DESTINO, ID_COMPANHIA_AEREA) values (827, 72678, 12, 46, 4);
insert into TB_VOO (ID_VOO, NR_VOO, ID_AEROPORTO_ORIGEM, ID_AEROPORTO_DESTINO, ID_COMPANHIA_AEREA) values (828, 95581, 26, 54, 1);
insert into TB_VOO (ID_VOO, NR_VOO, ID_AEROPORTO_ORIGEM, ID_AEROPORTO_DESTINO, ID_COMPANHIA_AEREA) values (829, 49364, 24, 37, 2);
insert into TB_VOO (ID_VOO, NR_VOO, ID_AEROPORTO_ORIGEM, ID_AEROPORTO_DESTINO, ID_COMPANHIA_AEREA) values (830, 71021, 13, 61, 1);
insert into TB_VOO (ID_VOO, NR_VOO, ID_AEROPORTO_ORIGEM, ID_AEROPORTO_DESTINO, ID_COMPANHIA_AEREA) values (831, 72740, 76, 45, 4);
insert into TB_VOO (ID_VOO, NR_VOO, ID_AEROPORTO_ORIGEM, ID_AEROPORTO_DESTINO, ID_COMPANHIA_AEREA) values (832, 48037, 62, 15, 12);
insert into TB_VOO (ID_VOO, NR_VOO, ID_AEROPORTO_ORIGEM, ID_AEROPORTO_DESTINO, ID_COMPANHIA_AEREA) values (833, 92043, 49, 60, 3);
insert into TB_VOO (ID_VOO, NR_VOO, ID_AEROPORTO_ORIGEM, ID_AEROPORTO_DESTINO, ID_COMPANHIA_AEREA) values (834, 30843, 50, 78, 15);
insert into TB_VOO (ID_VOO, NR_VOO, ID_AEROPORTO_ORIGEM, ID_AEROPORTO_DESTINO, ID_COMPANHIA_AEREA) values (835, 23208, 84, 11, 12);
insert into TB_VOO (ID_VOO, NR_VOO, ID_AEROPORTO_ORIGEM, ID_AEROPORTO_DESTINO, ID_COMPANHIA_AEREA) values (836, 33866, 75, 42, 11);
insert into TB_VOO (ID_VOO, NR_VOO, ID_AEROPORTO_ORIGEM, ID_AEROPORTO_DESTINO, ID_COMPANHIA_AEREA) values (837, 95507, 94, 79, 10);
insert into TB_VOO (ID_VOO, NR_VOO, ID_AEROPORTO_ORIGEM, ID_AEROPORTO_DESTINO, ID_COMPANHIA_AEREA) values (838, 78191, 11, 8, 10);
insert into TB_VOO (ID_VOO, NR_VOO, ID_AEROPORTO_ORIGEM, ID_AEROPORTO_DESTINO, ID_COMPANHIA_AEREA) values (839, 75175, 53, 36, 2);
insert into TB_VOO (ID_VOO, NR_VOO, ID_AEROPORTO_ORIGEM, ID_AEROPORTO_DESTINO, ID_COMPANHIA_AEREA) values (840, 51334, 71, 66, 3);
insert into TB_VOO (ID_VOO, NR_VOO, ID_AEROPORTO_ORIGEM, ID_AEROPORTO_DESTINO, ID_COMPANHIA_AEREA) values (841, 42142, 34, 96, 6);
insert into TB_VOO (ID_VOO, NR_VOO, ID_AEROPORTO_ORIGEM, ID_AEROPORTO_DESTINO, ID_COMPANHIA_AEREA) values (842, 23698, 82, 23, 3);
insert into TB_VOO (ID_VOO, NR_VOO, ID_AEROPORTO_ORIGEM, ID_AEROPORTO_DESTINO, ID_COMPANHIA_AEREA) values (843, 69753, 4, 2, 15);
insert into TB_VOO (ID_VOO, NR_VOO, ID_AEROPORTO_ORIGEM, ID_AEROPORTO_DESTINO, ID_COMPANHIA_AEREA) values (844, 68181, 37, 14, 9);
insert into TB_VOO (ID_VOO, NR_VOO, ID_AEROPORTO_ORIGEM, ID_AEROPORTO_DESTINO, ID_COMPANHIA_AEREA) values (845, 58785, 86, 29, 5);
insert into TB_VOO (ID_VOO, NR_VOO, ID_AEROPORTO_ORIGEM, ID_AEROPORTO_DESTINO, ID_COMPANHIA_AEREA) values (846, 94442, 66, 91, 13);
insert into TB_VOO (ID_VOO, NR_VOO, ID_AEROPORTO_ORIGEM, ID_AEROPORTO_DESTINO, ID_COMPANHIA_AEREA) values (847, 70648, 57, 39, 15);
insert into TB_VOO (ID_VOO, NR_VOO, ID_AEROPORTO_ORIGEM, ID_AEROPORTO_DESTINO, ID_COMPANHIA_AEREA) values (848, 41749, 72, 56, 12);
insert into TB_VOO (ID_VOO, NR_VOO, ID_AEROPORTO_ORIGEM, ID_AEROPORTO_DESTINO, ID_COMPANHIA_AEREA) values (849, 62242, 19, 42, 15);
insert into TB_VOO (ID_VOO, NR_VOO, ID_AEROPORTO_ORIGEM, ID_AEROPORTO_DESTINO, ID_COMPANHIA_AEREA) values (850, 39268, 11, 34, 4);
insert into TB_VOO (ID_VOO, NR_VOO, ID_AEROPORTO_ORIGEM, ID_AEROPORTO_DESTINO, ID_COMPANHIA_AEREA) values (851, 66133, 19, 11, 12);
insert into TB_VOO (ID_VOO, NR_VOO, ID_AEROPORTO_ORIGEM, ID_AEROPORTO_DESTINO, ID_COMPANHIA_AEREA) values (852, 15668, 94, 94, 10);
insert into TB_VOO (ID_VOO, NR_VOO, ID_AEROPORTO_ORIGEM, ID_AEROPORTO_DESTINO, ID_COMPANHIA_AEREA) values (853, 16830, 7, 49, 4);
insert into TB_VOO (ID_VOO, NR_VOO, ID_AEROPORTO_ORIGEM, ID_AEROPORTO_DESTINO, ID_COMPANHIA_AEREA) values (854, 96528, 18, 1, 2);
insert into TB_VOO (ID_VOO, NR_VOO, ID_AEROPORTO_ORIGEM, ID_AEROPORTO_DESTINO, ID_COMPANHIA_AEREA) values (855, 86155, 68, 16, 6);
insert into TB_VOO (ID_VOO, NR_VOO, ID_AEROPORTO_ORIGEM, ID_AEROPORTO_DESTINO, ID_COMPANHIA_AEREA) values (856, 25265, 66, 38, 4);
insert into TB_VOO (ID_VOO, NR_VOO, ID_AEROPORTO_ORIGEM, ID_AEROPORTO_DESTINO, ID_COMPANHIA_AEREA) values (857, 56903, 80, 92, 8);
insert into TB_VOO (ID_VOO, NR_VOO, ID_AEROPORTO_ORIGEM, ID_AEROPORTO_DESTINO, ID_COMPANHIA_AEREA) values (858, 24343, 1, 31, 15);
insert into TB_VOO (ID_VOO, NR_VOO, ID_AEROPORTO_ORIGEM, ID_AEROPORTO_DESTINO, ID_COMPANHIA_AEREA) values (859, 64849, 37, 48, 1);
insert into TB_VOO (ID_VOO, NR_VOO, ID_AEROPORTO_ORIGEM, ID_AEROPORTO_DESTINO, ID_COMPANHIA_AEREA) values (860, 96311, 89, 2, 3);
insert into TB_VOO (ID_VOO, NR_VOO, ID_AEROPORTO_ORIGEM, ID_AEROPORTO_DESTINO, ID_COMPANHIA_AEREA) values (861, 86643, 54, 43, 12);
insert into TB_VOO (ID_VOO, NR_VOO, ID_AEROPORTO_ORIGEM, ID_AEROPORTO_DESTINO, ID_COMPANHIA_AEREA) values (862, 30025, 19, 78, 13);
insert into TB_VOO (ID_VOO, NR_VOO, ID_AEROPORTO_ORIGEM, ID_AEROPORTO_DESTINO, ID_COMPANHIA_AEREA) values (863, 38455, 9, 76, 1);
insert into TB_VOO (ID_VOO, NR_VOO, ID_AEROPORTO_ORIGEM, ID_AEROPORTO_DESTINO, ID_COMPANHIA_AEREA) values (864, 57170, 60, 50, 7);
insert into TB_VOO (ID_VOO, NR_VOO, ID_AEROPORTO_ORIGEM, ID_AEROPORTO_DESTINO, ID_COMPANHIA_AEREA) values (865, 50475, 31, 76, 2);
insert into TB_VOO (ID_VOO, NR_VOO, ID_AEROPORTO_ORIGEM, ID_AEROPORTO_DESTINO, ID_COMPANHIA_AEREA) values (866, 59487, 53, 13, 5);
insert into TB_VOO (ID_VOO, NR_VOO, ID_AEROPORTO_ORIGEM, ID_AEROPORTO_DESTINO, ID_COMPANHIA_AEREA) values (867, 25112, 57, 74, 9);
insert into TB_VOO (ID_VOO, NR_VOO, ID_AEROPORTO_ORIGEM, ID_AEROPORTO_DESTINO, ID_COMPANHIA_AEREA) values (868, 99976, 80, 65, 14);
insert into TB_VOO (ID_VOO, NR_VOO, ID_AEROPORTO_ORIGEM, ID_AEROPORTO_DESTINO, ID_COMPANHIA_AEREA) values (869, 44738, 44, 74, 10);
insert into TB_VOO (ID_VOO, NR_VOO, ID_AEROPORTO_ORIGEM, ID_AEROPORTO_DESTINO, ID_COMPANHIA_AEREA) values (870, 71437, 56, 60, 2);
insert into TB_VOO (ID_VOO, NR_VOO, ID_AEROPORTO_ORIGEM, ID_AEROPORTO_DESTINO, ID_COMPANHIA_AEREA) values (871, 26482, 22, 18, 13);
insert into TB_VOO (ID_VOO, NR_VOO, ID_AEROPORTO_ORIGEM, ID_AEROPORTO_DESTINO, ID_COMPANHIA_AEREA) values (872, 29418, 87, 22, 8);
insert into TB_VOO (ID_VOO, NR_VOO, ID_AEROPORTO_ORIGEM, ID_AEROPORTO_DESTINO, ID_COMPANHIA_AEREA) values (873, 11508, 49, 70, 10);
insert into TB_VOO (ID_VOO, NR_VOO, ID_AEROPORTO_ORIGEM, ID_AEROPORTO_DESTINO, ID_COMPANHIA_AEREA) values (874, 90762, 64, 11, 10);
insert into TB_VOO (ID_VOO, NR_VOO, ID_AEROPORTO_ORIGEM, ID_AEROPORTO_DESTINO, ID_COMPANHIA_AEREA) values (875, 28446, 45, 98, 11);
insert into TB_VOO (ID_VOO, NR_VOO, ID_AEROPORTO_ORIGEM, ID_AEROPORTO_DESTINO, ID_COMPANHIA_AEREA) values (876, 72933, 97, 83, 12);
insert into TB_VOO (ID_VOO, NR_VOO, ID_AEROPORTO_ORIGEM, ID_AEROPORTO_DESTINO, ID_COMPANHIA_AEREA) values (877, 58520, 19, 45, 7);
insert into TB_VOO (ID_VOO, NR_VOO, ID_AEROPORTO_ORIGEM, ID_AEROPORTO_DESTINO, ID_COMPANHIA_AEREA) values (878, 68506, 88, 13, 6);
insert into TB_VOO (ID_VOO, NR_VOO, ID_AEROPORTO_ORIGEM, ID_AEROPORTO_DESTINO, ID_COMPANHIA_AEREA) values (879, 43588, 7, 77, 3);
insert into TB_VOO (ID_VOO, NR_VOO, ID_AEROPORTO_ORIGEM, ID_AEROPORTO_DESTINO, ID_COMPANHIA_AEREA) values (880, 66075, 30, 76, 4);
insert into TB_VOO (ID_VOO, NR_VOO, ID_AEROPORTO_ORIGEM, ID_AEROPORTO_DESTINO, ID_COMPANHIA_AEREA) values (881, 84716, 90, 57, 6);
insert into TB_VOO (ID_VOO, NR_VOO, ID_AEROPORTO_ORIGEM, ID_AEROPORTO_DESTINO, ID_COMPANHIA_AEREA) values (882, 66003, 83, 64, 4);
insert into TB_VOO (ID_VOO, NR_VOO, ID_AEROPORTO_ORIGEM, ID_AEROPORTO_DESTINO, ID_COMPANHIA_AEREA) values (883, 37060, 55, 13, 1);
insert into TB_VOO (ID_VOO, NR_VOO, ID_AEROPORTO_ORIGEM, ID_AEROPORTO_DESTINO, ID_COMPANHIA_AEREA) values (884, 63395, 15, 77, 1);
insert into TB_VOO (ID_VOO, NR_VOO, ID_AEROPORTO_ORIGEM, ID_AEROPORTO_DESTINO, ID_COMPANHIA_AEREA) values (885, 27361, 57, 63, 6);
insert into TB_VOO (ID_VOO, NR_VOO, ID_AEROPORTO_ORIGEM, ID_AEROPORTO_DESTINO, ID_COMPANHIA_AEREA) values (886, 50876, 4, 48, 7);
insert into TB_VOO (ID_VOO, NR_VOO, ID_AEROPORTO_ORIGEM, ID_AEROPORTO_DESTINO, ID_COMPANHIA_AEREA) values (887, 11285, 92, 45, 10);
insert into TB_VOO (ID_VOO, NR_VOO, ID_AEROPORTO_ORIGEM, ID_AEROPORTO_DESTINO, ID_COMPANHIA_AEREA) values (888, 64988, 32, 25, 7);
insert into TB_VOO (ID_VOO, NR_VOO, ID_AEROPORTO_ORIGEM, ID_AEROPORTO_DESTINO, ID_COMPANHIA_AEREA) values (889, 10453, 11, 51, 9);
insert into TB_VOO (ID_VOO, NR_VOO, ID_AEROPORTO_ORIGEM, ID_AEROPORTO_DESTINO, ID_COMPANHIA_AEREA) values (890, 18593, 69, 30, 1);
insert into TB_VOO (ID_VOO, NR_VOO, ID_AEROPORTO_ORIGEM, ID_AEROPORTO_DESTINO, ID_COMPANHIA_AEREA) values (891, 95316, 22, 82, 3);
insert into TB_VOO (ID_VOO, NR_VOO, ID_AEROPORTO_ORIGEM, ID_AEROPORTO_DESTINO, ID_COMPANHIA_AEREA) values (892, 56040, 75, 53, 5);
insert into TB_VOO (ID_VOO, NR_VOO, ID_AEROPORTO_ORIGEM, ID_AEROPORTO_DESTINO, ID_COMPANHIA_AEREA) values (893, 80402, 36, 96, 3);
insert into TB_VOO (ID_VOO, NR_VOO, ID_AEROPORTO_ORIGEM, ID_AEROPORTO_DESTINO, ID_COMPANHIA_AEREA) values (894, 24088, 37, 81, 7);
insert into TB_VOO (ID_VOO, NR_VOO, ID_AEROPORTO_ORIGEM, ID_AEROPORTO_DESTINO, ID_COMPANHIA_AEREA) values (895, 97087, 79, 3, 3);
insert into TB_VOO (ID_VOO, NR_VOO, ID_AEROPORTO_ORIGEM, ID_AEROPORTO_DESTINO, ID_COMPANHIA_AEREA) values (896, 80934, 96, 34, 12);
insert into TB_VOO (ID_VOO, NR_VOO, ID_AEROPORTO_ORIGEM, ID_AEROPORTO_DESTINO, ID_COMPANHIA_AEREA) values (897, 18394, 39, 63, 12);
insert into TB_VOO (ID_VOO, NR_VOO, ID_AEROPORTO_ORIGEM, ID_AEROPORTO_DESTINO, ID_COMPANHIA_AEREA) values (898, 90850, 72, 1, 1);
insert into TB_VOO (ID_VOO, NR_VOO, ID_AEROPORTO_ORIGEM, ID_AEROPORTO_DESTINO, ID_COMPANHIA_AEREA) values (899, 97261, 75, 45, 7);
insert into TB_VOO (ID_VOO, NR_VOO, ID_AEROPORTO_ORIGEM, ID_AEROPORTO_DESTINO, ID_COMPANHIA_AEREA) values (900, 57164, 54, 98, 5);
insert into TB_VOO (ID_VOO, NR_VOO, ID_AEROPORTO_ORIGEM, ID_AEROPORTO_DESTINO, ID_COMPANHIA_AEREA) values (901, 50833, 17, 27, 9);
insert into TB_VOO (ID_VOO, NR_VOO, ID_AEROPORTO_ORIGEM, ID_AEROPORTO_DESTINO, ID_COMPANHIA_AEREA) values (902, 56779, 95, 46, 7);
insert into TB_VOO (ID_VOO, NR_VOO, ID_AEROPORTO_ORIGEM, ID_AEROPORTO_DESTINO, ID_COMPANHIA_AEREA) values (903, 64352, 96, 70, 13);
insert into TB_VOO (ID_VOO, NR_VOO, ID_AEROPORTO_ORIGEM, ID_AEROPORTO_DESTINO, ID_COMPANHIA_AEREA) values (904, 99577, 11, 44, 12);
insert into TB_VOO (ID_VOO, NR_VOO, ID_AEROPORTO_ORIGEM, ID_AEROPORTO_DESTINO, ID_COMPANHIA_AEREA) values (905, 24259, 67, 8, 11);
insert into TB_VOO (ID_VOO, NR_VOO, ID_AEROPORTO_ORIGEM, ID_AEROPORTO_DESTINO, ID_COMPANHIA_AEREA) values (906, 48407, 10, 94, 14);
insert into TB_VOO (ID_VOO, NR_VOO, ID_AEROPORTO_ORIGEM, ID_AEROPORTO_DESTINO, ID_COMPANHIA_AEREA) values (907, 11216, 54, 18, 5);
insert into TB_VOO (ID_VOO, NR_VOO, ID_AEROPORTO_ORIGEM, ID_AEROPORTO_DESTINO, ID_COMPANHIA_AEREA) values (908, 30174, 11, 28, 7);
insert into TB_VOO (ID_VOO, NR_VOO, ID_AEROPORTO_ORIGEM, ID_AEROPORTO_DESTINO, ID_COMPANHIA_AEREA) values (909, 60448, 4, 88, 14);
insert into TB_VOO (ID_VOO, NR_VOO, ID_AEROPORTO_ORIGEM, ID_AEROPORTO_DESTINO, ID_COMPANHIA_AEREA) values (910, 51289, 27, 71, 11);
insert into TB_VOO (ID_VOO, NR_VOO, ID_AEROPORTO_ORIGEM, ID_AEROPORTO_DESTINO, ID_COMPANHIA_AEREA) values (911, 40914, 10, 34, 15);
insert into TB_VOO (ID_VOO, NR_VOO, ID_AEROPORTO_ORIGEM, ID_AEROPORTO_DESTINO, ID_COMPANHIA_AEREA) values (912, 11057, 29, 66, 10);
insert into TB_VOO (ID_VOO, NR_VOO, ID_AEROPORTO_ORIGEM, ID_AEROPORTO_DESTINO, ID_COMPANHIA_AEREA) values (913, 94800, 6, 64, 15);
insert into TB_VOO (ID_VOO, NR_VOO, ID_AEROPORTO_ORIGEM, ID_AEROPORTO_DESTINO, ID_COMPANHIA_AEREA) values (914, 94940, 63, 46, 3);
insert into TB_VOO (ID_VOO, NR_VOO, ID_AEROPORTO_ORIGEM, ID_AEROPORTO_DESTINO, ID_COMPANHIA_AEREA) values (915, 58651, 19, 46, 13);
insert into TB_VOO (ID_VOO, NR_VOO, ID_AEROPORTO_ORIGEM, ID_AEROPORTO_DESTINO, ID_COMPANHIA_AEREA) values (916, 20983, 40, 37, 3);
insert into TB_VOO (ID_VOO, NR_VOO, ID_AEROPORTO_ORIGEM, ID_AEROPORTO_DESTINO, ID_COMPANHIA_AEREA) values (917, 98199, 89, 95, 2);
insert into TB_VOO (ID_VOO, NR_VOO, ID_AEROPORTO_ORIGEM, ID_AEROPORTO_DESTINO, ID_COMPANHIA_AEREA) values (918, 59129, 89, 17, 1);
insert into TB_VOO (ID_VOO, NR_VOO, ID_AEROPORTO_ORIGEM, ID_AEROPORTO_DESTINO, ID_COMPANHIA_AEREA) values (919, 25110, 57, 74, 13);
insert into TB_VOO (ID_VOO, NR_VOO, ID_AEROPORTO_ORIGEM, ID_AEROPORTO_DESTINO, ID_COMPANHIA_AEREA) values (920, 29361, 68, 65, 11);
insert into TB_VOO (ID_VOO, NR_VOO, ID_AEROPORTO_ORIGEM, ID_AEROPORTO_DESTINO, ID_COMPANHIA_AEREA) values (921, 63540, 42, 45, 5);
insert into TB_VOO (ID_VOO, NR_VOO, ID_AEROPORTO_ORIGEM, ID_AEROPORTO_DESTINO, ID_COMPANHIA_AEREA) values (922, 27839, 12, 39, 14);
insert into TB_VOO (ID_VOO, NR_VOO, ID_AEROPORTO_ORIGEM, ID_AEROPORTO_DESTINO, ID_COMPANHIA_AEREA) values (923, 26972, 30, 27, 2);
insert into TB_VOO (ID_VOO, NR_VOO, ID_AEROPORTO_ORIGEM, ID_AEROPORTO_DESTINO, ID_COMPANHIA_AEREA) values (924, 50999, 65, 47, 13);
insert into TB_VOO (ID_VOO, NR_VOO, ID_AEROPORTO_ORIGEM, ID_AEROPORTO_DESTINO, ID_COMPANHIA_AEREA) values (925, 66279, 4, 1, 5);
insert into TB_VOO (ID_VOO, NR_VOO, ID_AEROPORTO_ORIGEM, ID_AEROPORTO_DESTINO, ID_COMPANHIA_AEREA) values (926, 14680, 37, 12, 13);
insert into TB_VOO (ID_VOO, NR_VOO, ID_AEROPORTO_ORIGEM, ID_AEROPORTO_DESTINO, ID_COMPANHIA_AEREA) values (927, 21534, 63, 72, 10);
insert into TB_VOO (ID_VOO, NR_VOO, ID_AEROPORTO_ORIGEM, ID_AEROPORTO_DESTINO, ID_COMPANHIA_AEREA) values (928, 31226, 84, 23, 14);
insert into TB_VOO (ID_VOO, NR_VOO, ID_AEROPORTO_ORIGEM, ID_AEROPORTO_DESTINO, ID_COMPANHIA_AEREA) values (929, 47352, 66, 25, 3);
insert into TB_VOO (ID_VOO, NR_VOO, ID_AEROPORTO_ORIGEM, ID_AEROPORTO_DESTINO, ID_COMPANHIA_AEREA) values (930, 23061, 79, 99, 4);
insert into TB_VOO (ID_VOO, NR_VOO, ID_AEROPORTO_ORIGEM, ID_AEROPORTO_DESTINO, ID_COMPANHIA_AEREA) values (931, 93993, 86, 2, 10);
insert into TB_VOO (ID_VOO, NR_VOO, ID_AEROPORTO_ORIGEM, ID_AEROPORTO_DESTINO, ID_COMPANHIA_AEREA) values (932, 24718, 39, 50, 6);
insert into TB_VOO (ID_VOO, NR_VOO, ID_AEROPORTO_ORIGEM, ID_AEROPORTO_DESTINO, ID_COMPANHIA_AEREA) values (933, 39535, 76, 96, 10);
insert into TB_VOO (ID_VOO, NR_VOO, ID_AEROPORTO_ORIGEM, ID_AEROPORTO_DESTINO, ID_COMPANHIA_AEREA) values (934, 10839, 13, 40, 4);
insert into TB_VOO (ID_VOO, NR_VOO, ID_AEROPORTO_ORIGEM, ID_AEROPORTO_DESTINO, ID_COMPANHIA_AEREA) values (935, 21336, 80, 19, 11);
insert into TB_VOO (ID_VOO, NR_VOO, ID_AEROPORTO_ORIGEM, ID_AEROPORTO_DESTINO, ID_COMPANHIA_AEREA) values (936, 42666, 40, 54, 7);
insert into TB_VOO (ID_VOO, NR_VOO, ID_AEROPORTO_ORIGEM, ID_AEROPORTO_DESTINO, ID_COMPANHIA_AEREA) values (937, 35991, 81, 11, 9);
insert into TB_VOO (ID_VOO, NR_VOO, ID_AEROPORTO_ORIGEM, ID_AEROPORTO_DESTINO, ID_COMPANHIA_AEREA) values (938, 26195, 39, 24, 2);
insert into TB_VOO (ID_VOO, NR_VOO, ID_AEROPORTO_ORIGEM, ID_AEROPORTO_DESTINO, ID_COMPANHIA_AEREA) values (939, 76305, 94, 46, 10);
insert into TB_VOO (ID_VOO, NR_VOO, ID_AEROPORTO_ORIGEM, ID_AEROPORTO_DESTINO, ID_COMPANHIA_AEREA) values (940, 83476, 45, 53, 12);
insert into TB_VOO (ID_VOO, NR_VOO, ID_AEROPORTO_ORIGEM, ID_AEROPORTO_DESTINO, ID_COMPANHIA_AEREA) values (941, 69127, 21, 3, 14);
insert into TB_VOO (ID_VOO, NR_VOO, ID_AEROPORTO_ORIGEM, ID_AEROPORTO_DESTINO, ID_COMPANHIA_AEREA) values (942, 47252, 64, 20, 11);
insert into TB_VOO (ID_VOO, NR_VOO, ID_AEROPORTO_ORIGEM, ID_AEROPORTO_DESTINO, ID_COMPANHIA_AEREA) values (943, 99868, 81, 63, 5);
insert into TB_VOO (ID_VOO, NR_VOO, ID_AEROPORTO_ORIGEM, ID_AEROPORTO_DESTINO, ID_COMPANHIA_AEREA) values (944, 91722, 57, 61, 12);
insert into TB_VOO (ID_VOO, NR_VOO, ID_AEROPORTO_ORIGEM, ID_AEROPORTO_DESTINO, ID_COMPANHIA_AEREA) values (945, 16327, 82, 33, 12);
insert into TB_VOO (ID_VOO, NR_VOO, ID_AEROPORTO_ORIGEM, ID_AEROPORTO_DESTINO, ID_COMPANHIA_AEREA) values (946, 40107, 36, 51, 2);
insert into TB_VOO (ID_VOO, NR_VOO, ID_AEROPORTO_ORIGEM, ID_AEROPORTO_DESTINO, ID_COMPANHIA_AEREA) values (947, 93997, 46, 52, 13);
insert into TB_VOO (ID_VOO, NR_VOO, ID_AEROPORTO_ORIGEM, ID_AEROPORTO_DESTINO, ID_COMPANHIA_AEREA) values (948, 79175, 44, 75, 7);
insert into TB_VOO (ID_VOO, NR_VOO, ID_AEROPORTO_ORIGEM, ID_AEROPORTO_DESTINO, ID_COMPANHIA_AEREA) values (949, 83118, 31, 10, 7);
insert into TB_VOO (ID_VOO, NR_VOO, ID_AEROPORTO_ORIGEM, ID_AEROPORTO_DESTINO, ID_COMPANHIA_AEREA) values (950, 35000, 34, 14, 4);
insert into TB_VOO (ID_VOO, NR_VOO, ID_AEROPORTO_ORIGEM, ID_AEROPORTO_DESTINO, ID_COMPANHIA_AEREA) values (951, 72781, 90, 9, 12);
insert into TB_VOO (ID_VOO, NR_VOO, ID_AEROPORTO_ORIGEM, ID_AEROPORTO_DESTINO, ID_COMPANHIA_AEREA) values (952, 43499, 52, 72, 12);
insert into TB_VOO (ID_VOO, NR_VOO, ID_AEROPORTO_ORIGEM, ID_AEROPORTO_DESTINO, ID_COMPANHIA_AEREA) values (953, 70158, 61, 24, 2);
insert into TB_VOO (ID_VOO, NR_VOO, ID_AEROPORTO_ORIGEM, ID_AEROPORTO_DESTINO, ID_COMPANHIA_AEREA) values (954, 56588, 58, 79, 2);
insert into TB_VOO (ID_VOO, NR_VOO, ID_AEROPORTO_ORIGEM, ID_AEROPORTO_DESTINO, ID_COMPANHIA_AEREA) values (955, 39784, 32, 65, 1);
insert into TB_VOO (ID_VOO, NR_VOO, ID_AEROPORTO_ORIGEM, ID_AEROPORTO_DESTINO, ID_COMPANHIA_AEREA) values (956, 45160, 6, 60, 13);
insert into TB_VOO (ID_VOO, NR_VOO, ID_AEROPORTO_ORIGEM, ID_AEROPORTO_DESTINO, ID_COMPANHIA_AEREA) values (957, 14616, 66, 99, 10);
insert into TB_VOO (ID_VOO, NR_VOO, ID_AEROPORTO_ORIGEM, ID_AEROPORTO_DESTINO, ID_COMPANHIA_AEREA) values (958, 96099, 30, 94, 2);
insert into TB_VOO (ID_VOO, NR_VOO, ID_AEROPORTO_ORIGEM, ID_AEROPORTO_DESTINO, ID_COMPANHIA_AEREA) values (959, 47241, 77, 15, 6);
insert into TB_VOO (ID_VOO, NR_VOO, ID_AEROPORTO_ORIGEM, ID_AEROPORTO_DESTINO, ID_COMPANHIA_AEREA) values (960, 28690, 42, 62, 14);
insert into TB_VOO (ID_VOO, NR_VOO, ID_AEROPORTO_ORIGEM, ID_AEROPORTO_DESTINO, ID_COMPANHIA_AEREA) values (961, 10723, 96, 99, 8);
insert into TB_VOO (ID_VOO, NR_VOO, ID_AEROPORTO_ORIGEM, ID_AEROPORTO_DESTINO, ID_COMPANHIA_AEREA) values (962, 90394, 4, 53, 6);
insert into TB_VOO (ID_VOO, NR_VOO, ID_AEROPORTO_ORIGEM, ID_AEROPORTO_DESTINO, ID_COMPANHIA_AEREA) values (963, 77598, 46, 92, 12);
insert into TB_VOO (ID_VOO, NR_VOO, ID_AEROPORTO_ORIGEM, ID_AEROPORTO_DESTINO, ID_COMPANHIA_AEREA) values (964, 78287, 86, 4, 6);
insert into TB_VOO (ID_VOO, NR_VOO, ID_AEROPORTO_ORIGEM, ID_AEROPORTO_DESTINO, ID_COMPANHIA_AEREA) values (965, 14916, 92, 45, 10);
insert into TB_VOO (ID_VOO, NR_VOO, ID_AEROPORTO_ORIGEM, ID_AEROPORTO_DESTINO, ID_COMPANHIA_AEREA) values (966, 34513, 58, 83, 5);
insert into TB_VOO (ID_VOO, NR_VOO, ID_AEROPORTO_ORIGEM, ID_AEROPORTO_DESTINO, ID_COMPANHIA_AEREA) values (967, 47971, 6, 98, 12);
insert into TB_VOO (ID_VOO, NR_VOO, ID_AEROPORTO_ORIGEM, ID_AEROPORTO_DESTINO, ID_COMPANHIA_AEREA) values (968, 29902, 22, 75, 5);
insert into TB_VOO (ID_VOO, NR_VOO, ID_AEROPORTO_ORIGEM, ID_AEROPORTO_DESTINO, ID_COMPANHIA_AEREA) values (969, 11420, 86, 76, 3);
insert into TB_VOO (ID_VOO, NR_VOO, ID_AEROPORTO_ORIGEM, ID_AEROPORTO_DESTINO, ID_COMPANHIA_AEREA) values (970, 87711, 21, 7, 5);
insert into TB_VOO (ID_VOO, NR_VOO, ID_AEROPORTO_ORIGEM, ID_AEROPORTO_DESTINO, ID_COMPANHIA_AEREA) values (971, 94857, 74, 79, 13);
insert into TB_VOO (ID_VOO, NR_VOO, ID_AEROPORTO_ORIGEM, ID_AEROPORTO_DESTINO, ID_COMPANHIA_AEREA) values (972, 72516, 66, 84, 15);
insert into TB_VOO (ID_VOO, NR_VOO, ID_AEROPORTO_ORIGEM, ID_AEROPORTO_DESTINO, ID_COMPANHIA_AEREA) values (973, 78637, 86, 68, 12);
insert into TB_VOO (ID_VOO, NR_VOO, ID_AEROPORTO_ORIGEM, ID_AEROPORTO_DESTINO, ID_COMPANHIA_AEREA) values (974, 29122, 74, 99, 8);
insert into TB_VOO (ID_VOO, NR_VOO, ID_AEROPORTO_ORIGEM, ID_AEROPORTO_DESTINO, ID_COMPANHIA_AEREA) values (975, 10228, 6, 84, 11);
insert into TB_VOO (ID_VOO, NR_VOO, ID_AEROPORTO_ORIGEM, ID_AEROPORTO_DESTINO, ID_COMPANHIA_AEREA) values (976, 20005, 10, 27, 7);
insert into TB_VOO (ID_VOO, NR_VOO, ID_AEROPORTO_ORIGEM, ID_AEROPORTO_DESTINO, ID_COMPANHIA_AEREA) values (977, 12138, 69, 25, 1);
insert into TB_VOO (ID_VOO, NR_VOO, ID_AEROPORTO_ORIGEM, ID_AEROPORTO_DESTINO, ID_COMPANHIA_AEREA) values (978, 79734, 70, 19, 6);
insert into TB_VOO (ID_VOO, NR_VOO, ID_AEROPORTO_ORIGEM, ID_AEROPORTO_DESTINO, ID_COMPANHIA_AEREA) values (979, 98947, 50, 94, 14);
insert into TB_VOO (ID_VOO, NR_VOO, ID_AEROPORTO_ORIGEM, ID_AEROPORTO_DESTINO, ID_COMPANHIA_AEREA) values (980, 61984, 49, 63, 1);
insert into TB_VOO (ID_VOO, NR_VOO, ID_AEROPORTO_ORIGEM, ID_AEROPORTO_DESTINO, ID_COMPANHIA_AEREA) values (981, 40708, 62, 46, 6);
insert into TB_VOO (ID_VOO, NR_VOO, ID_AEROPORTO_ORIGEM, ID_AEROPORTO_DESTINO, ID_COMPANHIA_AEREA) values (982, 37617, 84, 75, 7);
insert into TB_VOO (ID_VOO, NR_VOO, ID_AEROPORTO_ORIGEM, ID_AEROPORTO_DESTINO, ID_COMPANHIA_AEREA) values (983, 66248, 13, 39, 13);
insert into TB_VOO (ID_VOO, NR_VOO, ID_AEROPORTO_ORIGEM, ID_AEROPORTO_DESTINO, ID_COMPANHIA_AEREA) values (984, 74862, 72, 46, 14);
insert into TB_VOO (ID_VOO, NR_VOO, ID_AEROPORTO_ORIGEM, ID_AEROPORTO_DESTINO, ID_COMPANHIA_AEREA) values (985, 43088, 13, 90, 12);
insert into TB_VOO (ID_VOO, NR_VOO, ID_AEROPORTO_ORIGEM, ID_AEROPORTO_DESTINO, ID_COMPANHIA_AEREA) values (986, 83991, 6, 30, 1);
insert into TB_VOO (ID_VOO, NR_VOO, ID_AEROPORTO_ORIGEM, ID_AEROPORTO_DESTINO, ID_COMPANHIA_AEREA) values (987, 57022, 1, 97, 15);
insert into TB_VOO (ID_VOO, NR_VOO, ID_AEROPORTO_ORIGEM, ID_AEROPORTO_DESTINO, ID_COMPANHIA_AEREA) values (988, 83838, 92, 23, 4);
insert into TB_VOO (ID_VOO, NR_VOO, ID_AEROPORTO_ORIGEM, ID_AEROPORTO_DESTINO, ID_COMPANHIA_AEREA) values (989, 67047, 79, 64, 13);
insert into TB_VOO (ID_VOO, NR_VOO, ID_AEROPORTO_ORIGEM, ID_AEROPORTO_DESTINO, ID_COMPANHIA_AEREA) values (990, 21674, 79, 71, 8);
insert into TB_VOO (ID_VOO, NR_VOO, ID_AEROPORTO_ORIGEM, ID_AEROPORTO_DESTINO, ID_COMPANHIA_AEREA) values (991, 98735, 78, 68, 5);
insert into TB_VOO (ID_VOO, NR_VOO, ID_AEROPORTO_ORIGEM, ID_AEROPORTO_DESTINO, ID_COMPANHIA_AEREA) values (992, 48768, 13, 54, 4);
insert into TB_VOO (ID_VOO, NR_VOO, ID_AEROPORTO_ORIGEM, ID_AEROPORTO_DESTINO, ID_COMPANHIA_AEREA) values (993, 36307, 17, 59, 13);
insert into TB_VOO (ID_VOO, NR_VOO, ID_AEROPORTO_ORIGEM, ID_AEROPORTO_DESTINO, ID_COMPANHIA_AEREA) values (994, 87169, 80, 47, 2);
insert into TB_VOO (ID_VOO, NR_VOO, ID_AEROPORTO_ORIGEM, ID_AEROPORTO_DESTINO, ID_COMPANHIA_AEREA) values (995, 95539, 30, 85, 2);
insert into TB_VOO (ID_VOO, NR_VOO, ID_AEROPORTO_ORIGEM, ID_AEROPORTO_DESTINO, ID_COMPANHIA_AEREA) values (996, 73039, 64, 11, 5);
insert into TB_VOO (ID_VOO, NR_VOO, ID_AEROPORTO_ORIGEM, ID_AEROPORTO_DESTINO, ID_COMPANHIA_AEREA) values (997, 69648, 37, 36, 12);
insert into TB_VOO (ID_VOO, NR_VOO, ID_AEROPORTO_ORIGEM, ID_AEROPORTO_DESTINO, ID_COMPANHIA_AEREA) values (998, 66531, 98, 39, 11);
insert into TB_VOO (ID_VOO, NR_VOO, ID_AEROPORTO_ORIGEM, ID_AEROPORTO_DESTINO, ID_COMPANHIA_AEREA) values (999, 90085, 72, 78, 13);
insert into TB_VOO (ID_VOO, NR_VOO, ID_AEROPORTO_ORIGEM, ID_AEROPORTO_DESTINO, ID_COMPANHIA_AEREA) values (1000, 78939, 63, 75, 4);

-----------------------------------------------------------------------------------------------------------------
--------------------------------------------------------- inserts da tabela de aeronave-------------------------
----------------------------------------------------------------------------------------------------------------

insert into TB_AERONAVE (ID_AERONAVE, ID_COMPANHIA_AEREA, NM_MODELO, NR_QUANTIDADE_ASSENTOS) values (1, 2, 119, 137);
insert into TB_AERONAVE (ID_AERONAVE, ID_COMPANHIA_AEREA, NM_MODELO, NR_QUANTIDADE_ASSENTOS) values (2, 7, 154, 80);
insert into TB_AERONAVE (ID_AERONAVE, ID_COMPANHIA_AEREA, NM_MODELO, NR_QUANTIDADE_ASSENTOS) values (3, 1, 367, 266);
insert into TB_AERONAVE (ID_AERONAVE, ID_COMPANHIA_AEREA, NM_MODELO, NR_QUANTIDADE_ASSENTOS) values (4, 2, 421, 208);
insert into TB_AERONAVE (ID_AERONAVE, ID_COMPANHIA_AEREA, NM_MODELO, NR_QUANTIDADE_ASSENTOS) values (5, 12, 111, 99);
insert into TB_AERONAVE (ID_AERONAVE, ID_COMPANHIA_AEREA, NM_MODELO, NR_QUANTIDADE_ASSENTOS) values (6, 15, 939, 70);
insert into TB_AERONAVE (ID_AERONAVE, ID_COMPANHIA_AEREA, NM_MODELO, NR_QUANTIDADE_ASSENTOS) values (7, 12, 869, 276);
insert into TB_AERONAVE (ID_AERONAVE, ID_COMPANHIA_AEREA, NM_MODELO, NR_QUANTIDADE_ASSENTOS) values (8, 2, 194, 279);
insert into TB_AERONAVE (ID_AERONAVE, ID_COMPANHIA_AEREA, NM_MODELO, NR_QUANTIDADE_ASSENTOS) values (9, 14, 773, 114);
insert into TB_AERONAVE (ID_AERONAVE, ID_COMPANHIA_AEREA, NM_MODELO, NR_QUANTIDADE_ASSENTOS) values (10, 14, 823, 70);
insert into TB_AERONAVE (ID_AERONAVE, ID_COMPANHIA_AEREA, NM_MODELO, NR_QUANTIDADE_ASSENTOS) values (11, 6, 915, 102);
insert into TB_AERONAVE (ID_AERONAVE, ID_COMPANHIA_AEREA, NM_MODELO, NR_QUANTIDADE_ASSENTOS) values (12, 9, 821, 87);
insert into TB_AERONAVE (ID_AERONAVE, ID_COMPANHIA_AEREA, NM_MODELO, NR_QUANTIDADE_ASSENTOS) values (13, 11, 464, 192);
insert into TB_AERONAVE (ID_AERONAVE, ID_COMPANHIA_AEREA, NM_MODELO, NR_QUANTIDADE_ASSENTOS) values (14, 4, 827, 156);
insert into TB_AERONAVE (ID_AERONAVE, ID_COMPANHIA_AEREA, NM_MODELO, NR_QUANTIDADE_ASSENTOS) values (15, 15, 315, 259);
insert into TB_AERONAVE (ID_AERONAVE, ID_COMPANHIA_AEREA, NM_MODELO, NR_QUANTIDADE_ASSENTOS) values (16, 8, 230, 178);
insert into TB_AERONAVE (ID_AERONAVE, ID_COMPANHIA_AEREA, NM_MODELO, NR_QUANTIDADE_ASSENTOS) values (17, 10, 727, 173);
insert into TB_AERONAVE (ID_AERONAVE, ID_COMPANHIA_AEREA, NM_MODELO, NR_QUANTIDADE_ASSENTOS) values (18, 14, 393, 122);
insert into TB_AERONAVE (ID_AERONAVE, ID_COMPANHIA_AEREA, NM_MODELO, NR_QUANTIDADE_ASSENTOS) values (19, 3, 420, 119);
insert into TB_AERONAVE (ID_AERONAVE, ID_COMPANHIA_AEREA, NM_MODELO, NR_QUANTIDADE_ASSENTOS) values (20, 7, 175, 209);
insert into TB_AERONAVE (ID_AERONAVE, ID_COMPANHIA_AEREA, NM_MODELO, NR_QUANTIDADE_ASSENTOS) values (21, 4, 685, 210);
insert into TB_AERONAVE (ID_AERONAVE, ID_COMPANHIA_AEREA, NM_MODELO, NR_QUANTIDADE_ASSENTOS) values (22, 5, 230, 260);
insert into TB_AERONAVE (ID_AERONAVE, ID_COMPANHIA_AEREA, NM_MODELO, NR_QUANTIDADE_ASSENTOS) values (23, 11, 663, 291);
insert into TB_AERONAVE (ID_AERONAVE, ID_COMPANHIA_AEREA, NM_MODELO, NR_QUANTIDADE_ASSENTOS) values (24, 10, 263, 135);
insert into TB_AERONAVE (ID_AERONAVE, ID_COMPANHIA_AEREA, NM_MODELO, NR_QUANTIDADE_ASSENTOS) values (25, 13, 935, 262);
insert into TB_AERONAVE (ID_AERONAVE, ID_COMPANHIA_AEREA, NM_MODELO, NR_QUANTIDADE_ASSENTOS) values (26, 2, 692, 231);
insert into TB_AERONAVE (ID_AERONAVE, ID_COMPANHIA_AEREA, NM_MODELO, NR_QUANTIDADE_ASSENTOS) values (27, 3, 607, 75);
insert into TB_AERONAVE (ID_AERONAVE, ID_COMPANHIA_AEREA, NM_MODELO, NR_QUANTIDADE_ASSENTOS) values (28, 2, 637, 129);
insert into TB_AERONAVE (ID_AERONAVE, ID_COMPANHIA_AEREA, NM_MODELO, NR_QUANTIDADE_ASSENTOS) values (29, 15, 660, 158);
insert into TB_AERONAVE (ID_AERONAVE, ID_COMPANHIA_AEREA, NM_MODELO, NR_QUANTIDADE_ASSENTOS) values (30, 14, 210, 168);
insert into TB_AERONAVE (ID_AERONAVE, ID_COMPANHIA_AEREA, NM_MODELO, NR_QUANTIDADE_ASSENTOS) values (31, 10, 608, 289);
insert into TB_AERONAVE (ID_AERONAVE, ID_COMPANHIA_AEREA, NM_MODELO, NR_QUANTIDADE_ASSENTOS) values (32, 11, 905, 156);
insert into TB_AERONAVE (ID_AERONAVE, ID_COMPANHIA_AEREA, NM_MODELO, NR_QUANTIDADE_ASSENTOS) values (33, 10, 144, 239);
insert into TB_AERONAVE (ID_AERONAVE, ID_COMPANHIA_AEREA, NM_MODELO, NR_QUANTIDADE_ASSENTOS) values (34, 6, 268, 113);
insert into TB_AERONAVE (ID_AERONAVE, ID_COMPANHIA_AEREA, NM_MODELO, NR_QUANTIDADE_ASSENTOS) values (35, 3, 223, 275);
insert into TB_AERONAVE (ID_AERONAVE, ID_COMPANHIA_AEREA, NM_MODELO, NR_QUANTIDADE_ASSENTOS) values (36, 15, 327, 270);
insert into TB_AERONAVE (ID_AERONAVE, ID_COMPANHIA_AEREA, NM_MODELO, NR_QUANTIDADE_ASSENTOS) values (37, 7, 667, 73);
insert into TB_AERONAVE (ID_AERONAVE, ID_COMPANHIA_AEREA, NM_MODELO, NR_QUANTIDADE_ASSENTOS) values (38, 2, 472, 210);
insert into TB_AERONAVE (ID_AERONAVE, ID_COMPANHIA_AEREA, NM_MODELO, NR_QUANTIDADE_ASSENTOS) values (39, 2, 802, 87);
insert into TB_AERONAVE (ID_AERONAVE, ID_COMPANHIA_AEREA, NM_MODELO, NR_QUANTIDADE_ASSENTOS) values (40, 4, 480, 243);
insert into TB_AERONAVE (ID_AERONAVE, ID_COMPANHIA_AEREA, NM_MODELO, NR_QUANTIDADE_ASSENTOS) values (41, 1, 112, 191);
insert into TB_AERONAVE (ID_AERONAVE, ID_COMPANHIA_AEREA, NM_MODELO, NR_QUANTIDADE_ASSENTOS) values (42, 15, 637, 286);
insert into TB_AERONAVE (ID_AERONAVE, ID_COMPANHIA_AEREA, NM_MODELO, NR_QUANTIDADE_ASSENTOS) values (43, 15, 728, 191);
insert into TB_AERONAVE (ID_AERONAVE, ID_COMPANHIA_AEREA, NM_MODELO, NR_QUANTIDADE_ASSENTOS) values (44, 2, 845, 133);
insert into TB_AERONAVE (ID_AERONAVE, ID_COMPANHIA_AEREA, NM_MODELO, NR_QUANTIDADE_ASSENTOS) values (45, 2, 528, 289);
insert into TB_AERONAVE (ID_AERONAVE, ID_COMPANHIA_AEREA, NM_MODELO, NR_QUANTIDADE_ASSENTOS) values (46, 11, 493, 74);
insert into TB_AERONAVE (ID_AERONAVE, ID_COMPANHIA_AEREA, NM_MODELO, NR_QUANTIDADE_ASSENTOS) values (47, 8, 142, 250);
insert into TB_AERONAVE (ID_AERONAVE, ID_COMPANHIA_AEREA, NM_MODELO, NR_QUANTIDADE_ASSENTOS) values (48, 8, 284, 190);
insert into TB_AERONAVE (ID_AERONAVE, ID_COMPANHIA_AEREA, NM_MODELO, NR_QUANTIDADE_ASSENTOS) values (49, 15, 824, 178);
insert into TB_AERONAVE (ID_AERONAVE, ID_COMPANHIA_AEREA, NM_MODELO, NR_QUANTIDADE_ASSENTOS) values (50, 3, 200, 185);
insert into TB_AERONAVE (ID_AERONAVE, ID_COMPANHIA_AEREA, NM_MODELO, NR_QUANTIDADE_ASSENTOS) values (51, 6, 342, 193);
insert into TB_AERONAVE (ID_AERONAVE, ID_COMPANHIA_AEREA, NM_MODELO, NR_QUANTIDADE_ASSENTOS) values (52, 13, 391, 166);
insert into TB_AERONAVE (ID_AERONAVE, ID_COMPANHIA_AEREA, NM_MODELO, NR_QUANTIDADE_ASSENTOS) values (53, 6, 456, 182);
insert into TB_AERONAVE (ID_AERONAVE, ID_COMPANHIA_AEREA, NM_MODELO, NR_QUANTIDADE_ASSENTOS) values (54, 8, 937, 200);
insert into TB_AERONAVE (ID_AERONAVE, ID_COMPANHIA_AEREA, NM_MODELO, NR_QUANTIDADE_ASSENTOS) values (55, 9, 860, 224);
insert into TB_AERONAVE (ID_AERONAVE, ID_COMPANHIA_AEREA, NM_MODELO, NR_QUANTIDADE_ASSENTOS) values (56, 1, 910, 136);
insert into TB_AERONAVE (ID_AERONAVE, ID_COMPANHIA_AEREA, NM_MODELO, NR_QUANTIDADE_ASSENTOS) values (57, 7, 163, 182);
insert into TB_AERONAVE (ID_AERONAVE, ID_COMPANHIA_AEREA, NM_MODELO, NR_QUANTIDADE_ASSENTOS) values (58, 15, 972, 82);
insert into TB_AERONAVE (ID_AERONAVE, ID_COMPANHIA_AEREA, NM_MODELO, NR_QUANTIDADE_ASSENTOS) values (59, 4, 995, 125);
insert into TB_AERONAVE (ID_AERONAVE, ID_COMPANHIA_AEREA, NM_MODELO, NR_QUANTIDADE_ASSENTOS) values (60, 6, 541, 280);
insert into TB_AERONAVE (ID_AERONAVE, ID_COMPANHIA_AEREA, NM_MODELO, NR_QUANTIDADE_ASSENTOS) values (61, 6, 606, 274);
insert into TB_AERONAVE (ID_AERONAVE, ID_COMPANHIA_AEREA, NM_MODELO, NR_QUANTIDADE_ASSENTOS) values (62, 6, 607, 106);
insert into TB_AERONAVE (ID_AERONAVE, ID_COMPANHIA_AEREA, NM_MODELO, NR_QUANTIDADE_ASSENTOS) values (63, 4, 808, 140);
insert into TB_AERONAVE (ID_AERONAVE, ID_COMPANHIA_AEREA, NM_MODELO, NR_QUANTIDADE_ASSENTOS) values (64, 9, 687, 189);
insert into TB_AERONAVE (ID_AERONAVE, ID_COMPANHIA_AEREA, NM_MODELO, NR_QUANTIDADE_ASSENTOS) values (65, 1, 576, 153);
insert into TB_AERONAVE (ID_AERONAVE, ID_COMPANHIA_AEREA, NM_MODELO, NR_QUANTIDADE_ASSENTOS) values (66, 13, 976, 245);
insert into TB_AERONAVE (ID_AERONAVE, ID_COMPANHIA_AEREA, NM_MODELO, NR_QUANTIDADE_ASSENTOS) values (67, 11, 865, 223);
insert into TB_AERONAVE (ID_AERONAVE, ID_COMPANHIA_AEREA, NM_MODELO, NR_QUANTIDADE_ASSENTOS) values (68, 5, 108, 265);
insert into TB_AERONAVE (ID_AERONAVE, ID_COMPANHIA_AEREA, NM_MODELO, NR_QUANTIDADE_ASSENTOS) values (69, 5, 888, 165);
insert into TB_AERONAVE (ID_AERONAVE, ID_COMPANHIA_AEREA, NM_MODELO, NR_QUANTIDADE_ASSENTOS) values (70, 8, 163, 296);
insert into TB_AERONAVE (ID_AERONAVE, ID_COMPANHIA_AEREA, NM_MODELO, NR_QUANTIDADE_ASSENTOS) values (71, 9, 676, 177);
insert into TB_AERONAVE (ID_AERONAVE, ID_COMPANHIA_AEREA, NM_MODELO, NR_QUANTIDADE_ASSENTOS) values (72, 8, 423, 287);
insert into TB_AERONAVE (ID_AERONAVE, ID_COMPANHIA_AEREA, NM_MODELO, NR_QUANTIDADE_ASSENTOS) values (73, 7, 897, 145);
insert into TB_AERONAVE (ID_AERONAVE, ID_COMPANHIA_AEREA, NM_MODELO, NR_QUANTIDADE_ASSENTOS) values (74, 9, 262, 270);
insert into TB_AERONAVE (ID_AERONAVE, ID_COMPANHIA_AEREA, NM_MODELO, NR_QUANTIDADE_ASSENTOS) values (75, 15, 625, 185);
insert into TB_AERONAVE (ID_AERONAVE, ID_COMPANHIA_AEREA, NM_MODELO, NR_QUANTIDADE_ASSENTOS) values (76, 15, 148, 185);
insert into TB_AERONAVE (ID_AERONAVE, ID_COMPANHIA_AEREA, NM_MODELO, NR_QUANTIDADE_ASSENTOS) values (77, 6, 950, 217);
insert into TB_AERONAVE (ID_AERONAVE, ID_COMPANHIA_AEREA, NM_MODELO, NR_QUANTIDADE_ASSENTOS) values (78, 2, 366, 169);
insert into TB_AERONAVE (ID_AERONAVE, ID_COMPANHIA_AEREA, NM_MODELO, NR_QUANTIDADE_ASSENTOS) values (79, 3, 716, 298);
insert into TB_AERONAVE (ID_AERONAVE, ID_COMPANHIA_AEREA, NM_MODELO, NR_QUANTIDADE_ASSENTOS) values (80, 15, 915, 83);
insert into TB_AERONAVE (ID_AERONAVE, ID_COMPANHIA_AEREA, NM_MODELO, NR_QUANTIDADE_ASSENTOS) values (81, 6, 875, 78);
insert into TB_AERONAVE (ID_AERONAVE, ID_COMPANHIA_AEREA, NM_MODELO, NR_QUANTIDADE_ASSENTOS) values (82, 12, 769, 269);
insert into TB_AERONAVE (ID_AERONAVE, ID_COMPANHIA_AEREA, NM_MODELO, NR_QUANTIDADE_ASSENTOS) values (83, 10, 393, 270);
insert into TB_AERONAVE (ID_AERONAVE, ID_COMPANHIA_AEREA, NM_MODELO, NR_QUANTIDADE_ASSENTOS) values (84, 6, 635, 117);
insert into TB_AERONAVE (ID_AERONAVE, ID_COMPANHIA_AEREA, NM_MODELO, NR_QUANTIDADE_ASSENTOS) values (85, 10, 171, 109);
insert into TB_AERONAVE (ID_AERONAVE, ID_COMPANHIA_AEREA, NM_MODELO, NR_QUANTIDADE_ASSENTOS) values (86, 12, 899, 168);
insert into TB_AERONAVE (ID_AERONAVE, ID_COMPANHIA_AEREA, NM_MODELO, NR_QUANTIDADE_ASSENTOS) values (87, 14, 175, 192);
insert into TB_AERONAVE (ID_AERONAVE, ID_COMPANHIA_AEREA, NM_MODELO, NR_QUANTIDADE_ASSENTOS) values (88, 13, 236, 206);
insert into TB_AERONAVE (ID_AERONAVE, ID_COMPANHIA_AEREA, NM_MODELO, NR_QUANTIDADE_ASSENTOS) values (89, 8, 368, 272);
insert into TB_AERONAVE (ID_AERONAVE, ID_COMPANHIA_AEREA, NM_MODELO, NR_QUANTIDADE_ASSENTOS) values (90, 15, 451, 72);
insert into TB_AERONAVE (ID_AERONAVE, ID_COMPANHIA_AEREA, NM_MODELO, NR_QUANTIDADE_ASSENTOS) values (91, 4, 624, 240);
insert into TB_AERONAVE (ID_AERONAVE, ID_COMPANHIA_AEREA, NM_MODELO, NR_QUANTIDADE_ASSENTOS) values (92, 11, 242, 96);
insert into TB_AERONAVE (ID_AERONAVE, ID_COMPANHIA_AEREA, NM_MODELO, NR_QUANTIDADE_ASSENTOS) values (93, 13, 514, 184);
insert into TB_AERONAVE (ID_AERONAVE, ID_COMPANHIA_AEREA, NM_MODELO, NR_QUANTIDADE_ASSENTOS) values (94, 1, 305, 253);
insert into TB_AERONAVE (ID_AERONAVE, ID_COMPANHIA_AEREA, NM_MODELO, NR_QUANTIDADE_ASSENTOS) values (95, 8, 539, 93);
insert into TB_AERONAVE (ID_AERONAVE, ID_COMPANHIA_AEREA, NM_MODELO, NR_QUANTIDADE_ASSENTOS) values (96, 14, 749, 176);
insert into TB_AERONAVE (ID_AERONAVE, ID_COMPANHIA_AEREA, NM_MODELO, NR_QUANTIDADE_ASSENTOS) values (97, 13, 650, 148);
insert into TB_AERONAVE (ID_AERONAVE, ID_COMPANHIA_AEREA, NM_MODELO, NR_QUANTIDADE_ASSENTOS) values (98, 15, 783, 279);
insert into TB_AERONAVE (ID_AERONAVE, ID_COMPANHIA_AEREA, NM_MODELO, NR_QUANTIDADE_ASSENTOS) values (99, 3, 996, 234);
insert into TB_AERONAVE (ID_AERONAVE, ID_COMPANHIA_AEREA, NM_MODELO, NR_QUANTIDADE_ASSENTOS) values (100, 6, 525, 189);
insert into TB_AERONAVE (ID_AERONAVE, ID_COMPANHIA_AEREA, NM_MODELO, NR_QUANTIDADE_ASSENTOS) values (101, 9, 421, 92);
insert into TB_AERONAVE (ID_AERONAVE, ID_COMPANHIA_AEREA, NM_MODELO, NR_QUANTIDADE_ASSENTOS) values (102, 14, 833, 240);
insert into TB_AERONAVE (ID_AERONAVE, ID_COMPANHIA_AEREA, NM_MODELO, NR_QUANTIDADE_ASSENTOS) values (103, 8, 341, 275);
insert into TB_AERONAVE (ID_AERONAVE, ID_COMPANHIA_AEREA, NM_MODELO, NR_QUANTIDADE_ASSENTOS) values (104, 1, 599, 142);
insert into TB_AERONAVE (ID_AERONAVE, ID_COMPANHIA_AEREA, NM_MODELO, NR_QUANTIDADE_ASSENTOS) values (105, 8, 377, 244);
insert into TB_AERONAVE (ID_AERONAVE, ID_COMPANHIA_AEREA, NM_MODELO, NR_QUANTIDADE_ASSENTOS) values (106, 1, 824, 227);
insert into TB_AERONAVE (ID_AERONAVE, ID_COMPANHIA_AEREA, NM_MODELO, NR_QUANTIDADE_ASSENTOS) values (107, 3, 627, 183);
insert into TB_AERONAVE (ID_AERONAVE, ID_COMPANHIA_AEREA, NM_MODELO, NR_QUANTIDADE_ASSENTOS) values (108, 13, 727, 166);
insert into TB_AERONAVE (ID_AERONAVE, ID_COMPANHIA_AEREA, NM_MODELO, NR_QUANTIDADE_ASSENTOS) values (109, 9, 900, 77);
insert into TB_AERONAVE (ID_AERONAVE, ID_COMPANHIA_AEREA, NM_MODELO, NR_QUANTIDADE_ASSENTOS) values (110, 14, 743, 139);
insert into TB_AERONAVE (ID_AERONAVE, ID_COMPANHIA_AEREA, NM_MODELO, NR_QUANTIDADE_ASSENTOS) values (111, 13, 138, 140);
insert into TB_AERONAVE (ID_AERONAVE, ID_COMPANHIA_AEREA, NM_MODELO, NR_QUANTIDADE_ASSENTOS) values (112, 10, 893, 278);
insert into TB_AERONAVE (ID_AERONAVE, ID_COMPANHIA_AEREA, NM_MODELO, NR_QUANTIDADE_ASSENTOS) values (113, 10, 594, 84);
insert into TB_AERONAVE (ID_AERONAVE, ID_COMPANHIA_AEREA, NM_MODELO, NR_QUANTIDADE_ASSENTOS) values (114, 9, 919, 163);
insert into TB_AERONAVE (ID_AERONAVE, ID_COMPANHIA_AEREA, NM_MODELO, NR_QUANTIDADE_ASSENTOS) values (115, 6, 492, 234);
insert into TB_AERONAVE (ID_AERONAVE, ID_COMPANHIA_AEREA, NM_MODELO, NR_QUANTIDADE_ASSENTOS) values (116, 1, 659, 247);
insert into TB_AERONAVE (ID_AERONAVE, ID_COMPANHIA_AEREA, NM_MODELO, NR_QUANTIDADE_ASSENTOS) values (117, 14, 908, 204);
insert into TB_AERONAVE (ID_AERONAVE, ID_COMPANHIA_AEREA, NM_MODELO, NR_QUANTIDADE_ASSENTOS) values (118, 14, 823, 99);
insert into TB_AERONAVE (ID_AERONAVE, ID_COMPANHIA_AEREA, NM_MODELO, NR_QUANTIDADE_ASSENTOS) values (119, 12, 600, 273);
insert into TB_AERONAVE (ID_AERONAVE, ID_COMPANHIA_AEREA, NM_MODELO, NR_QUANTIDADE_ASSENTOS) values (120, 7, 799, 288);
insert into TB_AERONAVE (ID_AERONAVE, ID_COMPANHIA_AEREA, NM_MODELO, NR_QUANTIDADE_ASSENTOS) values (121, 13, 722, 275);
insert into TB_AERONAVE (ID_AERONAVE, ID_COMPANHIA_AEREA, NM_MODELO, NR_QUANTIDADE_ASSENTOS) values (122, 10, 785, 296);
insert into TB_AERONAVE (ID_AERONAVE, ID_COMPANHIA_AEREA, NM_MODELO, NR_QUANTIDADE_ASSENTOS) values (123, 10, 799, 160);
insert into TB_AERONAVE (ID_AERONAVE, ID_COMPANHIA_AEREA, NM_MODELO, NR_QUANTIDADE_ASSENTOS) values (124, 12, 616, 210);
insert into TB_AERONAVE (ID_AERONAVE, ID_COMPANHIA_AEREA, NM_MODELO, NR_QUANTIDADE_ASSENTOS) values (125, 5, 471, 171);
insert into TB_AERONAVE (ID_AERONAVE, ID_COMPANHIA_AEREA, NM_MODELO, NR_QUANTIDADE_ASSENTOS) values (126, 6, 808, 99);
insert into TB_AERONAVE (ID_AERONAVE, ID_COMPANHIA_AEREA, NM_MODELO, NR_QUANTIDADE_ASSENTOS) values (127, 14, 361, 168);
insert into TB_AERONAVE (ID_AERONAVE, ID_COMPANHIA_AEREA, NM_MODELO, NR_QUANTIDADE_ASSENTOS) values (128, 14, 652, 92);
insert into TB_AERONAVE (ID_AERONAVE, ID_COMPANHIA_AEREA, NM_MODELO, NR_QUANTIDADE_ASSENTOS) values (129, 10, 862, 225);
insert into TB_AERONAVE (ID_AERONAVE, ID_COMPANHIA_AEREA, NM_MODELO, NR_QUANTIDADE_ASSENTOS) values (130, 8, 946, 215);
insert into TB_AERONAVE (ID_AERONAVE, ID_COMPANHIA_AEREA, NM_MODELO, NR_QUANTIDADE_ASSENTOS) values (131, 6, 558, 234);
insert into TB_AERONAVE (ID_AERONAVE, ID_COMPANHIA_AEREA, NM_MODELO, NR_QUANTIDADE_ASSENTOS) values (132, 7, 594, 121);
insert into TB_AERONAVE (ID_AERONAVE, ID_COMPANHIA_AEREA, NM_MODELO, NR_QUANTIDADE_ASSENTOS) values (133, 6, 217, 217);
insert into TB_AERONAVE (ID_AERONAVE, ID_COMPANHIA_AEREA, NM_MODELO, NR_QUANTIDADE_ASSENTOS) values (134, 15, 204, 258);
insert into TB_AERONAVE (ID_AERONAVE, ID_COMPANHIA_AEREA, NM_MODELO, NR_QUANTIDADE_ASSENTOS) values (135, 3, 553, 168);
insert into TB_AERONAVE (ID_AERONAVE, ID_COMPANHIA_AEREA, NM_MODELO, NR_QUANTIDADE_ASSENTOS) values (136, 14, 523, 159);
insert into TB_AERONAVE (ID_AERONAVE, ID_COMPANHIA_AEREA, NM_MODELO, NR_QUANTIDADE_ASSENTOS) values (137, 2, 751, 114);
insert into TB_AERONAVE (ID_AERONAVE, ID_COMPANHIA_AEREA, NM_MODELO, NR_QUANTIDADE_ASSENTOS) values (138, 13, 742, 118);
insert into TB_AERONAVE (ID_AERONAVE, ID_COMPANHIA_AEREA, NM_MODELO, NR_QUANTIDADE_ASSENTOS) values (139, 6, 431, 232);
insert into TB_AERONAVE (ID_AERONAVE, ID_COMPANHIA_AEREA, NM_MODELO, NR_QUANTIDADE_ASSENTOS) values (140, 13, 774, 187);
insert into TB_AERONAVE (ID_AERONAVE, ID_COMPANHIA_AEREA, NM_MODELO, NR_QUANTIDADE_ASSENTOS) values (141, 3, 418, 271);
insert into TB_AERONAVE (ID_AERONAVE, ID_COMPANHIA_AEREA, NM_MODELO, NR_QUANTIDADE_ASSENTOS) values (142, 4, 527, 77);
insert into TB_AERONAVE (ID_AERONAVE, ID_COMPANHIA_AEREA, NM_MODELO, NR_QUANTIDADE_ASSENTOS) values (143, 11, 162, 125);
insert into TB_AERONAVE (ID_AERONAVE, ID_COMPANHIA_AEREA, NM_MODELO, NR_QUANTIDADE_ASSENTOS) values (144, 10, 902, 284);
insert into TB_AERONAVE (ID_AERONAVE, ID_COMPANHIA_AEREA, NM_MODELO, NR_QUANTIDADE_ASSENTOS) values (145, 5, 986, 122);
insert into TB_AERONAVE (ID_AERONAVE, ID_COMPANHIA_AEREA, NM_MODELO, NR_QUANTIDADE_ASSENTOS) values (146, 2, 874, 189);
insert into TB_AERONAVE (ID_AERONAVE, ID_COMPANHIA_AEREA, NM_MODELO, NR_QUANTIDADE_ASSENTOS) values (147, 13, 790, 160);
insert into TB_AERONAVE (ID_AERONAVE, ID_COMPANHIA_AEREA, NM_MODELO, NR_QUANTIDADE_ASSENTOS) values (148, 3, 246, 287);
insert into TB_AERONAVE (ID_AERONAVE, ID_COMPANHIA_AEREA, NM_MODELO, NR_QUANTIDADE_ASSENTOS) values (149, 12, 304, 232);
insert into TB_AERONAVE (ID_AERONAVE, ID_COMPANHIA_AEREA, NM_MODELO, NR_QUANTIDADE_ASSENTOS) values (150, 14, 280, 113);
insert into TB_AERONAVE (ID_AERONAVE, ID_COMPANHIA_AEREA, NM_MODELO, NR_QUANTIDADE_ASSENTOS) values (151, 7, 519, 216);
insert into TB_AERONAVE (ID_AERONAVE, ID_COMPANHIA_AEREA, NM_MODELO, NR_QUANTIDADE_ASSENTOS) values (152, 14, 968, 220);
insert into TB_AERONAVE (ID_AERONAVE, ID_COMPANHIA_AEREA, NM_MODELO, NR_QUANTIDADE_ASSENTOS) values (153, 10, 209, 275);
insert into TB_AERONAVE (ID_AERONAVE, ID_COMPANHIA_AEREA, NM_MODELO, NR_QUANTIDADE_ASSENTOS) values (154, 14, 863, 283);
insert into TB_AERONAVE (ID_AERONAVE, ID_COMPANHIA_AEREA, NM_MODELO, NR_QUANTIDADE_ASSENTOS) values (155, 7, 510, 230);
insert into TB_AERONAVE (ID_AERONAVE, ID_COMPANHIA_AEREA, NM_MODELO, NR_QUANTIDADE_ASSENTOS) values (156, 13, 601, 113);
insert into TB_AERONAVE (ID_AERONAVE, ID_COMPANHIA_AEREA, NM_MODELO, NR_QUANTIDADE_ASSENTOS) values (157, 5, 137, 245);
insert into TB_AERONAVE (ID_AERONAVE, ID_COMPANHIA_AEREA, NM_MODELO, NR_QUANTIDADE_ASSENTOS) values (158, 3, 278, 79);
insert into TB_AERONAVE (ID_AERONAVE, ID_COMPANHIA_AEREA, NM_MODELO, NR_QUANTIDADE_ASSENTOS) values (159, 2, 506, 202);
insert into TB_AERONAVE (ID_AERONAVE, ID_COMPANHIA_AEREA, NM_MODELO, NR_QUANTIDADE_ASSENTOS) values (160, 11, 481, 210);
insert into TB_AERONAVE (ID_AERONAVE, ID_COMPANHIA_AEREA, NM_MODELO, NR_QUANTIDADE_ASSENTOS) values (161, 10, 930, 287);
insert into TB_AERONAVE (ID_AERONAVE, ID_COMPANHIA_AEREA, NM_MODELO, NR_QUANTIDADE_ASSENTOS) values (162, 6, 842, 112);
insert into TB_AERONAVE (ID_AERONAVE, ID_COMPANHIA_AEREA, NM_MODELO, NR_QUANTIDADE_ASSENTOS) values (163, 8, 488, 147);
insert into TB_AERONAVE (ID_AERONAVE, ID_COMPANHIA_AEREA, NM_MODELO, NR_QUANTIDADE_ASSENTOS) values (164, 12, 834, 90);
insert into TB_AERONAVE (ID_AERONAVE, ID_COMPANHIA_AEREA, NM_MODELO, NR_QUANTIDADE_ASSENTOS) values (165, 2, 414, 105);
insert into TB_AERONAVE (ID_AERONAVE, ID_COMPANHIA_AEREA, NM_MODELO, NR_QUANTIDADE_ASSENTOS) values (166, 8, 920, 285);
insert into TB_AERONAVE (ID_AERONAVE, ID_COMPANHIA_AEREA, NM_MODELO, NR_QUANTIDADE_ASSENTOS) values (167, 11, 400, 179);
insert into TB_AERONAVE (ID_AERONAVE, ID_COMPANHIA_AEREA, NM_MODELO, NR_QUANTIDADE_ASSENTOS) values (168, 12, 614, 204);
insert into TB_AERONAVE (ID_AERONAVE, ID_COMPANHIA_AEREA, NM_MODELO, NR_QUANTIDADE_ASSENTOS) values (169, 5, 985, 185);
insert into TB_AERONAVE (ID_AERONAVE, ID_COMPANHIA_AEREA, NM_MODELO, NR_QUANTIDADE_ASSENTOS) values (170, 15, 991, 130);
insert into TB_AERONAVE (ID_AERONAVE, ID_COMPANHIA_AEREA, NM_MODELO, NR_QUANTIDADE_ASSENTOS) values (171, 11, 879, 276);
insert into TB_AERONAVE (ID_AERONAVE, ID_COMPANHIA_AEREA, NM_MODELO, NR_QUANTIDADE_ASSENTOS) values (172, 2, 178, 137);
insert into TB_AERONAVE (ID_AERONAVE, ID_COMPANHIA_AEREA, NM_MODELO, NR_QUANTIDADE_ASSENTOS) values (173, 15, 528, 287);
insert into TB_AERONAVE (ID_AERONAVE, ID_COMPANHIA_AEREA, NM_MODELO, NR_QUANTIDADE_ASSENTOS) values (174, 10, 564, 218);
insert into TB_AERONAVE (ID_AERONAVE, ID_COMPANHIA_AEREA, NM_MODELO, NR_QUANTIDADE_ASSENTOS) values (175, 12, 737, 84);
insert into TB_AERONAVE (ID_AERONAVE, ID_COMPANHIA_AEREA, NM_MODELO, NR_QUANTIDADE_ASSENTOS) values (176, 14, 452, 210);
insert into TB_AERONAVE (ID_AERONAVE, ID_COMPANHIA_AEREA, NM_MODELO, NR_QUANTIDADE_ASSENTOS) values (177, 6, 960, 277);
insert into TB_AERONAVE (ID_AERONAVE, ID_COMPANHIA_AEREA, NM_MODELO, NR_QUANTIDADE_ASSENTOS) values (178, 3, 794, 234);
insert into TB_AERONAVE (ID_AERONAVE, ID_COMPANHIA_AEREA, NM_MODELO, NR_QUANTIDADE_ASSENTOS) values (179, 7, 537, 145);
insert into TB_AERONAVE (ID_AERONAVE, ID_COMPANHIA_AEREA, NM_MODELO, NR_QUANTIDADE_ASSENTOS) values (180, 13, 115, 214);
insert into TB_AERONAVE (ID_AERONAVE, ID_COMPANHIA_AEREA, NM_MODELO, NR_QUANTIDADE_ASSENTOS) values (181, 5, 417, 289);
insert into TB_AERONAVE (ID_AERONAVE, ID_COMPANHIA_AEREA, NM_MODELO, NR_QUANTIDADE_ASSENTOS) values (182, 7, 962, 205);
insert into TB_AERONAVE (ID_AERONAVE, ID_COMPANHIA_AEREA, NM_MODELO, NR_QUANTIDADE_ASSENTOS) values (183, 14, 865, 220);
insert into TB_AERONAVE (ID_AERONAVE, ID_COMPANHIA_AEREA, NM_MODELO, NR_QUANTIDADE_ASSENTOS) values (184, 15, 713, 272);
insert into TB_AERONAVE (ID_AERONAVE, ID_COMPANHIA_AEREA, NM_MODELO, NR_QUANTIDADE_ASSENTOS) values (185, 6, 423, 208);
insert into TB_AERONAVE (ID_AERONAVE, ID_COMPANHIA_AEREA, NM_MODELO, NR_QUANTIDADE_ASSENTOS) values (186, 14, 215, 211);
insert into TB_AERONAVE (ID_AERONAVE, ID_COMPANHIA_AEREA, NM_MODELO, NR_QUANTIDADE_ASSENTOS) values (187, 15, 763, 176);
insert into TB_AERONAVE (ID_AERONAVE, ID_COMPANHIA_AEREA, NM_MODELO, NR_QUANTIDADE_ASSENTOS) values (188, 10, 841, 254);
insert into TB_AERONAVE (ID_AERONAVE, ID_COMPANHIA_AEREA, NM_MODELO, NR_QUANTIDADE_ASSENTOS) values (189, 11, 139, 264);
insert into TB_AERONAVE (ID_AERONAVE, ID_COMPANHIA_AEREA, NM_MODELO, NR_QUANTIDADE_ASSENTOS) values (190, 8, 937, 119);
insert into TB_AERONAVE (ID_AERONAVE, ID_COMPANHIA_AEREA, NM_MODELO, NR_QUANTIDADE_ASSENTOS) values (191, 7, 605, 184);
insert into TB_AERONAVE (ID_AERONAVE, ID_COMPANHIA_AEREA, NM_MODELO, NR_QUANTIDADE_ASSENTOS) values (192, 9, 320, 89);
insert into TB_AERONAVE (ID_AERONAVE, ID_COMPANHIA_AEREA, NM_MODELO, NR_QUANTIDADE_ASSENTOS) values (193, 13, 682, 149);
insert into TB_AERONAVE (ID_AERONAVE, ID_COMPANHIA_AEREA, NM_MODELO, NR_QUANTIDADE_ASSENTOS) values (194, 10, 881, 172);
insert into TB_AERONAVE (ID_AERONAVE, ID_COMPANHIA_AEREA, NM_MODELO, NR_QUANTIDADE_ASSENTOS) values (195, 7, 555, 264);
insert into TB_AERONAVE (ID_AERONAVE, ID_COMPANHIA_AEREA, NM_MODELO, NR_QUANTIDADE_ASSENTOS) values (196, 7, 261, 76);
insert into TB_AERONAVE (ID_AERONAVE, ID_COMPANHIA_AEREA, NM_MODELO, NR_QUANTIDADE_ASSENTOS) values (197, 5, 804, 118);
insert into TB_AERONAVE (ID_AERONAVE, ID_COMPANHIA_AEREA, NM_MODELO, NR_QUANTIDADE_ASSENTOS) values (198, 15, 518, 153);
insert into TB_AERONAVE (ID_AERONAVE, ID_COMPANHIA_AEREA, NM_MODELO, NR_QUANTIDADE_ASSENTOS) values (199, 5, 542, 122);
insert into TB_AERONAVE (ID_AERONAVE, ID_COMPANHIA_AEREA, NM_MODELO, NR_QUANTIDADE_ASSENTOS) values (200, 12, 255, 299);
insert into TB_AERONAVE (ID_AERONAVE, ID_COMPANHIA_AEREA, NM_MODELO, NR_QUANTIDADE_ASSENTOS) values (201, 12, 573, 143);
insert into TB_AERONAVE (ID_AERONAVE, ID_COMPANHIA_AEREA, NM_MODELO, NR_QUANTIDADE_ASSENTOS) values (202, 14, 310, 107);
insert into TB_AERONAVE (ID_AERONAVE, ID_COMPANHIA_AEREA, NM_MODELO, NR_QUANTIDADE_ASSENTOS) values (203, 1, 242, 128);
insert into TB_AERONAVE (ID_AERONAVE, ID_COMPANHIA_AEREA, NM_MODELO, NR_QUANTIDADE_ASSENTOS) values (204, 6, 911, 211);
insert into TB_AERONAVE (ID_AERONAVE, ID_COMPANHIA_AEREA, NM_MODELO, NR_QUANTIDADE_ASSENTOS) values (205, 11, 352, 294);
insert into TB_AERONAVE (ID_AERONAVE, ID_COMPANHIA_AEREA, NM_MODELO, NR_QUANTIDADE_ASSENTOS) values (206, 10, 693, 161);
insert into TB_AERONAVE (ID_AERONAVE, ID_COMPANHIA_AEREA, NM_MODELO, NR_QUANTIDADE_ASSENTOS) values (207, 5, 309, 220);
insert into TB_AERONAVE (ID_AERONAVE, ID_COMPANHIA_AEREA, NM_MODELO, NR_QUANTIDADE_ASSENTOS) values (208, 14, 874, 209);
insert into TB_AERONAVE (ID_AERONAVE, ID_COMPANHIA_AEREA, NM_MODELO, NR_QUANTIDADE_ASSENTOS) values (209, 11, 414, 116);
insert into TB_AERONAVE (ID_AERONAVE, ID_COMPANHIA_AEREA, NM_MODELO, NR_QUANTIDADE_ASSENTOS) values (210, 2, 891, 97);
insert into TB_AERONAVE (ID_AERONAVE, ID_COMPANHIA_AEREA, NM_MODELO, NR_QUANTIDADE_ASSENTOS) values (211, 1, 753, 275);
insert into TB_AERONAVE (ID_AERONAVE, ID_COMPANHIA_AEREA, NM_MODELO, NR_QUANTIDADE_ASSENTOS) values (212, 15, 288, 195);
insert into TB_AERONAVE (ID_AERONAVE, ID_COMPANHIA_AEREA, NM_MODELO, NR_QUANTIDADE_ASSENTOS) values (213, 15, 966, 291);
insert into TB_AERONAVE (ID_AERONAVE, ID_COMPANHIA_AEREA, NM_MODELO, NR_QUANTIDADE_ASSENTOS) values (214, 9, 241, 186);
insert into TB_AERONAVE (ID_AERONAVE, ID_COMPANHIA_AEREA, NM_MODELO, NR_QUANTIDADE_ASSENTOS) values (215, 11, 802, 267);
insert into TB_AERONAVE (ID_AERONAVE, ID_COMPANHIA_AEREA, NM_MODELO, NR_QUANTIDADE_ASSENTOS) values (216, 3, 166, 297);
insert into TB_AERONAVE (ID_AERONAVE, ID_COMPANHIA_AEREA, NM_MODELO, NR_QUANTIDADE_ASSENTOS) values (217, 10, 568, 212);
insert into TB_AERONAVE (ID_AERONAVE, ID_COMPANHIA_AEREA, NM_MODELO, NR_QUANTIDADE_ASSENTOS) values (218, 13, 609, 111);
insert into TB_AERONAVE (ID_AERONAVE, ID_COMPANHIA_AEREA, NM_MODELO, NR_QUANTIDADE_ASSENTOS) values (219, 4, 626, 182);
insert into TB_AERONAVE (ID_AERONAVE, ID_COMPANHIA_AEREA, NM_MODELO, NR_QUANTIDADE_ASSENTOS) values (220, 5, 752, 73);
insert into TB_AERONAVE (ID_AERONAVE, ID_COMPANHIA_AEREA, NM_MODELO, NR_QUANTIDADE_ASSENTOS) values (221, 8, 518, 118);
insert into TB_AERONAVE (ID_AERONAVE, ID_COMPANHIA_AEREA, NM_MODELO, NR_QUANTIDADE_ASSENTOS) values (222, 15, 495, 214);
insert into TB_AERONAVE (ID_AERONAVE, ID_COMPANHIA_AEREA, NM_MODELO, NR_QUANTIDADE_ASSENTOS) values (223, 10, 916, 248);
insert into TB_AERONAVE (ID_AERONAVE, ID_COMPANHIA_AEREA, NM_MODELO, NR_QUANTIDADE_ASSENTOS) values (224, 10, 723, 151);
insert into TB_AERONAVE (ID_AERONAVE, ID_COMPANHIA_AEREA, NM_MODELO, NR_QUANTIDADE_ASSENTOS) values (225, 12, 224, 243);
insert into TB_AERONAVE (ID_AERONAVE, ID_COMPANHIA_AEREA, NM_MODELO, NR_QUANTIDADE_ASSENTOS) values (226, 8, 318, 75);
insert into TB_AERONAVE (ID_AERONAVE, ID_COMPANHIA_AEREA, NM_MODELO, NR_QUANTIDADE_ASSENTOS) values (227, 1, 206, 98);
insert into TB_AERONAVE (ID_AERONAVE, ID_COMPANHIA_AEREA, NM_MODELO, NR_QUANTIDADE_ASSENTOS) values (228, 4, 155, 102);
insert into TB_AERONAVE (ID_AERONAVE, ID_COMPANHIA_AEREA, NM_MODELO, NR_QUANTIDADE_ASSENTOS) values (229, 5, 261, 259);
insert into TB_AERONAVE (ID_AERONAVE, ID_COMPANHIA_AEREA, NM_MODELO, NR_QUANTIDADE_ASSENTOS) values (230, 8, 564, 132);
insert into TB_AERONAVE (ID_AERONAVE, ID_COMPANHIA_AEREA, NM_MODELO, NR_QUANTIDADE_ASSENTOS) values (231, 15, 310, 297);
insert into TB_AERONAVE (ID_AERONAVE, ID_COMPANHIA_AEREA, NM_MODELO, NR_QUANTIDADE_ASSENTOS) values (232, 3, 937, 241);
insert into TB_AERONAVE (ID_AERONAVE, ID_COMPANHIA_AEREA, NM_MODELO, NR_QUANTIDADE_ASSENTOS) values (233, 1, 876, 278);
insert into TB_AERONAVE (ID_AERONAVE, ID_COMPANHIA_AEREA, NM_MODELO, NR_QUANTIDADE_ASSENTOS) values (234, 7, 731, 89);
insert into TB_AERONAVE (ID_AERONAVE, ID_COMPANHIA_AEREA, NM_MODELO, NR_QUANTIDADE_ASSENTOS) values (235, 6, 785, 176);
insert into TB_AERONAVE (ID_AERONAVE, ID_COMPANHIA_AEREA, NM_MODELO, NR_QUANTIDADE_ASSENTOS) values (236, 9, 404, 181);
insert into TB_AERONAVE (ID_AERONAVE, ID_COMPANHIA_AEREA, NM_MODELO, NR_QUANTIDADE_ASSENTOS) values (237, 15, 474, 148);
insert into TB_AERONAVE (ID_AERONAVE, ID_COMPANHIA_AEREA, NM_MODELO, NR_QUANTIDADE_ASSENTOS) values (238, 3, 877, 103);
insert into TB_AERONAVE (ID_AERONAVE, ID_COMPANHIA_AEREA, NM_MODELO, NR_QUANTIDADE_ASSENTOS) values (239, 2, 712, 141);
insert into TB_AERONAVE (ID_AERONAVE, ID_COMPANHIA_AEREA, NM_MODELO, NR_QUANTIDADE_ASSENTOS) values (240, 6, 866, 91);
insert into TB_AERONAVE (ID_AERONAVE, ID_COMPANHIA_AEREA, NM_MODELO, NR_QUANTIDADE_ASSENTOS) values (241, 12, 482, 164);
insert into TB_AERONAVE (ID_AERONAVE, ID_COMPANHIA_AEREA, NM_MODELO, NR_QUANTIDADE_ASSENTOS) values (242, 2, 590, 282);
insert into TB_AERONAVE (ID_AERONAVE, ID_COMPANHIA_AEREA, NM_MODELO, NR_QUANTIDADE_ASSENTOS) values (243, 10, 230, 172);
insert into TB_AERONAVE (ID_AERONAVE, ID_COMPANHIA_AEREA, NM_MODELO, NR_QUANTIDADE_ASSENTOS) values (244, 2, 222, 221);
insert into TB_AERONAVE (ID_AERONAVE, ID_COMPANHIA_AEREA, NM_MODELO, NR_QUANTIDADE_ASSENTOS) values (245, 2, 321, 77);
insert into TB_AERONAVE (ID_AERONAVE, ID_COMPANHIA_AEREA, NM_MODELO, NR_QUANTIDADE_ASSENTOS) values (246, 13, 538, 190);
insert into TB_AERONAVE (ID_AERONAVE, ID_COMPANHIA_AEREA, NM_MODELO, NR_QUANTIDADE_ASSENTOS) values (247, 5, 790, 281);
insert into TB_AERONAVE (ID_AERONAVE, ID_COMPANHIA_AEREA, NM_MODELO, NR_QUANTIDADE_ASSENTOS) values (248, 10, 742, 132);
insert into TB_AERONAVE (ID_AERONAVE, ID_COMPANHIA_AEREA, NM_MODELO, NR_QUANTIDADE_ASSENTOS) values (249, 8, 959, 270);
insert into TB_AERONAVE (ID_AERONAVE, ID_COMPANHIA_AEREA, NM_MODELO, NR_QUANTIDADE_ASSENTOS) values (250, 3, 195, 216);
insert into TB_AERONAVE (ID_AERONAVE, ID_COMPANHIA_AEREA, NM_MODELO, NR_QUANTIDADE_ASSENTOS) values (251, 1, 805, 231);
insert into TB_AERONAVE (ID_AERONAVE, ID_COMPANHIA_AEREA, NM_MODELO, NR_QUANTIDADE_ASSENTOS) values (252, 5, 989, 137);
insert into TB_AERONAVE (ID_AERONAVE, ID_COMPANHIA_AEREA, NM_MODELO, NR_QUANTIDADE_ASSENTOS) values (253, 15, 985, 223);
insert into TB_AERONAVE (ID_AERONAVE, ID_COMPANHIA_AEREA, NM_MODELO, NR_QUANTIDADE_ASSENTOS) values (254, 5, 231, 234);
insert into TB_AERONAVE (ID_AERONAVE, ID_COMPANHIA_AEREA, NM_MODELO, NR_QUANTIDADE_ASSENTOS) values (255, 8, 862, 217);
insert into TB_AERONAVE (ID_AERONAVE, ID_COMPANHIA_AEREA, NM_MODELO, NR_QUANTIDADE_ASSENTOS) values (256, 3, 491, 174);
insert into TB_AERONAVE (ID_AERONAVE, ID_COMPANHIA_AEREA, NM_MODELO, NR_QUANTIDADE_ASSENTOS) values (257, 7, 266, 230);
insert into TB_AERONAVE (ID_AERONAVE, ID_COMPANHIA_AEREA, NM_MODELO, NR_QUANTIDADE_ASSENTOS) values (258, 14, 326, 199);
insert into TB_AERONAVE (ID_AERONAVE, ID_COMPANHIA_AEREA, NM_MODELO, NR_QUANTIDADE_ASSENTOS) values (259, 4, 588, 70);
insert into TB_AERONAVE (ID_AERONAVE, ID_COMPANHIA_AEREA, NM_MODELO, NR_QUANTIDADE_ASSENTOS) values (260, 12, 635, 165);
insert into TB_AERONAVE (ID_AERONAVE, ID_COMPANHIA_AEREA, NM_MODELO, NR_QUANTIDADE_ASSENTOS) values (261, 7, 463, 73);
insert into TB_AERONAVE (ID_AERONAVE, ID_COMPANHIA_AEREA, NM_MODELO, NR_QUANTIDADE_ASSENTOS) values (262, 1, 578, 136);
insert into TB_AERONAVE (ID_AERONAVE, ID_COMPANHIA_AEREA, NM_MODELO, NR_QUANTIDADE_ASSENTOS) values (263, 2, 955, 75);
insert into TB_AERONAVE (ID_AERONAVE, ID_COMPANHIA_AEREA, NM_MODELO, NR_QUANTIDADE_ASSENTOS) values (264, 15, 119, 298);
insert into TB_AERONAVE (ID_AERONAVE, ID_COMPANHIA_AEREA, NM_MODELO, NR_QUANTIDADE_ASSENTOS) values (265, 14, 812, 196);
insert into TB_AERONAVE (ID_AERONAVE, ID_COMPANHIA_AEREA, NM_MODELO, NR_QUANTIDADE_ASSENTOS) values (266, 8, 115, 273);
insert into TB_AERONAVE (ID_AERONAVE, ID_COMPANHIA_AEREA, NM_MODELO, NR_QUANTIDADE_ASSENTOS) values (267, 7, 902, 179);
insert into TB_AERONAVE (ID_AERONAVE, ID_COMPANHIA_AEREA, NM_MODELO, NR_QUANTIDADE_ASSENTOS) values (268, 6, 664, 126);
insert into TB_AERONAVE (ID_AERONAVE, ID_COMPANHIA_AEREA, NM_MODELO, NR_QUANTIDADE_ASSENTOS) values (269, 7, 306, 268);
insert into TB_AERONAVE (ID_AERONAVE, ID_COMPANHIA_AEREA, NM_MODELO, NR_QUANTIDADE_ASSENTOS) values (270, 6, 187, 70);
insert into TB_AERONAVE (ID_AERONAVE, ID_COMPANHIA_AEREA, NM_MODELO, NR_QUANTIDADE_ASSENTOS) values (271, 3, 577, 228);
insert into TB_AERONAVE (ID_AERONAVE, ID_COMPANHIA_AEREA, NM_MODELO, NR_QUANTIDADE_ASSENTOS) values (272, 8, 504, 202);
insert into TB_AERONAVE (ID_AERONAVE, ID_COMPANHIA_AEREA, NM_MODELO, NR_QUANTIDADE_ASSENTOS) values (273, 1, 573, 132);
insert into TB_AERONAVE (ID_AERONAVE, ID_COMPANHIA_AEREA, NM_MODELO, NR_QUANTIDADE_ASSENTOS) values (274, 6, 995, 177);
insert into TB_AERONAVE (ID_AERONAVE, ID_COMPANHIA_AEREA, NM_MODELO, NR_QUANTIDADE_ASSENTOS) values (275, 10, 999, 252);
insert into TB_AERONAVE (ID_AERONAVE, ID_COMPANHIA_AEREA, NM_MODELO, NR_QUANTIDADE_ASSENTOS) values (276, 6, 306, 124);
insert into TB_AERONAVE (ID_AERONAVE, ID_COMPANHIA_AEREA, NM_MODELO, NR_QUANTIDADE_ASSENTOS) values (277, 8, 896, 100);
insert into TB_AERONAVE (ID_AERONAVE, ID_COMPANHIA_AEREA, NM_MODELO, NR_QUANTIDADE_ASSENTOS) values (278, 2, 777, 78);
insert into TB_AERONAVE (ID_AERONAVE, ID_COMPANHIA_AEREA, NM_MODELO, NR_QUANTIDADE_ASSENTOS) values (279, 3, 203, 158);
insert into TB_AERONAVE (ID_AERONAVE, ID_COMPANHIA_AEREA, NM_MODELO, NR_QUANTIDADE_ASSENTOS) values (280, 6, 225, 107);
insert into TB_AERONAVE (ID_AERONAVE, ID_COMPANHIA_AEREA, NM_MODELO, NR_QUANTIDADE_ASSENTOS) values (281, 15, 851, 113);
insert into TB_AERONAVE (ID_AERONAVE, ID_COMPANHIA_AEREA, NM_MODELO, NR_QUANTIDADE_ASSENTOS) values (282, 14, 254, 176);
insert into TB_AERONAVE (ID_AERONAVE, ID_COMPANHIA_AEREA, NM_MODELO, NR_QUANTIDADE_ASSENTOS) values (283, 3, 339, 286);
insert into TB_AERONAVE (ID_AERONAVE, ID_COMPANHIA_AEREA, NM_MODELO, NR_QUANTIDADE_ASSENTOS) values (284, 10, 312, 275);
insert into TB_AERONAVE (ID_AERONAVE, ID_COMPANHIA_AEREA, NM_MODELO, NR_QUANTIDADE_ASSENTOS) values (285, 5, 151, 225);
insert into TB_AERONAVE (ID_AERONAVE, ID_COMPANHIA_AEREA, NM_MODELO, NR_QUANTIDADE_ASSENTOS) values (286, 14, 160, 226);
insert into TB_AERONAVE (ID_AERONAVE, ID_COMPANHIA_AEREA, NM_MODELO, NR_QUANTIDADE_ASSENTOS) values (287, 8, 448, 300);
insert into TB_AERONAVE (ID_AERONAVE, ID_COMPANHIA_AEREA, NM_MODELO, NR_QUANTIDADE_ASSENTOS) values (288, 15, 483, 257);
insert into TB_AERONAVE (ID_AERONAVE, ID_COMPANHIA_AEREA, NM_MODELO, NR_QUANTIDADE_ASSENTOS) values (289, 9, 895, 168);
insert into TB_AERONAVE (ID_AERONAVE, ID_COMPANHIA_AEREA, NM_MODELO, NR_QUANTIDADE_ASSENTOS) values (290, 1, 144, 82);
insert into TB_AERONAVE (ID_AERONAVE, ID_COMPANHIA_AEREA, NM_MODELO, NR_QUANTIDADE_ASSENTOS) values (291, 4, 840, 71);
insert into TB_AERONAVE (ID_AERONAVE, ID_COMPANHIA_AEREA, NM_MODELO, NR_QUANTIDADE_ASSENTOS) values (292, 8, 581, 109);
insert into TB_AERONAVE (ID_AERONAVE, ID_COMPANHIA_AEREA, NM_MODELO, NR_QUANTIDADE_ASSENTOS) values (293, 11, 213, 287);
insert into TB_AERONAVE (ID_AERONAVE, ID_COMPANHIA_AEREA, NM_MODELO, NR_QUANTIDADE_ASSENTOS) values (294, 6, 297, 160);
insert into TB_AERONAVE (ID_AERONAVE, ID_COMPANHIA_AEREA, NM_MODELO, NR_QUANTIDADE_ASSENTOS) values (295, 1, 627, 100);
insert into TB_AERONAVE (ID_AERONAVE, ID_COMPANHIA_AEREA, NM_MODELO, NR_QUANTIDADE_ASSENTOS) values (296, 5, 762, 127);
insert into TB_AERONAVE (ID_AERONAVE, ID_COMPANHIA_AEREA, NM_MODELO, NR_QUANTIDADE_ASSENTOS) values (297, 13, 702, 91);
insert into TB_AERONAVE (ID_AERONAVE, ID_COMPANHIA_AEREA, NM_MODELO, NR_QUANTIDADE_ASSENTOS) values (298, 6, 551, 155);
insert into TB_AERONAVE (ID_AERONAVE, ID_COMPANHIA_AEREA, NM_MODELO, NR_QUANTIDADE_ASSENTOS) values (299, 1, 880, 163);
insert into TB_AERONAVE (ID_AERONAVE, ID_COMPANHIA_AEREA, NM_MODELO, NR_QUANTIDADE_ASSENTOS) values (300, 7, 173, 81);
insert into TB_AERONAVE (ID_AERONAVE, ID_COMPANHIA_AEREA, NM_MODELO, NR_QUANTIDADE_ASSENTOS) values (301, 14, 511, 207);
insert into TB_AERONAVE (ID_AERONAVE, ID_COMPANHIA_AEREA, NM_MODELO, NR_QUANTIDADE_ASSENTOS) values (302, 8, 791, 262);
insert into TB_AERONAVE (ID_AERONAVE, ID_COMPANHIA_AEREA, NM_MODELO, NR_QUANTIDADE_ASSENTOS) values (303, 1, 791, 101);
insert into TB_AERONAVE (ID_AERONAVE, ID_COMPANHIA_AEREA, NM_MODELO, NR_QUANTIDADE_ASSENTOS) values (304, 13, 735, 211);
insert into TB_AERONAVE (ID_AERONAVE, ID_COMPANHIA_AEREA, NM_MODELO, NR_QUANTIDADE_ASSENTOS) values (305, 10, 749, 133);
insert into TB_AERONAVE (ID_AERONAVE, ID_COMPANHIA_AEREA, NM_MODELO, NR_QUANTIDADE_ASSENTOS) values (306, 2, 318, 191);
insert into TB_AERONAVE (ID_AERONAVE, ID_COMPANHIA_AEREA, NM_MODELO, NR_QUANTIDADE_ASSENTOS) values (307, 2, 361, 248);
insert into TB_AERONAVE (ID_AERONAVE, ID_COMPANHIA_AEREA, NM_MODELO, NR_QUANTIDADE_ASSENTOS) values (308, 1, 161, 117);
insert into TB_AERONAVE (ID_AERONAVE, ID_COMPANHIA_AEREA, NM_MODELO, NR_QUANTIDADE_ASSENTOS) values (309, 7, 643, 210);
insert into TB_AERONAVE (ID_AERONAVE, ID_COMPANHIA_AEREA, NM_MODELO, NR_QUANTIDADE_ASSENTOS) values (310, 3, 545, 262);
insert into TB_AERONAVE (ID_AERONAVE, ID_COMPANHIA_AEREA, NM_MODELO, NR_QUANTIDADE_ASSENTOS) values (311, 9, 891, 191);
insert into TB_AERONAVE (ID_AERONAVE, ID_COMPANHIA_AEREA, NM_MODELO, NR_QUANTIDADE_ASSENTOS) values (312, 8, 222, 130);
insert into TB_AERONAVE (ID_AERONAVE, ID_COMPANHIA_AEREA, NM_MODELO, NR_QUANTIDADE_ASSENTOS) values (313, 10, 516, 92);
insert into TB_AERONAVE (ID_AERONAVE, ID_COMPANHIA_AEREA, NM_MODELO, NR_QUANTIDADE_ASSENTOS) values (314, 6, 154, 278);
insert into TB_AERONAVE (ID_AERONAVE, ID_COMPANHIA_AEREA, NM_MODELO, NR_QUANTIDADE_ASSENTOS) values (315, 14, 187, 155);
insert into TB_AERONAVE (ID_AERONAVE, ID_COMPANHIA_AEREA, NM_MODELO, NR_QUANTIDADE_ASSENTOS) values (316, 2, 692, 216);
insert into TB_AERONAVE (ID_AERONAVE, ID_COMPANHIA_AEREA, NM_MODELO, NR_QUANTIDADE_ASSENTOS) values (317, 1, 384, 172);
insert into TB_AERONAVE (ID_AERONAVE, ID_COMPANHIA_AEREA, NM_MODELO, NR_QUANTIDADE_ASSENTOS) values (318, 3, 759, 162);
insert into TB_AERONAVE (ID_AERONAVE, ID_COMPANHIA_AEREA, NM_MODELO, NR_QUANTIDADE_ASSENTOS) values (319, 8, 626, 213);
insert into TB_AERONAVE (ID_AERONAVE, ID_COMPANHIA_AEREA, NM_MODELO, NR_QUANTIDADE_ASSENTOS) values (320, 2, 446, 193);
insert into TB_AERONAVE (ID_AERONAVE, ID_COMPANHIA_AEREA, NM_MODELO, NR_QUANTIDADE_ASSENTOS) values (321, 5, 323, 277);
insert into TB_AERONAVE (ID_AERONAVE, ID_COMPANHIA_AEREA, NM_MODELO, NR_QUANTIDADE_ASSENTOS) values (322, 11, 835, 166);
insert into TB_AERONAVE (ID_AERONAVE, ID_COMPANHIA_AEREA, NM_MODELO, NR_QUANTIDADE_ASSENTOS) values (323, 3, 439, 151);
insert into TB_AERONAVE (ID_AERONAVE, ID_COMPANHIA_AEREA, NM_MODELO, NR_QUANTIDADE_ASSENTOS) values (324, 15, 445, 123);
insert into TB_AERONAVE (ID_AERONAVE, ID_COMPANHIA_AEREA, NM_MODELO, NR_QUANTIDADE_ASSENTOS) values (325, 2, 829, 88);
insert into TB_AERONAVE (ID_AERONAVE, ID_COMPANHIA_AEREA, NM_MODELO, NR_QUANTIDADE_ASSENTOS) values (326, 6, 533, 286);
insert into TB_AERONAVE (ID_AERONAVE, ID_COMPANHIA_AEREA, NM_MODELO, NR_QUANTIDADE_ASSENTOS) values (327, 2, 470, 155);
insert into TB_AERONAVE (ID_AERONAVE, ID_COMPANHIA_AEREA, NM_MODELO, NR_QUANTIDADE_ASSENTOS) values (328, 1, 548, 299);
insert into TB_AERONAVE (ID_AERONAVE, ID_COMPANHIA_AEREA, NM_MODELO, NR_QUANTIDADE_ASSENTOS) values (329, 1, 574, 219);
insert into TB_AERONAVE (ID_AERONAVE, ID_COMPANHIA_AEREA, NM_MODELO, NR_QUANTIDADE_ASSENTOS) values (330, 4, 754, 225);
insert into TB_AERONAVE (ID_AERONAVE, ID_COMPANHIA_AEREA, NM_MODELO, NR_QUANTIDADE_ASSENTOS) values (331, 10, 169, 83);
insert into TB_AERONAVE (ID_AERONAVE, ID_COMPANHIA_AEREA, NM_MODELO, NR_QUANTIDADE_ASSENTOS) values (332, 10, 798, 276);
insert into TB_AERONAVE (ID_AERONAVE, ID_COMPANHIA_AEREA, NM_MODELO, NR_QUANTIDADE_ASSENTOS) values (333, 6, 182, 92);
insert into TB_AERONAVE (ID_AERONAVE, ID_COMPANHIA_AEREA, NM_MODELO, NR_QUANTIDADE_ASSENTOS) values (334, 8, 341, 181);
insert into TB_AERONAVE (ID_AERONAVE, ID_COMPANHIA_AEREA, NM_MODELO, NR_QUANTIDADE_ASSENTOS) values (335, 13, 435, 100);
insert into TB_AERONAVE (ID_AERONAVE, ID_COMPANHIA_AEREA, NM_MODELO, NR_QUANTIDADE_ASSENTOS) values (336, 1, 949, 96);
insert into TB_AERONAVE (ID_AERONAVE, ID_COMPANHIA_AEREA, NM_MODELO, NR_QUANTIDADE_ASSENTOS) values (337, 8, 927, 102);
insert into TB_AERONAVE (ID_AERONAVE, ID_COMPANHIA_AEREA, NM_MODELO, NR_QUANTIDADE_ASSENTOS) values (338, 10, 630, 137);
insert into TB_AERONAVE (ID_AERONAVE, ID_COMPANHIA_AEREA, NM_MODELO, NR_QUANTIDADE_ASSENTOS) values (339, 4, 177, 268);
insert into TB_AERONAVE (ID_AERONAVE, ID_COMPANHIA_AEREA, NM_MODELO, NR_QUANTIDADE_ASSENTOS) values (340, 8, 250, 191);
insert into TB_AERONAVE (ID_AERONAVE, ID_COMPANHIA_AEREA, NM_MODELO, NR_QUANTIDADE_ASSENTOS) values (341, 6, 430, 214);
insert into TB_AERONAVE (ID_AERONAVE, ID_COMPANHIA_AEREA, NM_MODELO, NR_QUANTIDADE_ASSENTOS) values (342, 3, 955, 160);
insert into TB_AERONAVE (ID_AERONAVE, ID_COMPANHIA_AEREA, NM_MODELO, NR_QUANTIDADE_ASSENTOS) values (343, 12, 533, 118);
insert into TB_AERONAVE (ID_AERONAVE, ID_COMPANHIA_AEREA, NM_MODELO, NR_QUANTIDADE_ASSENTOS) values (344, 6, 868, 236);
insert into TB_AERONAVE (ID_AERONAVE, ID_COMPANHIA_AEREA, NM_MODELO, NR_QUANTIDADE_ASSENTOS) values (345, 12, 162, 273);
insert into TB_AERONAVE (ID_AERONAVE, ID_COMPANHIA_AEREA, NM_MODELO, NR_QUANTIDADE_ASSENTOS) values (346, 3, 404, 102);
insert into TB_AERONAVE (ID_AERONAVE, ID_COMPANHIA_AEREA, NM_MODELO, NR_QUANTIDADE_ASSENTOS) values (347, 15, 877, 200);
insert into TB_AERONAVE (ID_AERONAVE, ID_COMPANHIA_AEREA, NM_MODELO, NR_QUANTIDADE_ASSENTOS) values (348, 2, 846, 180);
insert into TB_AERONAVE (ID_AERONAVE, ID_COMPANHIA_AEREA, NM_MODELO, NR_QUANTIDADE_ASSENTOS) values (349, 8, 315, 251);
insert into TB_AERONAVE (ID_AERONAVE, ID_COMPANHIA_AEREA, NM_MODELO, NR_QUANTIDADE_ASSENTOS) values (350, 9, 774, 260);
insert into TB_AERONAVE (ID_AERONAVE, ID_COMPANHIA_AEREA, NM_MODELO, NR_QUANTIDADE_ASSENTOS) values (351, 15, 969, 291);
insert into TB_AERONAVE (ID_AERONAVE, ID_COMPANHIA_AEREA, NM_MODELO, NR_QUANTIDADE_ASSENTOS) values (352, 12, 288, 276);
insert into TB_AERONAVE (ID_AERONAVE, ID_COMPANHIA_AEREA, NM_MODELO, NR_QUANTIDADE_ASSENTOS) values (353, 11, 846, 75);
insert into TB_AERONAVE (ID_AERONAVE, ID_COMPANHIA_AEREA, NM_MODELO, NR_QUANTIDADE_ASSENTOS) values (354, 11, 616, 271);
insert into TB_AERONAVE (ID_AERONAVE, ID_COMPANHIA_AEREA, NM_MODELO, NR_QUANTIDADE_ASSENTOS) values (355, 6, 149, 146);
insert into TB_AERONAVE (ID_AERONAVE, ID_COMPANHIA_AEREA, NM_MODELO, NR_QUANTIDADE_ASSENTOS) values (356, 2, 702, 128);
insert into TB_AERONAVE (ID_AERONAVE, ID_COMPANHIA_AEREA, NM_MODELO, NR_QUANTIDADE_ASSENTOS) values (357, 3, 218, 163);
insert into TB_AERONAVE (ID_AERONAVE, ID_COMPANHIA_AEREA, NM_MODELO, NR_QUANTIDADE_ASSENTOS) values (358, 8, 658, 85);
insert into TB_AERONAVE (ID_AERONAVE, ID_COMPANHIA_AEREA, NM_MODELO, NR_QUANTIDADE_ASSENTOS) values (359, 13, 745, 168);
insert into TB_AERONAVE (ID_AERONAVE, ID_COMPANHIA_AEREA, NM_MODELO, NR_QUANTIDADE_ASSENTOS) values (360, 14, 918, 201);
insert into TB_AERONAVE (ID_AERONAVE, ID_COMPANHIA_AEREA, NM_MODELO, NR_QUANTIDADE_ASSENTOS) values (361, 11, 305, 249);
insert into TB_AERONAVE (ID_AERONAVE, ID_COMPANHIA_AEREA, NM_MODELO, NR_QUANTIDADE_ASSENTOS) values (362, 6, 754, 116);
insert into TB_AERONAVE (ID_AERONAVE, ID_COMPANHIA_AEREA, NM_MODELO, NR_QUANTIDADE_ASSENTOS) values (363, 10, 221, 160);
insert into TB_AERONAVE (ID_AERONAVE, ID_COMPANHIA_AEREA, NM_MODELO, NR_QUANTIDADE_ASSENTOS) values (364, 12, 290, 245);
insert into TB_AERONAVE (ID_AERONAVE, ID_COMPANHIA_AEREA, NM_MODELO, NR_QUANTIDADE_ASSENTOS) values (365, 4, 804, 255);
insert into TB_AERONAVE (ID_AERONAVE, ID_COMPANHIA_AEREA, NM_MODELO, NR_QUANTIDADE_ASSENTOS) values (366, 13, 388, 295);
insert into TB_AERONAVE (ID_AERONAVE, ID_COMPANHIA_AEREA, NM_MODELO, NR_QUANTIDADE_ASSENTOS) values (367, 3, 894, 214);
insert into TB_AERONAVE (ID_AERONAVE, ID_COMPANHIA_AEREA, NM_MODELO, NR_QUANTIDADE_ASSENTOS) values (368, 3, 217, 111);
insert into TB_AERONAVE (ID_AERONAVE, ID_COMPANHIA_AEREA, NM_MODELO, NR_QUANTIDADE_ASSENTOS) values (369, 11, 469, 103);
insert into TB_AERONAVE (ID_AERONAVE, ID_COMPANHIA_AEREA, NM_MODELO, NR_QUANTIDADE_ASSENTOS) values (370, 2, 850, 218);
insert into TB_AERONAVE (ID_AERONAVE, ID_COMPANHIA_AEREA, NM_MODELO, NR_QUANTIDADE_ASSENTOS) values (371, 5, 886, 284);
insert into TB_AERONAVE (ID_AERONAVE, ID_COMPANHIA_AEREA, NM_MODELO, NR_QUANTIDADE_ASSENTOS) values (372, 10, 721, 208);
insert into TB_AERONAVE (ID_AERONAVE, ID_COMPANHIA_AEREA, NM_MODELO, NR_QUANTIDADE_ASSENTOS) values (373, 14, 207, 80);
insert into TB_AERONAVE (ID_AERONAVE, ID_COMPANHIA_AEREA, NM_MODELO, NR_QUANTIDADE_ASSENTOS) values (374, 8, 577, 151);
insert into TB_AERONAVE (ID_AERONAVE, ID_COMPANHIA_AEREA, NM_MODELO, NR_QUANTIDADE_ASSENTOS) values (375, 12, 697, 261);
insert into TB_AERONAVE (ID_AERONAVE, ID_COMPANHIA_AEREA, NM_MODELO, NR_QUANTIDADE_ASSENTOS) values (376, 11, 972, 262);
insert into TB_AERONAVE (ID_AERONAVE, ID_COMPANHIA_AEREA, NM_MODELO, NR_QUANTIDADE_ASSENTOS) values (377, 11, 459, 143);
insert into TB_AERONAVE (ID_AERONAVE, ID_COMPANHIA_AEREA, NM_MODELO, NR_QUANTIDADE_ASSENTOS) values (378, 4, 657, 124);
insert into TB_AERONAVE (ID_AERONAVE, ID_COMPANHIA_AEREA, NM_MODELO, NR_QUANTIDADE_ASSENTOS) values (379, 13, 735, 216);
insert into TB_AERONAVE (ID_AERONAVE, ID_COMPANHIA_AEREA, NM_MODELO, NR_QUANTIDADE_ASSENTOS) values (380, 2, 929, 221);
insert into TB_AERONAVE (ID_AERONAVE, ID_COMPANHIA_AEREA, NM_MODELO, NR_QUANTIDADE_ASSENTOS) values (381, 4, 749, 253);
insert into TB_AERONAVE (ID_AERONAVE, ID_COMPANHIA_AEREA, NM_MODELO, NR_QUANTIDADE_ASSENTOS) values (382, 15, 361, 139);
insert into TB_AERONAVE (ID_AERONAVE, ID_COMPANHIA_AEREA, NM_MODELO, NR_QUANTIDADE_ASSENTOS) values (383, 11, 908, 176);
insert into TB_AERONAVE (ID_AERONAVE, ID_COMPANHIA_AEREA, NM_MODELO, NR_QUANTIDADE_ASSENTOS) values (384, 10, 108, 251);
insert into TB_AERONAVE (ID_AERONAVE, ID_COMPANHIA_AEREA, NM_MODELO, NR_QUANTIDADE_ASSENTOS) values (385, 2, 802, 177);
insert into TB_AERONAVE (ID_AERONAVE, ID_COMPANHIA_AEREA, NM_MODELO, NR_QUANTIDADE_ASSENTOS) values (386, 9, 487, 77);
insert into TB_AERONAVE (ID_AERONAVE, ID_COMPANHIA_AEREA, NM_MODELO, NR_QUANTIDADE_ASSENTOS) values (387, 2, 893, 82);
insert into TB_AERONAVE (ID_AERONAVE, ID_COMPANHIA_AEREA, NM_MODELO, NR_QUANTIDADE_ASSENTOS) values (388, 4, 435, 195);
insert into TB_AERONAVE (ID_AERONAVE, ID_COMPANHIA_AEREA, NM_MODELO, NR_QUANTIDADE_ASSENTOS) values (389, 13, 519, 264);
insert into TB_AERONAVE (ID_AERONAVE, ID_COMPANHIA_AEREA, NM_MODELO, NR_QUANTIDADE_ASSENTOS) values (390, 4, 651, 209);
insert into TB_AERONAVE (ID_AERONAVE, ID_COMPANHIA_AEREA, NM_MODELO, NR_QUANTIDADE_ASSENTOS) values (391, 5, 592, 209);
insert into TB_AERONAVE (ID_AERONAVE, ID_COMPANHIA_AEREA, NM_MODELO, NR_QUANTIDADE_ASSENTOS) values (392, 4, 780, 276);
insert into TB_AERONAVE (ID_AERONAVE, ID_COMPANHIA_AEREA, NM_MODELO, NR_QUANTIDADE_ASSENTOS) values (393, 6, 776, 112);
insert into TB_AERONAVE (ID_AERONAVE, ID_COMPANHIA_AEREA, NM_MODELO, NR_QUANTIDADE_ASSENTOS) values (394, 13, 958, 245);
insert into TB_AERONAVE (ID_AERONAVE, ID_COMPANHIA_AEREA, NM_MODELO, NR_QUANTIDADE_ASSENTOS) values (395, 5, 103, 241);
insert into TB_AERONAVE (ID_AERONAVE, ID_COMPANHIA_AEREA, NM_MODELO, NR_QUANTIDADE_ASSENTOS) values (396, 6, 534, 129);
insert into TB_AERONAVE (ID_AERONAVE, ID_COMPANHIA_AEREA, NM_MODELO, NR_QUANTIDADE_ASSENTOS) values (397, 2, 922, 203);
insert into TB_AERONAVE (ID_AERONAVE, ID_COMPANHIA_AEREA, NM_MODELO, NR_QUANTIDADE_ASSENTOS) values (398, 10, 656, 187);
insert into TB_AERONAVE (ID_AERONAVE, ID_COMPANHIA_AEREA, NM_MODELO, NR_QUANTIDADE_ASSENTOS) values (399, 14, 472, 171);
insert into TB_AERONAVE (ID_AERONAVE, ID_COMPANHIA_AEREA, NM_MODELO, NR_QUANTIDADE_ASSENTOS) values (400, 4, 716, 126);
insert into TB_AERONAVE (ID_AERONAVE, ID_COMPANHIA_AEREA, NM_MODELO, NR_QUANTIDADE_ASSENTOS) values (401, 10, 456, 256);
insert into TB_AERONAVE (ID_AERONAVE, ID_COMPANHIA_AEREA, NM_MODELO, NR_QUANTIDADE_ASSENTOS) values (402, 11, 314, 249);
insert into TB_AERONAVE (ID_AERONAVE, ID_COMPANHIA_AEREA, NM_MODELO, NR_QUANTIDADE_ASSENTOS) values (403, 5, 727, 162);
insert into TB_AERONAVE (ID_AERONAVE, ID_COMPANHIA_AEREA, NM_MODELO, NR_QUANTIDADE_ASSENTOS) values (404, 2, 553, 167);
insert into TB_AERONAVE (ID_AERONAVE, ID_COMPANHIA_AEREA, NM_MODELO, NR_QUANTIDADE_ASSENTOS) values (405, 5, 961, 200);
insert into TB_AERONAVE (ID_AERONAVE, ID_COMPANHIA_AEREA, NM_MODELO, NR_QUANTIDADE_ASSENTOS) values (406, 9, 367, 185);
insert into TB_AERONAVE (ID_AERONAVE, ID_COMPANHIA_AEREA, NM_MODELO, NR_QUANTIDADE_ASSENTOS) values (407, 3, 109, 268);
insert into TB_AERONAVE (ID_AERONAVE, ID_COMPANHIA_AEREA, NM_MODELO, NR_QUANTIDADE_ASSENTOS) values (408, 6, 780, 94);
insert into TB_AERONAVE (ID_AERONAVE, ID_COMPANHIA_AEREA, NM_MODELO, NR_QUANTIDADE_ASSENTOS) values (409, 14, 174, 115);
insert into TB_AERONAVE (ID_AERONAVE, ID_COMPANHIA_AEREA, NM_MODELO, NR_QUANTIDADE_ASSENTOS) values (410, 11, 251, 152);
insert into TB_AERONAVE (ID_AERONAVE, ID_COMPANHIA_AEREA, NM_MODELO, NR_QUANTIDADE_ASSENTOS) values (411, 13, 527, 220);
insert into TB_AERONAVE (ID_AERONAVE, ID_COMPANHIA_AEREA, NM_MODELO, NR_QUANTIDADE_ASSENTOS) values (412, 12, 770, 174);
insert into TB_AERONAVE (ID_AERONAVE, ID_COMPANHIA_AEREA, NM_MODELO, NR_QUANTIDADE_ASSENTOS) values (413, 7, 966, 206);
insert into TB_AERONAVE (ID_AERONAVE, ID_COMPANHIA_AEREA, NM_MODELO, NR_QUANTIDADE_ASSENTOS) values (414, 3, 125, 255);
insert into TB_AERONAVE (ID_AERONAVE, ID_COMPANHIA_AEREA, NM_MODELO, NR_QUANTIDADE_ASSENTOS) values (415, 8, 950, 287);
insert into TB_AERONAVE (ID_AERONAVE, ID_COMPANHIA_AEREA, NM_MODELO, NR_QUANTIDADE_ASSENTOS) values (416, 1, 360, 183);
insert into TB_AERONAVE (ID_AERONAVE, ID_COMPANHIA_AEREA, NM_MODELO, NR_QUANTIDADE_ASSENTOS) values (417, 1, 315, 245);
insert into TB_AERONAVE (ID_AERONAVE, ID_COMPANHIA_AEREA, NM_MODELO, NR_QUANTIDADE_ASSENTOS) values (418, 14, 620, 193);
insert into TB_AERONAVE (ID_AERONAVE, ID_COMPANHIA_AEREA, NM_MODELO, NR_QUANTIDADE_ASSENTOS) values (419, 1, 935, 169);
insert into TB_AERONAVE (ID_AERONAVE, ID_COMPANHIA_AEREA, NM_MODELO, NR_QUANTIDADE_ASSENTOS) values (420, 15, 998, 147);
insert into TB_AERONAVE (ID_AERONAVE, ID_COMPANHIA_AEREA, NM_MODELO, NR_QUANTIDADE_ASSENTOS) values (421, 11, 833, 234);
insert into TB_AERONAVE (ID_AERONAVE, ID_COMPANHIA_AEREA, NM_MODELO, NR_QUANTIDADE_ASSENTOS) values (422, 5, 218, 86);
insert into TB_AERONAVE (ID_AERONAVE, ID_COMPANHIA_AEREA, NM_MODELO, NR_QUANTIDADE_ASSENTOS) values (423, 14, 542, 289);
insert into TB_AERONAVE (ID_AERONAVE, ID_COMPANHIA_AEREA, NM_MODELO, NR_QUANTIDADE_ASSENTOS) values (424, 15, 948, 90);
insert into TB_AERONAVE (ID_AERONAVE, ID_COMPANHIA_AEREA, NM_MODELO, NR_QUANTIDADE_ASSENTOS) values (425, 2, 670, 105);
insert into TB_AERONAVE (ID_AERONAVE, ID_COMPANHIA_AEREA, NM_MODELO, NR_QUANTIDADE_ASSENTOS) values (426, 12, 577, 280);
insert into TB_AERONAVE (ID_AERONAVE, ID_COMPANHIA_AEREA, NM_MODELO, NR_QUANTIDADE_ASSENTOS) values (427, 13, 481, 93);
insert into TB_AERONAVE (ID_AERONAVE, ID_COMPANHIA_AEREA, NM_MODELO, NR_QUANTIDADE_ASSENTOS) values (428, 12, 308, 242);
insert into TB_AERONAVE (ID_AERONAVE, ID_COMPANHIA_AEREA, NM_MODELO, NR_QUANTIDADE_ASSENTOS) values (429, 2, 716, 91);
insert into TB_AERONAVE (ID_AERONAVE, ID_COMPANHIA_AEREA, NM_MODELO, NR_QUANTIDADE_ASSENTOS) values (430, 11, 971, 219);
insert into TB_AERONAVE (ID_AERONAVE, ID_COMPANHIA_AEREA, NM_MODELO, NR_QUANTIDADE_ASSENTOS) values (431, 7, 365, 231);
insert into TB_AERONAVE (ID_AERONAVE, ID_COMPANHIA_AEREA, NM_MODELO, NR_QUANTIDADE_ASSENTOS) values (432, 15, 165, 78);
insert into TB_AERONAVE (ID_AERONAVE, ID_COMPANHIA_AEREA, NM_MODELO, NR_QUANTIDADE_ASSENTOS) values (433, 10, 218, 247);
insert into TB_AERONAVE (ID_AERONAVE, ID_COMPANHIA_AEREA, NM_MODELO, NR_QUANTIDADE_ASSENTOS) values (434, 4, 283, 255);
insert into TB_AERONAVE (ID_AERONAVE, ID_COMPANHIA_AEREA, NM_MODELO, NR_QUANTIDADE_ASSENTOS) values (435, 7, 255, 215);
insert into TB_AERONAVE (ID_AERONAVE, ID_COMPANHIA_AEREA, NM_MODELO, NR_QUANTIDADE_ASSENTOS) values (436, 1, 713, 104);
insert into TB_AERONAVE (ID_AERONAVE, ID_COMPANHIA_AEREA, NM_MODELO, NR_QUANTIDADE_ASSENTOS) values (437, 8, 914, 131);
insert into TB_AERONAVE (ID_AERONAVE, ID_COMPANHIA_AEREA, NM_MODELO, NR_QUANTIDADE_ASSENTOS) values (438, 15, 971, 144);
insert into TB_AERONAVE (ID_AERONAVE, ID_COMPANHIA_AEREA, NM_MODELO, NR_QUANTIDADE_ASSENTOS) values (439, 2, 677, 146);
insert into TB_AERONAVE (ID_AERONAVE, ID_COMPANHIA_AEREA, NM_MODELO, NR_QUANTIDADE_ASSENTOS) values (440, 11, 346, 86);
insert into TB_AERONAVE (ID_AERONAVE, ID_COMPANHIA_AEREA, NM_MODELO, NR_QUANTIDADE_ASSENTOS) values (441, 1, 506, 256);
insert into TB_AERONAVE (ID_AERONAVE, ID_COMPANHIA_AEREA, NM_MODELO, NR_QUANTIDADE_ASSENTOS) values (442, 12, 796, 108);
insert into TB_AERONAVE (ID_AERONAVE, ID_COMPANHIA_AEREA, NM_MODELO, NR_QUANTIDADE_ASSENTOS) values (443, 1, 925, 122);
insert into TB_AERONAVE (ID_AERONAVE, ID_COMPANHIA_AEREA, NM_MODELO, NR_QUANTIDADE_ASSENTOS) values (444, 14, 346, 126);
insert into TB_AERONAVE (ID_AERONAVE, ID_COMPANHIA_AEREA, NM_MODELO, NR_QUANTIDADE_ASSENTOS) values (445, 11, 187, 181);
insert into TB_AERONAVE (ID_AERONAVE, ID_COMPANHIA_AEREA, NM_MODELO, NR_QUANTIDADE_ASSENTOS) values (446, 11, 985, 176);
insert into TB_AERONAVE (ID_AERONAVE, ID_COMPANHIA_AEREA, NM_MODELO, NR_QUANTIDADE_ASSENTOS) values (447, 12, 379, 135);
insert into TB_AERONAVE (ID_AERONAVE, ID_COMPANHIA_AEREA, NM_MODELO, NR_QUANTIDADE_ASSENTOS) values (448, 3, 425, 73);
insert into TB_AERONAVE (ID_AERONAVE, ID_COMPANHIA_AEREA, NM_MODELO, NR_QUANTIDADE_ASSENTOS) values (449, 14, 951, 287);
insert into TB_AERONAVE (ID_AERONAVE, ID_COMPANHIA_AEREA, NM_MODELO, NR_QUANTIDADE_ASSENTOS) values (450, 12, 112, 182);
insert into TB_AERONAVE (ID_AERONAVE, ID_COMPANHIA_AEREA, NM_MODELO, NR_QUANTIDADE_ASSENTOS) values (451, 1, 179, 209);
insert into TB_AERONAVE (ID_AERONAVE, ID_COMPANHIA_AEREA, NM_MODELO, NR_QUANTIDADE_ASSENTOS) values (452, 14, 543, 246);
insert into TB_AERONAVE (ID_AERONAVE, ID_COMPANHIA_AEREA, NM_MODELO, NR_QUANTIDADE_ASSENTOS) values (453, 5, 705, 238);
insert into TB_AERONAVE (ID_AERONAVE, ID_COMPANHIA_AEREA, NM_MODELO, NR_QUANTIDADE_ASSENTOS) values (454, 1, 413, 133);
insert into TB_AERONAVE (ID_AERONAVE, ID_COMPANHIA_AEREA, NM_MODELO, NR_QUANTIDADE_ASSENTOS) values (455, 5, 805, 85);
insert into TB_AERONAVE (ID_AERONAVE, ID_COMPANHIA_AEREA, NM_MODELO, NR_QUANTIDADE_ASSENTOS) values (456, 14, 317, 115);
insert into TB_AERONAVE (ID_AERONAVE, ID_COMPANHIA_AEREA, NM_MODELO, NR_QUANTIDADE_ASSENTOS) values (457, 14, 163, 230);
insert into TB_AERONAVE (ID_AERONAVE, ID_COMPANHIA_AEREA, NM_MODELO, NR_QUANTIDADE_ASSENTOS) values (458, 13, 774, 143);
insert into TB_AERONAVE (ID_AERONAVE, ID_COMPANHIA_AEREA, NM_MODELO, NR_QUANTIDADE_ASSENTOS) values (459, 4, 551, 228);
insert into TB_AERONAVE (ID_AERONAVE, ID_COMPANHIA_AEREA, NM_MODELO, NR_QUANTIDADE_ASSENTOS) values (460, 13, 123, 214);
insert into TB_AERONAVE (ID_AERONAVE, ID_COMPANHIA_AEREA, NM_MODELO, NR_QUANTIDADE_ASSENTOS) values (461, 3, 246, 283);
insert into TB_AERONAVE (ID_AERONAVE, ID_COMPANHIA_AEREA, NM_MODELO, NR_QUANTIDADE_ASSENTOS) values (462, 9, 897, 93);
insert into TB_AERONAVE (ID_AERONAVE, ID_COMPANHIA_AEREA, NM_MODELO, NR_QUANTIDADE_ASSENTOS) values (463, 7, 302, 128);
insert into TB_AERONAVE (ID_AERONAVE, ID_COMPANHIA_AEREA, NM_MODELO, NR_QUANTIDADE_ASSENTOS) values (464, 11, 676, 98);
insert into TB_AERONAVE (ID_AERONAVE, ID_COMPANHIA_AEREA, NM_MODELO, NR_QUANTIDADE_ASSENTOS) values (465, 6, 907, 221);
insert into TB_AERONAVE (ID_AERONAVE, ID_COMPANHIA_AEREA, NM_MODELO, NR_QUANTIDADE_ASSENTOS) values (466, 2, 870, 160);
insert into TB_AERONAVE (ID_AERONAVE, ID_COMPANHIA_AEREA, NM_MODELO, NR_QUANTIDADE_ASSENTOS) values (467, 11, 697, 98);
insert into TB_AERONAVE (ID_AERONAVE, ID_COMPANHIA_AEREA, NM_MODELO, NR_QUANTIDADE_ASSENTOS) values (468, 12, 605, 89);
insert into TB_AERONAVE (ID_AERONAVE, ID_COMPANHIA_AEREA, NM_MODELO, NR_QUANTIDADE_ASSENTOS) values (469, 7, 128, 275);
insert into TB_AERONAVE (ID_AERONAVE, ID_COMPANHIA_AEREA, NM_MODELO, NR_QUANTIDADE_ASSENTOS) values (470, 8, 311, 84);
insert into TB_AERONAVE (ID_AERONAVE, ID_COMPANHIA_AEREA, NM_MODELO, NR_QUANTIDADE_ASSENTOS) values (471, 1, 365, 186);
insert into TB_AERONAVE (ID_AERONAVE, ID_COMPANHIA_AEREA, NM_MODELO, NR_QUANTIDADE_ASSENTOS) values (472, 2, 993, 99);
insert into TB_AERONAVE (ID_AERONAVE, ID_COMPANHIA_AEREA, NM_MODELO, NR_QUANTIDADE_ASSENTOS) values (473, 10, 936, 290);
insert into TB_AERONAVE (ID_AERONAVE, ID_COMPANHIA_AEREA, NM_MODELO, NR_QUANTIDADE_ASSENTOS) values (474, 3, 598, 73);
insert into TB_AERONAVE (ID_AERONAVE, ID_COMPANHIA_AEREA, NM_MODELO, NR_QUANTIDADE_ASSENTOS) values (475, 6, 740, 196);
insert into TB_AERONAVE (ID_AERONAVE, ID_COMPANHIA_AEREA, NM_MODELO, NR_QUANTIDADE_ASSENTOS) values (476, 11, 419, 202);
insert into TB_AERONAVE (ID_AERONAVE, ID_COMPANHIA_AEREA, NM_MODELO, NR_QUANTIDADE_ASSENTOS) values (477, 10, 302, 249);
insert into TB_AERONAVE (ID_AERONAVE, ID_COMPANHIA_AEREA, NM_MODELO, NR_QUANTIDADE_ASSENTOS) values (478, 13, 639, 212);
insert into TB_AERONAVE (ID_AERONAVE, ID_COMPANHIA_AEREA, NM_MODELO, NR_QUANTIDADE_ASSENTOS) values (479, 2, 939, 135);
insert into TB_AERONAVE (ID_AERONAVE, ID_COMPANHIA_AEREA, NM_MODELO, NR_QUANTIDADE_ASSENTOS) values (480, 8, 666, 276);
insert into TB_AERONAVE (ID_AERONAVE, ID_COMPANHIA_AEREA, NM_MODELO, NR_QUANTIDADE_ASSENTOS) values (481, 9, 833, 262);
insert into TB_AERONAVE (ID_AERONAVE, ID_COMPANHIA_AEREA, NM_MODELO, NR_QUANTIDADE_ASSENTOS) values (482, 15, 973, 217);
insert into TB_AERONAVE (ID_AERONAVE, ID_COMPANHIA_AEREA, NM_MODELO, NR_QUANTIDADE_ASSENTOS) values (483, 12, 540, 228);
insert into TB_AERONAVE (ID_AERONAVE, ID_COMPANHIA_AEREA, NM_MODELO, NR_QUANTIDADE_ASSENTOS) values (484, 8, 451, 177);
insert into TB_AERONAVE (ID_AERONAVE, ID_COMPANHIA_AEREA, NM_MODELO, NR_QUANTIDADE_ASSENTOS) values (485, 7, 753, 164);
insert into TB_AERONAVE (ID_AERONAVE, ID_COMPANHIA_AEREA, NM_MODELO, NR_QUANTIDADE_ASSENTOS) values (486, 4, 472, 140);
insert into TB_AERONAVE (ID_AERONAVE, ID_COMPANHIA_AEREA, NM_MODELO, NR_QUANTIDADE_ASSENTOS) values (487, 5, 311, 122);
insert into TB_AERONAVE (ID_AERONAVE, ID_COMPANHIA_AEREA, NM_MODELO, NR_QUANTIDADE_ASSENTOS) values (488, 7, 143, 298);
insert into TB_AERONAVE (ID_AERONAVE, ID_COMPANHIA_AEREA, NM_MODELO, NR_QUANTIDADE_ASSENTOS) values (489, 8, 391, 181);
insert into TB_AERONAVE (ID_AERONAVE, ID_COMPANHIA_AEREA, NM_MODELO, NR_QUANTIDADE_ASSENTOS) values (490, 10, 853, 170);
insert into TB_AERONAVE (ID_AERONAVE, ID_COMPANHIA_AEREA, NM_MODELO, NR_QUANTIDADE_ASSENTOS) values (491, 6, 867, 221);
insert into TB_AERONAVE (ID_AERONAVE, ID_COMPANHIA_AEREA, NM_MODELO, NR_QUANTIDADE_ASSENTOS) values (492, 6, 484, 176);
insert into TB_AERONAVE (ID_AERONAVE, ID_COMPANHIA_AEREA, NM_MODELO, NR_QUANTIDADE_ASSENTOS) values (493, 7, 287, 198);
insert into TB_AERONAVE (ID_AERONAVE, ID_COMPANHIA_AEREA, NM_MODELO, NR_QUANTIDADE_ASSENTOS) values (494, 4, 114, 170);
insert into TB_AERONAVE (ID_AERONAVE, ID_COMPANHIA_AEREA, NM_MODELO, NR_QUANTIDADE_ASSENTOS) values (495, 15, 704, 225);
insert into TB_AERONAVE (ID_AERONAVE, ID_COMPANHIA_AEREA, NM_MODELO, NR_QUANTIDADE_ASSENTOS) values (496, 7, 409, 103);
insert into TB_AERONAVE (ID_AERONAVE, ID_COMPANHIA_AEREA, NM_MODELO, NR_QUANTIDADE_ASSENTOS) values (497, 12, 276, 75);
insert into TB_AERONAVE (ID_AERONAVE, ID_COMPANHIA_AEREA, NM_MODELO, NR_QUANTIDADE_ASSENTOS) values (498, 13, 206, 259);
insert into TB_AERONAVE (ID_AERONAVE, ID_COMPANHIA_AEREA, NM_MODELO, NR_QUANTIDADE_ASSENTOS) values (499, 4, 448, 174);
insert into TB_AERONAVE (ID_AERONAVE, ID_COMPANHIA_AEREA, NM_MODELO, NR_QUANTIDADE_ASSENTOS) values (500, 1, 697, 267);
insert into TB_AERONAVE (ID_AERONAVE, ID_COMPANHIA_AEREA, NM_MODELO, NR_QUANTIDADE_ASSENTOS) values (501, 11, 227, 79);
insert into TB_AERONAVE (ID_AERONAVE, ID_COMPANHIA_AEREA, NM_MODELO, NR_QUANTIDADE_ASSENTOS) values (502, 8, 314, 151);
insert into TB_AERONAVE (ID_AERONAVE, ID_COMPANHIA_AEREA, NM_MODELO, NR_QUANTIDADE_ASSENTOS) values (503, 9, 949, 122);
insert into TB_AERONAVE (ID_AERONAVE, ID_COMPANHIA_AEREA, NM_MODELO, NR_QUANTIDADE_ASSENTOS) values (504, 7, 897, 108);
insert into TB_AERONAVE (ID_AERONAVE, ID_COMPANHIA_AEREA, NM_MODELO, NR_QUANTIDADE_ASSENTOS) values (505, 9, 941, 79);
insert into TB_AERONAVE (ID_AERONAVE, ID_COMPANHIA_AEREA, NM_MODELO, NR_QUANTIDADE_ASSENTOS) values (506, 4, 861, 247);
insert into TB_AERONAVE (ID_AERONAVE, ID_COMPANHIA_AEREA, NM_MODELO, NR_QUANTIDADE_ASSENTOS) values (507, 5, 311, 136);
insert into TB_AERONAVE (ID_AERONAVE, ID_COMPANHIA_AEREA, NM_MODELO, NR_QUANTIDADE_ASSENTOS) values (508, 15, 843, 137);
insert into TB_AERONAVE (ID_AERONAVE, ID_COMPANHIA_AEREA, NM_MODELO, NR_QUANTIDADE_ASSENTOS) values (509, 13, 436, 164);
insert into TB_AERONAVE (ID_AERONAVE, ID_COMPANHIA_AEREA, NM_MODELO, NR_QUANTIDADE_ASSENTOS) values (510, 10, 127, 232);
insert into TB_AERONAVE (ID_AERONAVE, ID_COMPANHIA_AEREA, NM_MODELO, NR_QUANTIDADE_ASSENTOS) values (511, 15, 881, 210);
insert into TB_AERONAVE (ID_AERONAVE, ID_COMPANHIA_AEREA, NM_MODELO, NR_QUANTIDADE_ASSENTOS) values (512, 6, 205, 176);
insert into TB_AERONAVE (ID_AERONAVE, ID_COMPANHIA_AEREA, NM_MODELO, NR_QUANTIDADE_ASSENTOS) values (513, 1, 115, 229);
insert into TB_AERONAVE (ID_AERONAVE, ID_COMPANHIA_AEREA, NM_MODELO, NR_QUANTIDADE_ASSENTOS) values (514, 14, 422, 121);
insert into TB_AERONAVE (ID_AERONAVE, ID_COMPANHIA_AEREA, NM_MODELO, NR_QUANTIDADE_ASSENTOS) values (515, 12, 263, 177);
insert into TB_AERONAVE (ID_AERONAVE, ID_COMPANHIA_AEREA, NM_MODELO, NR_QUANTIDADE_ASSENTOS) values (516, 13, 220, 291);
insert into TB_AERONAVE (ID_AERONAVE, ID_COMPANHIA_AEREA, NM_MODELO, NR_QUANTIDADE_ASSENTOS) values (517, 3, 361, 202);
insert into TB_AERONAVE (ID_AERONAVE, ID_COMPANHIA_AEREA, NM_MODELO, NR_QUANTIDADE_ASSENTOS) values (518, 4, 418, 288);
insert into TB_AERONAVE (ID_AERONAVE, ID_COMPANHIA_AEREA, NM_MODELO, NR_QUANTIDADE_ASSENTOS) values (519, 8, 321, 90);
insert into TB_AERONAVE (ID_AERONAVE, ID_COMPANHIA_AEREA, NM_MODELO, NR_QUANTIDADE_ASSENTOS) values (520, 14, 308, 254);
insert into TB_AERONAVE (ID_AERONAVE, ID_COMPANHIA_AEREA, NM_MODELO, NR_QUANTIDADE_ASSENTOS) values (521, 6, 327, 96);
insert into TB_AERONAVE (ID_AERONAVE, ID_COMPANHIA_AEREA, NM_MODELO, NR_QUANTIDADE_ASSENTOS) values (522, 15, 425, 246);
insert into TB_AERONAVE (ID_AERONAVE, ID_COMPANHIA_AEREA, NM_MODELO, NR_QUANTIDADE_ASSENTOS) values (523, 13, 790, 211);
insert into TB_AERONAVE (ID_AERONAVE, ID_COMPANHIA_AEREA, NM_MODELO, NR_QUANTIDADE_ASSENTOS) values (524, 8, 438, 172);
insert into TB_AERONAVE (ID_AERONAVE, ID_COMPANHIA_AEREA, NM_MODELO, NR_QUANTIDADE_ASSENTOS) values (525, 15, 782, 298);
insert into TB_AERONAVE (ID_AERONAVE, ID_COMPANHIA_AEREA, NM_MODELO, NR_QUANTIDADE_ASSENTOS) values (526, 6, 662, 251);
insert into TB_AERONAVE (ID_AERONAVE, ID_COMPANHIA_AEREA, NM_MODELO, NR_QUANTIDADE_ASSENTOS) values (527, 12, 511, 72);
insert into TB_AERONAVE (ID_AERONAVE, ID_COMPANHIA_AEREA, NM_MODELO, NR_QUANTIDADE_ASSENTOS) values (528, 5, 276, 126);
insert into TB_AERONAVE (ID_AERONAVE, ID_COMPANHIA_AEREA, NM_MODELO, NR_QUANTIDADE_ASSENTOS) values (529, 1, 910, 253);
insert into TB_AERONAVE (ID_AERONAVE, ID_COMPANHIA_AEREA, NM_MODELO, NR_QUANTIDADE_ASSENTOS) values (530, 13, 634, 210);
insert into TB_AERONAVE (ID_AERONAVE, ID_COMPANHIA_AEREA, NM_MODELO, NR_QUANTIDADE_ASSENTOS) values (531, 12, 479, 291);
insert into TB_AERONAVE (ID_AERONAVE, ID_COMPANHIA_AEREA, NM_MODELO, NR_QUANTIDADE_ASSENTOS) values (532, 14, 496, 198);
insert into TB_AERONAVE (ID_AERONAVE, ID_COMPANHIA_AEREA, NM_MODELO, NR_QUANTIDADE_ASSENTOS) values (533, 9, 360, 212);
insert into TB_AERONAVE (ID_AERONAVE, ID_COMPANHIA_AEREA, NM_MODELO, NR_QUANTIDADE_ASSENTOS) values (534, 3, 332, 222);
insert into TB_AERONAVE (ID_AERONAVE, ID_COMPANHIA_AEREA, NM_MODELO, NR_QUANTIDADE_ASSENTOS) values (535, 12, 216, 214);
insert into TB_AERONAVE (ID_AERONAVE, ID_COMPANHIA_AEREA, NM_MODELO, NR_QUANTIDADE_ASSENTOS) values (536, 10, 962, 240);
insert into TB_AERONAVE (ID_AERONAVE, ID_COMPANHIA_AEREA, NM_MODELO, NR_QUANTIDADE_ASSENTOS) values (537, 8, 202, 179);
insert into TB_AERONAVE (ID_AERONAVE, ID_COMPANHIA_AEREA, NM_MODELO, NR_QUANTIDADE_ASSENTOS) values (538, 4, 857, 111);
insert into TB_AERONAVE (ID_AERONAVE, ID_COMPANHIA_AEREA, NM_MODELO, NR_QUANTIDADE_ASSENTOS) values (539, 7, 304, 202);
insert into TB_AERONAVE (ID_AERONAVE, ID_COMPANHIA_AEREA, NM_MODELO, NR_QUANTIDADE_ASSENTOS) values (540, 8, 145, 211);
insert into TB_AERONAVE (ID_AERONAVE, ID_COMPANHIA_AEREA, NM_MODELO, NR_QUANTIDADE_ASSENTOS) values (541, 3, 349, 217);
insert into TB_AERONAVE (ID_AERONAVE, ID_COMPANHIA_AEREA, NM_MODELO, NR_QUANTIDADE_ASSENTOS) values (542, 8, 349, 250);
insert into TB_AERONAVE (ID_AERONAVE, ID_COMPANHIA_AEREA, NM_MODELO, NR_QUANTIDADE_ASSENTOS) values (543, 15, 726, 189);
insert into TB_AERONAVE (ID_AERONAVE, ID_COMPANHIA_AEREA, NM_MODELO, NR_QUANTIDADE_ASSENTOS) values (544, 7, 893, 120);
insert into TB_AERONAVE (ID_AERONAVE, ID_COMPANHIA_AEREA, NM_MODELO, NR_QUANTIDADE_ASSENTOS) values (545, 8, 943, 284);
insert into TB_AERONAVE (ID_AERONAVE, ID_COMPANHIA_AEREA, NM_MODELO, NR_QUANTIDADE_ASSENTOS) values (546, 13, 905, 104);
insert into TB_AERONAVE (ID_AERONAVE, ID_COMPANHIA_AEREA, NM_MODELO, NR_QUANTIDADE_ASSENTOS) values (547, 10, 170, 88);
insert into TB_AERONAVE (ID_AERONAVE, ID_COMPANHIA_AEREA, NM_MODELO, NR_QUANTIDADE_ASSENTOS) values (548, 6, 137, 152);
insert into TB_AERONAVE (ID_AERONAVE, ID_COMPANHIA_AEREA, NM_MODELO, NR_QUANTIDADE_ASSENTOS) values (549, 8, 514, 244);
insert into TB_AERONAVE (ID_AERONAVE, ID_COMPANHIA_AEREA, NM_MODELO, NR_QUANTIDADE_ASSENTOS) values (550, 1, 494, 292);
insert into TB_AERONAVE (ID_AERONAVE, ID_COMPANHIA_AEREA, NM_MODELO, NR_QUANTIDADE_ASSENTOS) values (551, 11, 299, 154);
insert into TB_AERONAVE (ID_AERONAVE, ID_COMPANHIA_AEREA, NM_MODELO, NR_QUANTIDADE_ASSENTOS) values (552, 1, 328, 119);
insert into TB_AERONAVE (ID_AERONAVE, ID_COMPANHIA_AEREA, NM_MODELO, NR_QUANTIDADE_ASSENTOS) values (553, 7, 736, 157);
insert into TB_AERONAVE (ID_AERONAVE, ID_COMPANHIA_AEREA, NM_MODELO, NR_QUANTIDADE_ASSENTOS) values (554, 10, 161, 253);
insert into TB_AERONAVE (ID_AERONAVE, ID_COMPANHIA_AEREA, NM_MODELO, NR_QUANTIDADE_ASSENTOS) values (555, 13, 108, 128);
insert into TB_AERONAVE (ID_AERONAVE, ID_COMPANHIA_AEREA, NM_MODELO, NR_QUANTIDADE_ASSENTOS) values (556, 1, 962, 300);
insert into TB_AERONAVE (ID_AERONAVE, ID_COMPANHIA_AEREA, NM_MODELO, NR_QUANTIDADE_ASSENTOS) values (557, 10, 103, 185);
insert into TB_AERONAVE (ID_AERONAVE, ID_COMPANHIA_AEREA, NM_MODELO, NR_QUANTIDADE_ASSENTOS) values (558, 11, 992, 130);
insert into TB_AERONAVE (ID_AERONAVE, ID_COMPANHIA_AEREA, NM_MODELO, NR_QUANTIDADE_ASSENTOS) values (559, 5, 813, 83);
insert into TB_AERONAVE (ID_AERONAVE, ID_COMPANHIA_AEREA, NM_MODELO, NR_QUANTIDADE_ASSENTOS) values (560, 13, 554, 142);
insert into TB_AERONAVE (ID_AERONAVE, ID_COMPANHIA_AEREA, NM_MODELO, NR_QUANTIDADE_ASSENTOS) values (561, 10, 876, 260);
insert into TB_AERONAVE (ID_AERONAVE, ID_COMPANHIA_AEREA, NM_MODELO, NR_QUANTIDADE_ASSENTOS) values (562, 14, 904, 291);
insert into TB_AERONAVE (ID_AERONAVE, ID_COMPANHIA_AEREA, NM_MODELO, NR_QUANTIDADE_ASSENTOS) values (563, 3, 352, 242);
insert into TB_AERONAVE (ID_AERONAVE, ID_COMPANHIA_AEREA, NM_MODELO, NR_QUANTIDADE_ASSENTOS) values (564, 2, 362, 259);
insert into TB_AERONAVE (ID_AERONAVE, ID_COMPANHIA_AEREA, NM_MODELO, NR_QUANTIDADE_ASSENTOS) values (565, 8, 957, 269);
insert into TB_AERONAVE (ID_AERONAVE, ID_COMPANHIA_AEREA, NM_MODELO, NR_QUANTIDADE_ASSENTOS) values (566, 1, 110, 285);
insert into TB_AERONAVE (ID_AERONAVE, ID_COMPANHIA_AEREA, NM_MODELO, NR_QUANTIDADE_ASSENTOS) values (567, 11, 361, 283);
insert into TB_AERONAVE (ID_AERONAVE, ID_COMPANHIA_AEREA, NM_MODELO, NR_QUANTIDADE_ASSENTOS) values (568, 14, 466, 204);
insert into TB_AERONAVE (ID_AERONAVE, ID_COMPANHIA_AEREA, NM_MODELO, NR_QUANTIDADE_ASSENTOS) values (569, 1, 876, 242);
insert into TB_AERONAVE (ID_AERONAVE, ID_COMPANHIA_AEREA, NM_MODELO, NR_QUANTIDADE_ASSENTOS) values (570, 14, 640, 76);
insert into TB_AERONAVE (ID_AERONAVE, ID_COMPANHIA_AEREA, NM_MODELO, NR_QUANTIDADE_ASSENTOS) values (571, 4, 621, 176);
insert into TB_AERONAVE (ID_AERONAVE, ID_COMPANHIA_AEREA, NM_MODELO, NR_QUANTIDADE_ASSENTOS) values (572, 5, 840, 137);
insert into TB_AERONAVE (ID_AERONAVE, ID_COMPANHIA_AEREA, NM_MODELO, NR_QUANTIDADE_ASSENTOS) values (573, 15, 332, 150);
insert into TB_AERONAVE (ID_AERONAVE, ID_COMPANHIA_AEREA, NM_MODELO, NR_QUANTIDADE_ASSENTOS) values (574, 10, 899, 132);
insert into TB_AERONAVE (ID_AERONAVE, ID_COMPANHIA_AEREA, NM_MODELO, NR_QUANTIDADE_ASSENTOS) values (575, 12, 335, 277);
insert into TB_AERONAVE (ID_AERONAVE, ID_COMPANHIA_AEREA, NM_MODELO, NR_QUANTIDADE_ASSENTOS) values (576, 10, 365, 294);
insert into TB_AERONAVE (ID_AERONAVE, ID_COMPANHIA_AEREA, NM_MODELO, NR_QUANTIDADE_ASSENTOS) values (577, 15, 379, 264);
insert into TB_AERONAVE (ID_AERONAVE, ID_COMPANHIA_AEREA, NM_MODELO, NR_QUANTIDADE_ASSENTOS) values (578, 1, 155, 77);
insert into TB_AERONAVE (ID_AERONAVE, ID_COMPANHIA_AEREA, NM_MODELO, NR_QUANTIDADE_ASSENTOS) values (579, 15, 226, 289);
insert into TB_AERONAVE (ID_AERONAVE, ID_COMPANHIA_AEREA, NM_MODELO, NR_QUANTIDADE_ASSENTOS) values (580, 15, 947, 155);
insert into TB_AERONAVE (ID_AERONAVE, ID_COMPANHIA_AEREA, NM_MODELO, NR_QUANTIDADE_ASSENTOS) values (581, 14, 956, 169);
insert into TB_AERONAVE (ID_AERONAVE, ID_COMPANHIA_AEREA, NM_MODELO, NR_QUANTIDADE_ASSENTOS) values (582, 6, 910, 200);
insert into TB_AERONAVE (ID_AERONAVE, ID_COMPANHIA_AEREA, NM_MODELO, NR_QUANTIDADE_ASSENTOS) values (583, 2, 569, 198);
insert into TB_AERONAVE (ID_AERONAVE, ID_COMPANHIA_AEREA, NM_MODELO, NR_QUANTIDADE_ASSENTOS) values (584, 9, 107, 191);
insert into TB_AERONAVE (ID_AERONAVE, ID_COMPANHIA_AEREA, NM_MODELO, NR_QUANTIDADE_ASSENTOS) values (585, 13, 548, 297);
insert into TB_AERONAVE (ID_AERONAVE, ID_COMPANHIA_AEREA, NM_MODELO, NR_QUANTIDADE_ASSENTOS) values (586, 8, 681, 131);
insert into TB_AERONAVE (ID_AERONAVE, ID_COMPANHIA_AEREA, NM_MODELO, NR_QUANTIDADE_ASSENTOS) values (587, 12, 761, 104);
insert into TB_AERONAVE (ID_AERONAVE, ID_COMPANHIA_AEREA, NM_MODELO, NR_QUANTIDADE_ASSENTOS) values (588, 12, 788, 117);
insert into TB_AERONAVE (ID_AERONAVE, ID_COMPANHIA_AEREA, NM_MODELO, NR_QUANTIDADE_ASSENTOS) values (589, 12, 982, 220);
insert into TB_AERONAVE (ID_AERONAVE, ID_COMPANHIA_AEREA, NM_MODELO, NR_QUANTIDADE_ASSENTOS) values (590, 6, 568, 185);
insert into TB_AERONAVE (ID_AERONAVE, ID_COMPANHIA_AEREA, NM_MODELO, NR_QUANTIDADE_ASSENTOS) values (591, 6, 440, 113);
insert into TB_AERONAVE (ID_AERONAVE, ID_COMPANHIA_AEREA, NM_MODELO, NR_QUANTIDADE_ASSENTOS) values (592, 4, 566, 168);
insert into TB_AERONAVE (ID_AERONAVE, ID_COMPANHIA_AEREA, NM_MODELO, NR_QUANTIDADE_ASSENTOS) values (593, 9, 575, 286);
insert into TB_AERONAVE (ID_AERONAVE, ID_COMPANHIA_AEREA, NM_MODELO, NR_QUANTIDADE_ASSENTOS) values (594, 12, 143, 298);
insert into TB_AERONAVE (ID_AERONAVE, ID_COMPANHIA_AEREA, NM_MODELO, NR_QUANTIDADE_ASSENTOS) values (595, 4, 822, 173);
insert into TB_AERONAVE (ID_AERONAVE, ID_COMPANHIA_AEREA, NM_MODELO, NR_QUANTIDADE_ASSENTOS) values (596, 15, 653, 83);
insert into TB_AERONAVE (ID_AERONAVE, ID_COMPANHIA_AEREA, NM_MODELO, NR_QUANTIDADE_ASSENTOS) values (597, 2, 475, 87);
insert into TB_AERONAVE (ID_AERONAVE, ID_COMPANHIA_AEREA, NM_MODELO, NR_QUANTIDADE_ASSENTOS) values (598, 12, 972, 296);
insert into TB_AERONAVE (ID_AERONAVE, ID_COMPANHIA_AEREA, NM_MODELO, NR_QUANTIDADE_ASSENTOS) values (599, 3, 736, 299);
insert into TB_AERONAVE (ID_AERONAVE, ID_COMPANHIA_AEREA, NM_MODELO, NR_QUANTIDADE_ASSENTOS) values (600, 2, 628, 212);

-----------------------------------------------------------------------------------------------------------------------------------
------------------------------------------ INSERTS TB_FUNCIONARIO
------------------------------------------------------------------------------------------------------------------------

insert into TB_FUNCIONARIO (ID_FUNCIONARIO, ID_COMPANHIA_AEREA, ID_CARGO, VL_SALARIO, NM_NOME_FUNCIONARIO) values (1, 12, 2, 22522.54, 'Damien McSherry');
insert into TB_FUNCIONARIO (ID_FUNCIONARIO, ID_COMPANHIA_AEREA, ID_CARGO, VL_SALARIO, NM_NOME_FUNCIONARIO) values (2, 15, 8, 9835.43, 'Alana Raftery');
insert into TB_FUNCIONARIO (ID_FUNCIONARIO, ID_COMPANHIA_AEREA, ID_CARGO, VL_SALARIO, NM_NOME_FUNCIONARIO) values (3, 6, 4, 8128.36, 'Dillon Haxby');
insert into TB_FUNCIONARIO (ID_FUNCIONARIO, ID_COMPANHIA_AEREA, ID_CARGO, VL_SALARIO, NM_NOME_FUNCIONARIO) values (4, 3, 5, 6244.78, 'Adrianna Bigley');
insert into TB_FUNCIONARIO (ID_FUNCIONARIO, ID_COMPANHIA_AEREA, ID_CARGO, VL_SALARIO, NM_NOME_FUNCIONARIO) values (5, 2, 6, 14297.82, 'Tarrance Tapper');
insert into TB_FUNCIONARIO (ID_FUNCIONARIO, ID_COMPANHIA_AEREA, ID_CARGO, VL_SALARIO, NM_NOME_FUNCIONARIO) values (6, 8, 6, 18449.07, 'Calley Helks');
insert into TB_FUNCIONARIO (ID_FUNCIONARIO, ID_COMPANHIA_AEREA, ID_CARGO, VL_SALARIO, NM_NOME_FUNCIONARIO) values (7, 6, 6, 16851.6, 'Tad Salandino');
insert into TB_FUNCIONARIO (ID_FUNCIONARIO, ID_COMPANHIA_AEREA, ID_CARGO, VL_SALARIO, NM_NOME_FUNCIONARIO) values (8, 12, 1, 6131.47, 'Gino Olivetta');
insert into TB_FUNCIONARIO (ID_FUNCIONARIO, ID_COMPANHIA_AEREA, ID_CARGO, VL_SALARIO, NM_NOME_FUNCIONARIO) values (9, 13, 8, 5065.07, 'Dinnie Belfield');
insert into TB_FUNCIONARIO (ID_FUNCIONARIO, ID_COMPANHIA_AEREA, ID_CARGO, VL_SALARIO, NM_NOME_FUNCIONARIO) values (10, 2, 7, 19761.05, 'Sigmund Ottewill');
insert into TB_FUNCIONARIO (ID_FUNCIONARIO, ID_COMPANHIA_AEREA, ID_CARGO, VL_SALARIO, NM_NOME_FUNCIONARIO) values (11, 4, 4, 18235.12, 'Kandy Ballsdon');
insert into TB_FUNCIONARIO (ID_FUNCIONARIO, ID_COMPANHIA_AEREA, ID_CARGO, VL_SALARIO, NM_NOME_FUNCIONARIO) values (12, 12, 6, 22518.36, 'Niko Anglin');
insert into TB_FUNCIONARIO (ID_FUNCIONARIO, ID_COMPANHIA_AEREA, ID_CARGO, VL_SALARIO, NM_NOME_FUNCIONARIO) values (13, 10, 1, 15430.71, 'Carmen Redihough');
insert into TB_FUNCIONARIO (ID_FUNCIONARIO, ID_COMPANHIA_AEREA, ID_CARGO, VL_SALARIO, NM_NOME_FUNCIONARIO) values (14, 7, 3, 8136.45, 'Bank Grinikhinov');
insert into TB_FUNCIONARIO (ID_FUNCIONARIO, ID_COMPANHIA_AEREA, ID_CARGO, VL_SALARIO, NM_NOME_FUNCIONARIO) values (15, 13, 8, 19340.12, 'Baxter Mandeville');
insert into TB_FUNCIONARIO (ID_FUNCIONARIO, ID_COMPANHIA_AEREA, ID_CARGO, VL_SALARIO, NM_NOME_FUNCIONARIO) values (16, 4, 6, 5249.89, 'Arlene Bew');
insert into TB_FUNCIONARIO (ID_FUNCIONARIO, ID_COMPANHIA_AEREA, ID_CARGO, VL_SALARIO, NM_NOME_FUNCIONARIO) values (17, 15, 6, 24828.14, 'Morissa Anfossi');
insert into TB_FUNCIONARIO (ID_FUNCIONARIO, ID_COMPANHIA_AEREA, ID_CARGO, VL_SALARIO, NM_NOME_FUNCIONARIO) values (18, 7, 2, 5883.0, 'Kariotta Duligal');
insert into TB_FUNCIONARIO (ID_FUNCIONARIO, ID_COMPANHIA_AEREA, ID_CARGO, VL_SALARIO, NM_NOME_FUNCIONARIO) values (19, 15, 6, 9549.63, 'Lindsay Whisby');
insert into TB_FUNCIONARIO (ID_FUNCIONARIO, ID_COMPANHIA_AEREA, ID_CARGO, VL_SALARIO, NM_NOME_FUNCIONARIO) values (20, 7, 8, 7816.77, 'Sayers Ferre');
insert into TB_FUNCIONARIO (ID_FUNCIONARIO, ID_COMPANHIA_AEREA, ID_CARGO, VL_SALARIO, NM_NOME_FUNCIONARIO) values (21, 12, 2, 5089.35, 'Abbi Skala');
insert into TB_FUNCIONARIO (ID_FUNCIONARIO, ID_COMPANHIA_AEREA, ID_CARGO, VL_SALARIO, NM_NOME_FUNCIONARIO) values (22, 15, 3, 15625.94, 'Silvana Murray');
insert into TB_FUNCIONARIO (ID_FUNCIONARIO, ID_COMPANHIA_AEREA, ID_CARGO, VL_SALARIO, NM_NOME_FUNCIONARIO) values (23, 14, 5, 8929.01, 'Alfy Sothern');
insert into TB_FUNCIONARIO (ID_FUNCIONARIO, ID_COMPANHIA_AEREA, ID_CARGO, VL_SALARIO, NM_NOME_FUNCIONARIO) values (24, 13, 3, 10649.6, 'Abdel Primmer');
insert into TB_FUNCIONARIO (ID_FUNCIONARIO, ID_COMPANHIA_AEREA, ID_CARGO, VL_SALARIO, NM_NOME_FUNCIONARIO) values (25, 5, 4, 22432.56, 'Boyce Conen');
insert into TB_FUNCIONARIO (ID_FUNCIONARIO, ID_COMPANHIA_AEREA, ID_CARGO, VL_SALARIO, NM_NOME_FUNCIONARIO) values (26, 4, 6, 15765.02, 'Keelby McTeer');
insert into TB_FUNCIONARIO (ID_FUNCIONARIO, ID_COMPANHIA_AEREA, ID_CARGO, VL_SALARIO, NM_NOME_FUNCIONARIO) values (27, 8, 2, 12863.55, 'Emmy Renison');
insert into TB_FUNCIONARIO (ID_FUNCIONARIO, ID_COMPANHIA_AEREA, ID_CARGO, VL_SALARIO, NM_NOME_FUNCIONARIO) values (28, 8, 7, 20582.57, 'Towny Scroggie');
insert into TB_FUNCIONARIO (ID_FUNCIONARIO, ID_COMPANHIA_AEREA, ID_CARGO, VL_SALARIO, NM_NOME_FUNCIONARIO) values (29, 14, 2, 18654.32, 'Hi Garrie');
insert into TB_FUNCIONARIO (ID_FUNCIONARIO, ID_COMPANHIA_AEREA, ID_CARGO, VL_SALARIO, NM_NOME_FUNCIONARIO) values (30, 13, 4, 16920.29, 'Pieter Muckersie');
insert into TB_FUNCIONARIO (ID_FUNCIONARIO, ID_COMPANHIA_AEREA, ID_CARGO, VL_SALARIO, NM_NOME_FUNCIONARIO) values (31, 2, 7, 2596.62, 'Shaylynn Dodman');
insert into TB_FUNCIONARIO (ID_FUNCIONARIO, ID_COMPANHIA_AEREA, ID_CARGO, VL_SALARIO, NM_NOME_FUNCIONARIO) values (32, 9, 6, 17971.94, 'Annabela Mailes');
insert into TB_FUNCIONARIO (ID_FUNCIONARIO, ID_COMPANHIA_AEREA, ID_CARGO, VL_SALARIO, NM_NOME_FUNCIONARIO) values (33, 14, 1, 6611.66, 'Brandtr Frisdick');
insert into TB_FUNCIONARIO (ID_FUNCIONARIO, ID_COMPANHIA_AEREA, ID_CARGO, VL_SALARIO, NM_NOME_FUNCIONARIO) values (34, 1, 7, 5078.91, 'Benito Sigars');
insert into TB_FUNCIONARIO (ID_FUNCIONARIO, ID_COMPANHIA_AEREA, ID_CARGO, VL_SALARIO, NM_NOME_FUNCIONARIO) values (35, 1, 4, 11088.44, 'Berton Kender');
insert into TB_FUNCIONARIO (ID_FUNCIONARIO, ID_COMPANHIA_AEREA, ID_CARGO, VL_SALARIO, NM_NOME_FUNCIONARIO) values (36, 14, 6, 2412.09, 'Marget Hoggin');
insert into TB_FUNCIONARIO (ID_FUNCIONARIO, ID_COMPANHIA_AEREA, ID_CARGO, VL_SALARIO, NM_NOME_FUNCIONARIO) values (37, 5, 4, 2240.22, 'Tate Poizer');
insert into TB_FUNCIONARIO (ID_FUNCIONARIO, ID_COMPANHIA_AEREA, ID_CARGO, VL_SALARIO, NM_NOME_FUNCIONARIO) values (38, 4, 6, 4568.54, 'Philomena Garcia');
insert into TB_FUNCIONARIO (ID_FUNCIONARIO, ID_COMPANHIA_AEREA, ID_CARGO, VL_SALARIO, NM_NOME_FUNCIONARIO) values (39, 15, 1, 3805.4, 'Michael Tarn');
insert into TB_FUNCIONARIO (ID_FUNCIONARIO, ID_COMPANHIA_AEREA, ID_CARGO, VL_SALARIO, NM_NOME_FUNCIONARIO) values (40, 15, 7, 8584.66, 'Eden Staddom');
insert into TB_FUNCIONARIO (ID_FUNCIONARIO, ID_COMPANHIA_AEREA, ID_CARGO, VL_SALARIO, NM_NOME_FUNCIONARIO) values (41, 12, 2, 24870.58, 'Tommie Cheley');
insert into TB_FUNCIONARIO (ID_FUNCIONARIO, ID_COMPANHIA_AEREA, ID_CARGO, VL_SALARIO, NM_NOME_FUNCIONARIO) values (42, 7, 7, 2098.16, 'Raynor Goodings');
insert into TB_FUNCIONARIO (ID_FUNCIONARIO, ID_COMPANHIA_AEREA, ID_CARGO, VL_SALARIO, NM_NOME_FUNCIONARIO) values (43, 9, 3, 14167.37, 'Mylo Kleiser');
insert into TB_FUNCIONARIO (ID_FUNCIONARIO, ID_COMPANHIA_AEREA, ID_CARGO, VL_SALARIO, NM_NOME_FUNCIONARIO) values (44, 13, 3, 15847.18, 'Rogerio Pelos');
insert into TB_FUNCIONARIO (ID_FUNCIONARIO, ID_COMPANHIA_AEREA, ID_CARGO, VL_SALARIO, NM_NOME_FUNCIONARIO) values (45, 15, 3, 12975.77, 'Auroora Carriage');
insert into TB_FUNCIONARIO (ID_FUNCIONARIO, ID_COMPANHIA_AEREA, ID_CARGO, VL_SALARIO, NM_NOME_FUNCIONARIO) values (46, 3, 6, 11379.81, 'Ambur Giovanardi');
insert into TB_FUNCIONARIO (ID_FUNCIONARIO, ID_COMPANHIA_AEREA, ID_CARGO, VL_SALARIO, NM_NOME_FUNCIONARIO) values (47, 3, 8, 20348.96, 'Elly Andriolli');
insert into TB_FUNCIONARIO (ID_FUNCIONARIO, ID_COMPANHIA_AEREA, ID_CARGO, VL_SALARIO, NM_NOME_FUNCIONARIO) values (48, 6, 5, 5708.01, 'Elayne Capun');
insert into TB_FUNCIONARIO (ID_FUNCIONARIO, ID_COMPANHIA_AEREA, ID_CARGO, VL_SALARIO, NM_NOME_FUNCIONARIO) values (49, 6, 6, 2398.03, 'Brigitte Biddle');
insert into TB_FUNCIONARIO (ID_FUNCIONARIO, ID_COMPANHIA_AEREA, ID_CARGO, VL_SALARIO, NM_NOME_FUNCIONARIO) values (50, 14, 5, 18542.03, 'Ginnie Bernardeschi');
insert into TB_FUNCIONARIO (ID_FUNCIONARIO, ID_COMPANHIA_AEREA, ID_CARGO, VL_SALARIO, NM_NOME_FUNCIONARIO) values (51, 11, 3, 6756.31, 'Bailey Lennox');
insert into TB_FUNCIONARIO (ID_FUNCIONARIO, ID_COMPANHIA_AEREA, ID_CARGO, VL_SALARIO, NM_NOME_FUNCIONARIO) values (52, 7, 4, 17750.42, 'Chryste Mattisson');
insert into TB_FUNCIONARIO (ID_FUNCIONARIO, ID_COMPANHIA_AEREA, ID_CARGO, VL_SALARIO, NM_NOME_FUNCIONARIO) values (53, 2, 2, 10428.16, 'Bonni Alf');
insert into TB_FUNCIONARIO (ID_FUNCIONARIO, ID_COMPANHIA_AEREA, ID_CARGO, VL_SALARIO, NM_NOME_FUNCIONARIO) values (54, 6, 7, 8085.18, 'Mikel MacFie');
insert into TB_FUNCIONARIO (ID_FUNCIONARIO, ID_COMPANHIA_AEREA, ID_CARGO, VL_SALARIO, NM_NOME_FUNCIONARIO) values (55, 11, 8, 16514.59, 'Maryjo Romanin');
insert into TB_FUNCIONARIO (ID_FUNCIONARIO, ID_COMPANHIA_AEREA, ID_CARGO, VL_SALARIO, NM_NOME_FUNCIONARIO) values (56, 1, 1, 23088.51, 'Flory Rennolds');
insert into TB_FUNCIONARIO (ID_FUNCIONARIO, ID_COMPANHIA_AEREA, ID_CARGO, VL_SALARIO, NM_NOME_FUNCIONARIO) values (57, 2, 1, 2120.02, 'Tremaine Aucock');
insert into TB_FUNCIONARIO (ID_FUNCIONARIO, ID_COMPANHIA_AEREA, ID_CARGO, VL_SALARIO, NM_NOME_FUNCIONARIO) values (58, 12, 8, 17486.64, 'Shannah Rowet');
insert into TB_FUNCIONARIO (ID_FUNCIONARIO, ID_COMPANHIA_AEREA, ID_CARGO, VL_SALARIO, NM_NOME_FUNCIONARIO) values (59, 14, 2, 22137.26, 'Charlotta Douris');
insert into TB_FUNCIONARIO (ID_FUNCIONARIO, ID_COMPANHIA_AEREA, ID_CARGO, VL_SALARIO, NM_NOME_FUNCIONARIO) values (60, 6, 8, 10837.67, 'Blane Leishman');
insert into TB_FUNCIONARIO (ID_FUNCIONARIO, ID_COMPANHIA_AEREA, ID_CARGO, VL_SALARIO, NM_NOME_FUNCIONARIO) values (61, 6, 4, 11125.93, 'Janel Bladen');
insert into TB_FUNCIONARIO (ID_FUNCIONARIO, ID_COMPANHIA_AEREA, ID_CARGO, VL_SALARIO, NM_NOME_FUNCIONARIO) values (62, 4, 1, 11895.02, 'Diena Howel');
insert into TB_FUNCIONARIO (ID_FUNCIONARIO, ID_COMPANHIA_AEREA, ID_CARGO, VL_SALARIO, NM_NOME_FUNCIONARIO) values (63, 3, 5, 18675.41, 'Carine Thatcham');
insert into TB_FUNCIONARIO (ID_FUNCIONARIO, ID_COMPANHIA_AEREA, ID_CARGO, VL_SALARIO, NM_NOME_FUNCIONARIO) values (64, 2, 2, 5944.94, 'Patrice Driver');
insert into TB_FUNCIONARIO (ID_FUNCIONARIO, ID_COMPANHIA_AEREA, ID_CARGO, VL_SALARIO, NM_NOME_FUNCIONARIO) values (65, 5, 3, 11047.36, 'Janelle Rawlingson');
insert into TB_FUNCIONARIO (ID_FUNCIONARIO, ID_COMPANHIA_AEREA, ID_CARGO, VL_SALARIO, NM_NOME_FUNCIONARIO) values (66, 14, 1, 8836.38, 'Corbett Crufts');
insert into TB_FUNCIONARIO (ID_FUNCIONARIO, ID_COMPANHIA_AEREA, ID_CARGO, VL_SALARIO, NM_NOME_FUNCIONARIO) values (67, 5, 5, 6326.86, 'Rudiger Tabary');
insert into TB_FUNCIONARIO (ID_FUNCIONARIO, ID_COMPANHIA_AEREA, ID_CARGO, VL_SALARIO, NM_NOME_FUNCIONARIO) values (68, 15, 1, 23309.43, 'Merv Paulton');
insert into TB_FUNCIONARIO (ID_FUNCIONARIO, ID_COMPANHIA_AEREA, ID_CARGO, VL_SALARIO, NM_NOME_FUNCIONARIO) values (69, 13, 7, 7797.33, 'Lindy Betonia');
insert into TB_FUNCIONARIO (ID_FUNCIONARIO, ID_COMPANHIA_AEREA, ID_CARGO, VL_SALARIO, NM_NOME_FUNCIONARIO) values (70, 15, 3, 20063.27, 'Gayle Belliss');
insert into TB_FUNCIONARIO (ID_FUNCIONARIO, ID_COMPANHIA_AEREA, ID_CARGO, VL_SALARIO, NM_NOME_FUNCIONARIO) values (71, 14, 4, 22792.19, 'Gibby Vain');
insert into TB_FUNCIONARIO (ID_FUNCIONARIO, ID_COMPANHIA_AEREA, ID_CARGO, VL_SALARIO, NM_NOME_FUNCIONARIO) values (72, 11, 5, 6302.48, 'Eugenie Roderighi');
insert into TB_FUNCIONARIO (ID_FUNCIONARIO, ID_COMPANHIA_AEREA, ID_CARGO, VL_SALARIO, NM_NOME_FUNCIONARIO) values (73, 9, 1, 20798.62, 'Fields Mottinelli');
insert into TB_FUNCIONARIO (ID_FUNCIONARIO, ID_COMPANHIA_AEREA, ID_CARGO, VL_SALARIO, NM_NOME_FUNCIONARIO) values (74, 7, 2, 13297.04, 'Fina McGairl');
insert into TB_FUNCIONARIO (ID_FUNCIONARIO, ID_COMPANHIA_AEREA, ID_CARGO, VL_SALARIO, NM_NOME_FUNCIONARIO) values (75, 7, 4, 5397.34, 'Alvinia Crebbin');
insert into TB_FUNCIONARIO (ID_FUNCIONARIO, ID_COMPANHIA_AEREA, ID_CARGO, VL_SALARIO, NM_NOME_FUNCIONARIO) values (76, 14, 7, 9658.09, 'Aida Osipenko');
insert into TB_FUNCIONARIO (ID_FUNCIONARIO, ID_COMPANHIA_AEREA, ID_CARGO, VL_SALARIO, NM_NOME_FUNCIONARIO) values (77, 4, 8, 20708.83, 'Hagan Strowlger');
insert into TB_FUNCIONARIO (ID_FUNCIONARIO, ID_COMPANHIA_AEREA, ID_CARGO, VL_SALARIO, NM_NOME_FUNCIONARIO) values (78, 4, 1, 11254.8, 'Rosabella Cristofaro');
insert into TB_FUNCIONARIO (ID_FUNCIONARIO, ID_COMPANHIA_AEREA, ID_CARGO, VL_SALARIO, NM_NOME_FUNCIONARIO) values (79, 10, 4, 12730.89, 'Benedicta Testro');
insert into TB_FUNCIONARIO (ID_FUNCIONARIO, ID_COMPANHIA_AEREA, ID_CARGO, VL_SALARIO, NM_NOME_FUNCIONARIO) values (80, 8, 2, 24159.58, 'Deb Braney');
insert into TB_FUNCIONARIO (ID_FUNCIONARIO, ID_COMPANHIA_AEREA, ID_CARGO, VL_SALARIO, NM_NOME_FUNCIONARIO) values (81, 8, 3, 18816.01, 'Zonda Dowley');
insert into TB_FUNCIONARIO (ID_FUNCIONARIO, ID_COMPANHIA_AEREA, ID_CARGO, VL_SALARIO, NM_NOME_FUNCIONARIO) values (82, 14, 6, 21229.83, 'Lucio O''Sheilds');
insert into TB_FUNCIONARIO (ID_FUNCIONARIO, ID_COMPANHIA_AEREA, ID_CARGO, VL_SALARIO, NM_NOME_FUNCIONARIO) values (83, 3, 4, 7386.64, 'Napoleon Jannex');
insert into TB_FUNCIONARIO (ID_FUNCIONARIO, ID_COMPANHIA_AEREA, ID_CARGO, VL_SALARIO, NM_NOME_FUNCIONARIO) values (84, 10, 3, 5970.53, 'Ara Kingswood');
insert into TB_FUNCIONARIO (ID_FUNCIONARIO, ID_COMPANHIA_AEREA, ID_CARGO, VL_SALARIO, NM_NOME_FUNCIONARIO) values (85, 4, 1, 4211.37, 'Carlie MacGow');
insert into TB_FUNCIONARIO (ID_FUNCIONARIO, ID_COMPANHIA_AEREA, ID_CARGO, VL_SALARIO, NM_NOME_FUNCIONARIO) values (86, 12, 5, 19862.09, 'Lucias Fripps');
insert into TB_FUNCIONARIO (ID_FUNCIONARIO, ID_COMPANHIA_AEREA, ID_CARGO, VL_SALARIO, NM_NOME_FUNCIONARIO) values (87, 6, 7, 4031.43, 'Flore Hackin');
insert into TB_FUNCIONARIO (ID_FUNCIONARIO, ID_COMPANHIA_AEREA, ID_CARGO, VL_SALARIO, NM_NOME_FUNCIONARIO) values (88, 4, 6, 12452.68, 'Linoel Tome');
insert into TB_FUNCIONARIO (ID_FUNCIONARIO, ID_COMPANHIA_AEREA, ID_CARGO, VL_SALARIO, NM_NOME_FUNCIONARIO) values (89, 12, 1, 11460.52, 'Alphonse O''Hickee');
insert into TB_FUNCIONARIO (ID_FUNCIONARIO, ID_COMPANHIA_AEREA, ID_CARGO, VL_SALARIO, NM_NOME_FUNCIONARIO) values (90, 7, 7, 10197.84, 'Michel Wicher');
insert into TB_FUNCIONARIO (ID_FUNCIONARIO, ID_COMPANHIA_AEREA, ID_CARGO, VL_SALARIO, NM_NOME_FUNCIONARIO) values (91, 5, 1, 18240.8, 'Cordey Hallagan');
insert into TB_FUNCIONARIO (ID_FUNCIONARIO, ID_COMPANHIA_AEREA, ID_CARGO, VL_SALARIO, NM_NOME_FUNCIONARIO) values (92, 12, 6, 2124.48, 'Nedda Giraldez');
insert into TB_FUNCIONARIO (ID_FUNCIONARIO, ID_COMPANHIA_AEREA, ID_CARGO, VL_SALARIO, NM_NOME_FUNCIONARIO) values (93, 1, 8, 23287.32, 'Orville Ladbury');
insert into TB_FUNCIONARIO (ID_FUNCIONARIO, ID_COMPANHIA_AEREA, ID_CARGO, VL_SALARIO, NM_NOME_FUNCIONARIO) values (94, 1, 8, 18249.26, 'Clyve Casassa');
insert into TB_FUNCIONARIO (ID_FUNCIONARIO, ID_COMPANHIA_AEREA, ID_CARGO, VL_SALARIO, NM_NOME_FUNCIONARIO) values (95, 11, 5, 20257.18, 'Ignatius Drain');
insert into TB_FUNCIONARIO (ID_FUNCIONARIO, ID_COMPANHIA_AEREA, ID_CARGO, VL_SALARIO, NM_NOME_FUNCIONARIO) values (96, 9, 2, 23184.49, 'Nicky Ubanks');
insert into TB_FUNCIONARIO (ID_FUNCIONARIO, ID_COMPANHIA_AEREA, ID_CARGO, VL_SALARIO, NM_NOME_FUNCIONARIO) values (97, 5, 3, 20432.68, 'Ardyce Stanistreet');
insert into TB_FUNCIONARIO (ID_FUNCIONARIO, ID_COMPANHIA_AEREA, ID_CARGO, VL_SALARIO, NM_NOME_FUNCIONARIO) values (98, 12, 1, 4453.68, 'Juieta Slyne');
insert into TB_FUNCIONARIO (ID_FUNCIONARIO, ID_COMPANHIA_AEREA, ID_CARGO, VL_SALARIO, NM_NOME_FUNCIONARIO) values (99, 14, 1, 15977.95, 'Arte Bengtson');
insert into TB_FUNCIONARIO (ID_FUNCIONARIO, ID_COMPANHIA_AEREA, ID_CARGO, VL_SALARIO, NM_NOME_FUNCIONARIO) values (100, 8, 6, 19684.21, 'Lucio Cook');
insert into TB_FUNCIONARIO (ID_FUNCIONARIO, ID_COMPANHIA_AEREA, ID_CARGO, VL_SALARIO, NM_NOME_FUNCIONARIO) values (101, 7, 5, 11870.41, 'Sheryl Summergill');
insert into TB_FUNCIONARIO (ID_FUNCIONARIO, ID_COMPANHIA_AEREA, ID_CARGO, VL_SALARIO, NM_NOME_FUNCIONARIO) values (102, 10, 5, 12894.85, 'Danell Shere');
insert into TB_FUNCIONARIO (ID_FUNCIONARIO, ID_COMPANHIA_AEREA, ID_CARGO, VL_SALARIO, NM_NOME_FUNCIONARIO) values (103, 11, 6, 8308.35, 'Cherish De Morena');
insert into TB_FUNCIONARIO (ID_FUNCIONARIO, ID_COMPANHIA_AEREA, ID_CARGO, VL_SALARIO, NM_NOME_FUNCIONARIO) values (104, 4, 7, 20703.23, 'Bud Chastan');
insert into TB_FUNCIONARIO (ID_FUNCIONARIO, ID_COMPANHIA_AEREA, ID_CARGO, VL_SALARIO, NM_NOME_FUNCIONARIO) values (105, 3, 2, 10541.44, 'Shandee Gregon');
insert into TB_FUNCIONARIO (ID_FUNCIONARIO, ID_COMPANHIA_AEREA, ID_CARGO, VL_SALARIO, NM_NOME_FUNCIONARIO) values (106, 15, 3, 13417.19, 'Jody Strutley');
insert into TB_FUNCIONARIO (ID_FUNCIONARIO, ID_COMPANHIA_AEREA, ID_CARGO, VL_SALARIO, NM_NOME_FUNCIONARIO) values (107, 1, 6, 23829.39, 'Ginnie Nystrom');
insert into TB_FUNCIONARIO (ID_FUNCIONARIO, ID_COMPANHIA_AEREA, ID_CARGO, VL_SALARIO, NM_NOME_FUNCIONARIO) values (108, 3, 4, 4054.42, 'Allin Portman');
insert into TB_FUNCIONARIO (ID_FUNCIONARIO, ID_COMPANHIA_AEREA, ID_CARGO, VL_SALARIO, NM_NOME_FUNCIONARIO) values (109, 7, 6, 7030.08, 'Addy Tomczykiewicz');
insert into TB_FUNCIONARIO (ID_FUNCIONARIO, ID_COMPANHIA_AEREA, ID_CARGO, VL_SALARIO, NM_NOME_FUNCIONARIO) values (110, 6, 2, 12549.75, 'Hilda Kuhne');
insert into TB_FUNCIONARIO (ID_FUNCIONARIO, ID_COMPANHIA_AEREA, ID_CARGO, VL_SALARIO, NM_NOME_FUNCIONARIO) values (111, 12, 6, 8080.28, 'Alleyn MacTrustam');
insert into TB_FUNCIONARIO (ID_FUNCIONARIO, ID_COMPANHIA_AEREA, ID_CARGO, VL_SALARIO, NM_NOME_FUNCIONARIO) values (112, 5, 1, 4252.91, 'Arlena Yukhnov');
insert into TB_FUNCIONARIO (ID_FUNCIONARIO, ID_COMPANHIA_AEREA, ID_CARGO, VL_SALARIO, NM_NOME_FUNCIONARIO) values (113, 1, 8, 6439.2, 'Teodor Giacovelli');
insert into TB_FUNCIONARIO (ID_FUNCIONARIO, ID_COMPANHIA_AEREA, ID_CARGO, VL_SALARIO, NM_NOME_FUNCIONARIO) values (114, 6, 3, 14887.24, 'Chrisy Ackhurst');
insert into TB_FUNCIONARIO (ID_FUNCIONARIO, ID_COMPANHIA_AEREA, ID_CARGO, VL_SALARIO, NM_NOME_FUNCIONARIO) values (115, 9, 2, 20150.83, 'Courtnay Maybury');
insert into TB_FUNCIONARIO (ID_FUNCIONARIO, ID_COMPANHIA_AEREA, ID_CARGO, VL_SALARIO, NM_NOME_FUNCIONARIO) values (116, 13, 8, 3758.72, 'Tiertza Ipwell');
insert into TB_FUNCIONARIO (ID_FUNCIONARIO, ID_COMPANHIA_AEREA, ID_CARGO, VL_SALARIO, NM_NOME_FUNCIONARIO) values (117, 9, 5, 22739.56, 'Ella Kissock');
insert into TB_FUNCIONARIO (ID_FUNCIONARIO, ID_COMPANHIA_AEREA, ID_CARGO, VL_SALARIO, NM_NOME_FUNCIONARIO) values (118, 4, 2, 12232.63, 'Wendall Assender');
insert into TB_FUNCIONARIO (ID_FUNCIONARIO, ID_COMPANHIA_AEREA, ID_CARGO, VL_SALARIO, NM_NOME_FUNCIONARIO) values (119, 12, 8, 3880.73, 'Salomi Cheesley');
insert into TB_FUNCIONARIO (ID_FUNCIONARIO, ID_COMPANHIA_AEREA, ID_CARGO, VL_SALARIO, NM_NOME_FUNCIONARIO) values (120, 14, 8, 19530.68, 'Yuri Breslin');
insert into TB_FUNCIONARIO (ID_FUNCIONARIO, ID_COMPANHIA_AEREA, ID_CARGO, VL_SALARIO, NM_NOME_FUNCIONARIO) values (121, 15, 2, 17734.16, 'Guss Earie');
insert into TB_FUNCIONARIO (ID_FUNCIONARIO, ID_COMPANHIA_AEREA, ID_CARGO, VL_SALARIO, NM_NOME_FUNCIONARIO) values (122, 5, 8, 22063.58, 'Carolina Divver');
insert into TB_FUNCIONARIO (ID_FUNCIONARIO, ID_COMPANHIA_AEREA, ID_CARGO, VL_SALARIO, NM_NOME_FUNCIONARIO) values (123, 11, 7, 20065.57, 'Berkeley Nani');
insert into TB_FUNCIONARIO (ID_FUNCIONARIO, ID_COMPANHIA_AEREA, ID_CARGO, VL_SALARIO, NM_NOME_FUNCIONARIO) values (124, 8, 8, 2915.47, 'Dermot Lissandri');
insert into TB_FUNCIONARIO (ID_FUNCIONARIO, ID_COMPANHIA_AEREA, ID_CARGO, VL_SALARIO, NM_NOME_FUNCIONARIO) values (125, 13, 2, 7077.87, 'Katherina Geraudy');
insert into TB_FUNCIONARIO (ID_FUNCIONARIO, ID_COMPANHIA_AEREA, ID_CARGO, VL_SALARIO, NM_NOME_FUNCIONARIO) values (126, 7, 2, 12428.57, 'Hardy Ottey');
insert into TB_FUNCIONARIO (ID_FUNCIONARIO, ID_COMPANHIA_AEREA, ID_CARGO, VL_SALARIO, NM_NOME_FUNCIONARIO) values (127, 4, 8, 11135.65, 'Eddy Cauley');
insert into TB_FUNCIONARIO (ID_FUNCIONARIO, ID_COMPANHIA_AEREA, ID_CARGO, VL_SALARIO, NM_NOME_FUNCIONARIO) values (128, 1, 7, 5857.54, 'Tessi Redfield');
insert into TB_FUNCIONARIO (ID_FUNCIONARIO, ID_COMPANHIA_AEREA, ID_CARGO, VL_SALARIO, NM_NOME_FUNCIONARIO) values (129, 5, 6, 6557.42, 'Janaye Luna');
insert into TB_FUNCIONARIO (ID_FUNCIONARIO, ID_COMPANHIA_AEREA, ID_CARGO, VL_SALARIO, NM_NOME_FUNCIONARIO) values (130, 11, 4, 12245.22, 'Clerissa Capon');
insert into TB_FUNCIONARIO (ID_FUNCIONARIO, ID_COMPANHIA_AEREA, ID_CARGO, VL_SALARIO, NM_NOME_FUNCIONARIO) values (131, 5, 1, 4129.8, 'Ryun Saleway');
insert into TB_FUNCIONARIO (ID_FUNCIONARIO, ID_COMPANHIA_AEREA, ID_CARGO, VL_SALARIO, NM_NOME_FUNCIONARIO) values (132, 7, 8, 13394.42, 'Terry Culpan');
insert into TB_FUNCIONARIO (ID_FUNCIONARIO, ID_COMPANHIA_AEREA, ID_CARGO, VL_SALARIO, NM_NOME_FUNCIONARIO) values (133, 3, 3, 9028.72, 'Mavra Horsewood');
insert into TB_FUNCIONARIO (ID_FUNCIONARIO, ID_COMPANHIA_AEREA, ID_CARGO, VL_SALARIO, NM_NOME_FUNCIONARIO) values (134, 11, 6, 4567.1, 'Vale Dobrowlski');
insert into TB_FUNCIONARIO (ID_FUNCIONARIO, ID_COMPANHIA_AEREA, ID_CARGO, VL_SALARIO, NM_NOME_FUNCIONARIO) values (135, 13, 7, 2996.83, 'Eleni Readwin');
insert into TB_FUNCIONARIO (ID_FUNCIONARIO, ID_COMPANHIA_AEREA, ID_CARGO, VL_SALARIO, NM_NOME_FUNCIONARIO) values (136, 7, 8, 2379.56, 'Consolata McHan');
insert into TB_FUNCIONARIO (ID_FUNCIONARIO, ID_COMPANHIA_AEREA, ID_CARGO, VL_SALARIO, NM_NOME_FUNCIONARIO) values (137, 12, 1, 2036.15, 'Keith Mac');
insert into TB_FUNCIONARIO (ID_FUNCIONARIO, ID_COMPANHIA_AEREA, ID_CARGO, VL_SALARIO, NM_NOME_FUNCIONARIO) values (138, 6, 1, 19289.32, 'Raine Wittman');
insert into TB_FUNCIONARIO (ID_FUNCIONARIO, ID_COMPANHIA_AEREA, ID_CARGO, VL_SALARIO, NM_NOME_FUNCIONARIO) values (139, 14, 6, 14033.31, 'Teodoor Luddy');
insert into TB_FUNCIONARIO (ID_FUNCIONARIO, ID_COMPANHIA_AEREA, ID_CARGO, VL_SALARIO, NM_NOME_FUNCIONARIO) values (140, 6, 7, 2739.03, 'Linoel Kilian');
insert into TB_FUNCIONARIO (ID_FUNCIONARIO, ID_COMPANHIA_AEREA, ID_CARGO, VL_SALARIO, NM_NOME_FUNCIONARIO) values (141, 3, 7, 20384.74, 'Dixie Ditchett');
insert into TB_FUNCIONARIO (ID_FUNCIONARIO, ID_COMPANHIA_AEREA, ID_CARGO, VL_SALARIO, NM_NOME_FUNCIONARIO) values (142, 15, 5, 7282.4, 'Peta Stienton');
insert into TB_FUNCIONARIO (ID_FUNCIONARIO, ID_COMPANHIA_AEREA, ID_CARGO, VL_SALARIO, NM_NOME_FUNCIONARIO) values (143, 11, 7, 9762.39, 'Nadeen Sapsford');
insert into TB_FUNCIONARIO (ID_FUNCIONARIO, ID_COMPANHIA_AEREA, ID_CARGO, VL_SALARIO, NM_NOME_FUNCIONARIO) values (144, 3, 5, 5363.82, 'Nestor Vaan');
insert into TB_FUNCIONARIO (ID_FUNCIONARIO, ID_COMPANHIA_AEREA, ID_CARGO, VL_SALARIO, NM_NOME_FUNCIONARIO) values (145, 12, 2, 9506.07, 'Staford Sitlinton');
insert into TB_FUNCIONARIO (ID_FUNCIONARIO, ID_COMPANHIA_AEREA, ID_CARGO, VL_SALARIO, NM_NOME_FUNCIONARIO) values (146, 3, 7, 6124.68, 'Charmane Batchley');
insert into TB_FUNCIONARIO (ID_FUNCIONARIO, ID_COMPANHIA_AEREA, ID_CARGO, VL_SALARIO, NM_NOME_FUNCIONARIO) values (147, 11, 6, 11357.99, 'Kathleen Feather');
insert into TB_FUNCIONARIO (ID_FUNCIONARIO, ID_COMPANHIA_AEREA, ID_CARGO, VL_SALARIO, NM_NOME_FUNCIONARIO) values (148, 12, 2, 13168.82, 'Arley Buttriss');
insert into TB_FUNCIONARIO (ID_FUNCIONARIO, ID_COMPANHIA_AEREA, ID_CARGO, VL_SALARIO, NM_NOME_FUNCIONARIO) values (149, 11, 3, 4386.04, 'Clemente Bolletti');
insert into TB_FUNCIONARIO (ID_FUNCIONARIO, ID_COMPANHIA_AEREA, ID_CARGO, VL_SALARIO, NM_NOME_FUNCIONARIO) values (150, 5, 6, 12890.08, 'Karyn McBoyle');
insert into TB_FUNCIONARIO (ID_FUNCIONARIO, ID_COMPANHIA_AEREA, ID_CARGO, VL_SALARIO, NM_NOME_FUNCIONARIO) values (151, 4, 1, 11068.63, 'Cindelyn Lumox');
insert into TB_FUNCIONARIO (ID_FUNCIONARIO, ID_COMPANHIA_AEREA, ID_CARGO, VL_SALARIO, NM_NOME_FUNCIONARIO) values (152, 13, 1, 2568.57, 'Aubree Phythien');
insert into TB_FUNCIONARIO (ID_FUNCIONARIO, ID_COMPANHIA_AEREA, ID_CARGO, VL_SALARIO, NM_NOME_FUNCIONARIO) values (153, 6, 3, 23790.3, 'Lewiss Coper');
insert into TB_FUNCIONARIO (ID_FUNCIONARIO, ID_COMPANHIA_AEREA, ID_CARGO, VL_SALARIO, NM_NOME_FUNCIONARIO) values (154, 15, 6, 3050.12, 'Nat Sancroft');
insert into TB_FUNCIONARIO (ID_FUNCIONARIO, ID_COMPANHIA_AEREA, ID_CARGO, VL_SALARIO, NM_NOME_FUNCIONARIO) values (155, 10, 1, 22489.52, 'Nady Di Biagio');
insert into TB_FUNCIONARIO (ID_FUNCIONARIO, ID_COMPANHIA_AEREA, ID_CARGO, VL_SALARIO, NM_NOME_FUNCIONARIO) values (156, 15, 4, 12672.46, 'Ardenia Currin');
insert into TB_FUNCIONARIO (ID_FUNCIONARIO, ID_COMPANHIA_AEREA, ID_CARGO, VL_SALARIO, NM_NOME_FUNCIONARIO) values (157, 12, 2, 6637.11, 'Gilli Kitchenman');
insert into TB_FUNCIONARIO (ID_FUNCIONARIO, ID_COMPANHIA_AEREA, ID_CARGO, VL_SALARIO, NM_NOME_FUNCIONARIO) values (158, 5, 7, 10316.31, 'Fons Filan');
insert into TB_FUNCIONARIO (ID_FUNCIONARIO, ID_COMPANHIA_AEREA, ID_CARGO, VL_SALARIO, NM_NOME_FUNCIONARIO) values (159, 15, 5, 15985.95, 'Jeralee Syrett');
insert into TB_FUNCIONARIO (ID_FUNCIONARIO, ID_COMPANHIA_AEREA, ID_CARGO, VL_SALARIO, NM_NOME_FUNCIONARIO) values (160, 10, 4, 20034.31, 'Hagan Spurrier');
insert into TB_FUNCIONARIO (ID_FUNCIONARIO, ID_COMPANHIA_AEREA, ID_CARGO, VL_SALARIO, NM_NOME_FUNCIONARIO) values (161, 3, 6, 2250.13, 'Gill Yurin');
insert into TB_FUNCIONARIO (ID_FUNCIONARIO, ID_COMPANHIA_AEREA, ID_CARGO, VL_SALARIO, NM_NOME_FUNCIONARIO) values (162, 11, 6, 4539.84, 'Berget Smyley');
insert into TB_FUNCIONARIO (ID_FUNCIONARIO, ID_COMPANHIA_AEREA, ID_CARGO, VL_SALARIO, NM_NOME_FUNCIONARIO) values (163, 13, 6, 20860.01, 'Vick Middle');
insert into TB_FUNCIONARIO (ID_FUNCIONARIO, ID_COMPANHIA_AEREA, ID_CARGO, VL_SALARIO, NM_NOME_FUNCIONARIO) values (164, 2, 2, 21154.49, 'Ciro Twycross');
insert into TB_FUNCIONARIO (ID_FUNCIONARIO, ID_COMPANHIA_AEREA, ID_CARGO, VL_SALARIO, NM_NOME_FUNCIONARIO) values (165, 8, 6, 14744.33, 'Kaitlyn Adamov');
insert into TB_FUNCIONARIO (ID_FUNCIONARIO, ID_COMPANHIA_AEREA, ID_CARGO, VL_SALARIO, NM_NOME_FUNCIONARIO) values (166, 6, 3, 3821.71, 'Morie Lages');
insert into TB_FUNCIONARIO (ID_FUNCIONARIO, ID_COMPANHIA_AEREA, ID_CARGO, VL_SALARIO, NM_NOME_FUNCIONARIO) values (167, 10, 5, 11940.65, 'Reeva Peetermann');
insert into TB_FUNCIONARIO (ID_FUNCIONARIO, ID_COMPANHIA_AEREA, ID_CARGO, VL_SALARIO, NM_NOME_FUNCIONARIO) values (168, 13, 7, 23306.69, 'Eve Dougherty');
insert into TB_FUNCIONARIO (ID_FUNCIONARIO, ID_COMPANHIA_AEREA, ID_CARGO, VL_SALARIO, NM_NOME_FUNCIONARIO) values (169, 2, 4, 17018.23, 'Kahaleel Kelcey');
insert into TB_FUNCIONARIO (ID_FUNCIONARIO, ID_COMPANHIA_AEREA, ID_CARGO, VL_SALARIO, NM_NOME_FUNCIONARIO) values (170, 13, 7, 13206.63, 'Terrance Westmore');
insert into TB_FUNCIONARIO (ID_FUNCIONARIO, ID_COMPANHIA_AEREA, ID_CARGO, VL_SALARIO, NM_NOME_FUNCIONARIO) values (171, 2, 3, 3451.24, 'Camille McKeag');
insert into TB_FUNCIONARIO (ID_FUNCIONARIO, ID_COMPANHIA_AEREA, ID_CARGO, VL_SALARIO, NM_NOME_FUNCIONARIO) values (172, 3, 6, 2133.42, 'Tim Parfett');
insert into TB_FUNCIONARIO (ID_FUNCIONARIO, ID_COMPANHIA_AEREA, ID_CARGO, VL_SALARIO, NM_NOME_FUNCIONARIO) values (173, 2, 4, 14807.69, 'Reggie Hackworthy');
insert into TB_FUNCIONARIO (ID_FUNCIONARIO, ID_COMPANHIA_AEREA, ID_CARGO, VL_SALARIO, NM_NOME_FUNCIONARIO) values (174, 14, 1, 23590.23, 'Teodoro Brasener');
insert into TB_FUNCIONARIO (ID_FUNCIONARIO, ID_COMPANHIA_AEREA, ID_CARGO, VL_SALARIO, NM_NOME_FUNCIONARIO) values (175, 10, 5, 13603.28, 'Vivi Cozens');
insert into TB_FUNCIONARIO (ID_FUNCIONARIO, ID_COMPANHIA_AEREA, ID_CARGO, VL_SALARIO, NM_NOME_FUNCIONARIO) values (176, 5, 5, 22507.95, 'Maxwell Gretton');
insert into TB_FUNCIONARIO (ID_FUNCIONARIO, ID_COMPANHIA_AEREA, ID_CARGO, VL_SALARIO, NM_NOME_FUNCIONARIO) values (177, 4, 3, 3355.54, 'Monica Sweetlove');
insert into TB_FUNCIONARIO (ID_FUNCIONARIO, ID_COMPANHIA_AEREA, ID_CARGO, VL_SALARIO, NM_NOME_FUNCIONARIO) values (178, 1, 3, 2887.8, 'Mose Lamar');
insert into TB_FUNCIONARIO (ID_FUNCIONARIO, ID_COMPANHIA_AEREA, ID_CARGO, VL_SALARIO, NM_NOME_FUNCIONARIO) values (179, 4, 7, 20075.84, 'Corissa Lewsey');
insert into TB_FUNCIONARIO (ID_FUNCIONARIO, ID_COMPANHIA_AEREA, ID_CARGO, VL_SALARIO, NM_NOME_FUNCIONARIO) values (180, 13, 2, 4556.38, 'Brianne Wisniowski');
insert into TB_FUNCIONARIO (ID_FUNCIONARIO, ID_COMPANHIA_AEREA, ID_CARGO, VL_SALARIO, NM_NOME_FUNCIONARIO) values (181, 2, 5, 12289.29, 'Hamid Iaduccelli');
insert into TB_FUNCIONARIO (ID_FUNCIONARIO, ID_COMPANHIA_AEREA, ID_CARGO, VL_SALARIO, NM_NOME_FUNCIONARIO) values (182, 4, 7, 21104.77, 'Angelita Shearmer');
insert into TB_FUNCIONARIO (ID_FUNCIONARIO, ID_COMPANHIA_AEREA, ID_CARGO, VL_SALARIO, NM_NOME_FUNCIONARIO) values (183, 9, 5, 7550.83, 'Hewet Masters');
insert into TB_FUNCIONARIO (ID_FUNCIONARIO, ID_COMPANHIA_AEREA, ID_CARGO, VL_SALARIO, NM_NOME_FUNCIONARIO) values (184, 2, 2, 12128.4, 'Edward Le Estut');
insert into TB_FUNCIONARIO (ID_FUNCIONARIO, ID_COMPANHIA_AEREA, ID_CARGO, VL_SALARIO, NM_NOME_FUNCIONARIO) values (185, 12, 4, 3384.71, 'Hope Lauderdale');
insert into TB_FUNCIONARIO (ID_FUNCIONARIO, ID_COMPANHIA_AEREA, ID_CARGO, VL_SALARIO, NM_NOME_FUNCIONARIO) values (186, 1, 1, 15430.61, 'Cacilia Dorin');
insert into TB_FUNCIONARIO (ID_FUNCIONARIO, ID_COMPANHIA_AEREA, ID_CARGO, VL_SALARIO, NM_NOME_FUNCIONARIO) values (187, 4, 4, 18195.49, 'Marc Leedes');
insert into TB_FUNCIONARIO (ID_FUNCIONARIO, ID_COMPANHIA_AEREA, ID_CARGO, VL_SALARIO, NM_NOME_FUNCIONARIO) values (188, 15, 3, 6950.9, 'Archambault Mabon');
insert into TB_FUNCIONARIO (ID_FUNCIONARIO, ID_COMPANHIA_AEREA, ID_CARGO, VL_SALARIO, NM_NOME_FUNCIONARIO) values (189, 2, 4, 4089.33, 'Pauly Cumes');
insert into TB_FUNCIONARIO (ID_FUNCIONARIO, ID_COMPANHIA_AEREA, ID_CARGO, VL_SALARIO, NM_NOME_FUNCIONARIO) values (190, 2, 7, 14975.03, 'Kiah Surr');
insert into TB_FUNCIONARIO (ID_FUNCIONARIO, ID_COMPANHIA_AEREA, ID_CARGO, VL_SALARIO, NM_NOME_FUNCIONARIO) values (191, 4, 1, 20323.07, 'Karyn Whytock');
insert into TB_FUNCIONARIO (ID_FUNCIONARIO, ID_COMPANHIA_AEREA, ID_CARGO, VL_SALARIO, NM_NOME_FUNCIONARIO) values (192, 5, 5, 23851.09, 'Lark Castellani');
insert into TB_FUNCIONARIO (ID_FUNCIONARIO, ID_COMPANHIA_AEREA, ID_CARGO, VL_SALARIO, NM_NOME_FUNCIONARIO) values (193, 1, 7, 10914.35, 'Gordan Benneyworth');
insert into TB_FUNCIONARIO (ID_FUNCIONARIO, ID_COMPANHIA_AEREA, ID_CARGO, VL_SALARIO, NM_NOME_FUNCIONARIO) values (194, 11, 5, 9229.34, 'Georgiana Titt');
insert into TB_FUNCIONARIO (ID_FUNCIONARIO, ID_COMPANHIA_AEREA, ID_CARGO, VL_SALARIO, NM_NOME_FUNCIONARIO) values (195, 6, 2, 15074.64, 'Marcos Enriquez');
insert into TB_FUNCIONARIO (ID_FUNCIONARIO, ID_COMPANHIA_AEREA, ID_CARGO, VL_SALARIO, NM_NOME_FUNCIONARIO) values (196, 8, 5, 6064.16, 'Belia Scotchmor');
insert into TB_FUNCIONARIO (ID_FUNCIONARIO, ID_COMPANHIA_AEREA, ID_CARGO, VL_SALARIO, NM_NOME_FUNCIONARIO) values (197, 1, 2, 22633.85, 'Sydney O''Driscoll');
insert into TB_FUNCIONARIO (ID_FUNCIONARIO, ID_COMPANHIA_AEREA, ID_CARGO, VL_SALARIO, NM_NOME_FUNCIONARIO) values (198, 2, 8, 24323.12, 'Joan Shimwell');
insert into TB_FUNCIONARIO (ID_FUNCIONARIO, ID_COMPANHIA_AEREA, ID_CARGO, VL_SALARIO, NM_NOME_FUNCIONARIO) values (199, 7, 7, 14194.09, 'Kinnie Hackforth');
insert into TB_FUNCIONARIO (ID_FUNCIONARIO, ID_COMPANHIA_AEREA, ID_CARGO, VL_SALARIO, NM_NOME_FUNCIONARIO) values (200, 1, 4, 22651.65, 'Benjamen Brown');
insert into TB_FUNCIONARIO (ID_FUNCIONARIO, ID_COMPANHIA_AEREA, ID_CARGO, VL_SALARIO, NM_NOME_FUNCIONARIO) values (201, 1, 8, 20081.14, 'Tobe Bienvenu');
insert into TB_FUNCIONARIO (ID_FUNCIONARIO, ID_COMPANHIA_AEREA, ID_CARGO, VL_SALARIO, NM_NOME_FUNCIONARIO) values (202, 5, 7, 12540.36, 'Darcy Painswick');
insert into TB_FUNCIONARIO (ID_FUNCIONARIO, ID_COMPANHIA_AEREA, ID_CARGO, VL_SALARIO, NM_NOME_FUNCIONARIO) values (203, 14, 7, 2581.66, 'Kean Goody');
insert into TB_FUNCIONARIO (ID_FUNCIONARIO, ID_COMPANHIA_AEREA, ID_CARGO, VL_SALARIO, NM_NOME_FUNCIONARIO) values (204, 14, 4, 4256.11, 'Olly Castanone');
insert into TB_FUNCIONARIO (ID_FUNCIONARIO, ID_COMPANHIA_AEREA, ID_CARGO, VL_SALARIO, NM_NOME_FUNCIONARIO) values (205, 1, 8, 12356.66, 'Winn Wegner');
insert into TB_FUNCIONARIO (ID_FUNCIONARIO, ID_COMPANHIA_AEREA, ID_CARGO, VL_SALARIO, NM_NOME_FUNCIONARIO) values (206, 12, 6, 22332.65, 'Zak Wellstead');
insert into TB_FUNCIONARIO (ID_FUNCIONARIO, ID_COMPANHIA_AEREA, ID_CARGO, VL_SALARIO, NM_NOME_FUNCIONARIO) values (207, 9, 6, 9430.53, 'Loutitia Capstaff');
insert into TB_FUNCIONARIO (ID_FUNCIONARIO, ID_COMPANHIA_AEREA, ID_CARGO, VL_SALARIO, NM_NOME_FUNCIONARIO) values (208, 10, 6, 8987.21, 'Reeta MacTrustey');
insert into TB_FUNCIONARIO (ID_FUNCIONARIO, ID_COMPANHIA_AEREA, ID_CARGO, VL_SALARIO, NM_NOME_FUNCIONARIO) values (209, 1, 5, 20474.58, 'Ahmed Engel');
insert into TB_FUNCIONARIO (ID_FUNCIONARIO, ID_COMPANHIA_AEREA, ID_CARGO, VL_SALARIO, NM_NOME_FUNCIONARIO) values (210, 8, 1, 20357.53, 'Clarinda Taffee');
insert into TB_FUNCIONARIO (ID_FUNCIONARIO, ID_COMPANHIA_AEREA, ID_CARGO, VL_SALARIO, NM_NOME_FUNCIONARIO) values (211, 2, 8, 24716.62, 'Leif Rummings');
insert into TB_FUNCIONARIO (ID_FUNCIONARIO, ID_COMPANHIA_AEREA, ID_CARGO, VL_SALARIO, NM_NOME_FUNCIONARIO) values (212, 10, 6, 8182.7, 'Wylie Wittleton');
insert into TB_FUNCIONARIO (ID_FUNCIONARIO, ID_COMPANHIA_AEREA, ID_CARGO, VL_SALARIO, NM_NOME_FUNCIONARIO) values (213, 9, 4, 23330.4, 'Dominick Enevoldsen');
insert into TB_FUNCIONARIO (ID_FUNCIONARIO, ID_COMPANHIA_AEREA, ID_CARGO, VL_SALARIO, NM_NOME_FUNCIONARIO) values (214, 1, 5, 11700.48, 'Cassie Bounds');
insert into TB_FUNCIONARIO (ID_FUNCIONARIO, ID_COMPANHIA_AEREA, ID_CARGO, VL_SALARIO, NM_NOME_FUNCIONARIO) values (215, 2, 6, 24660.94, 'Mariele Houseago');
insert into TB_FUNCIONARIO (ID_FUNCIONARIO, ID_COMPANHIA_AEREA, ID_CARGO, VL_SALARIO, NM_NOME_FUNCIONARIO) values (216, 13, 1, 6225.68, 'Adeline Keasley');
insert into TB_FUNCIONARIO (ID_FUNCIONARIO, ID_COMPANHIA_AEREA, ID_CARGO, VL_SALARIO, NM_NOME_FUNCIONARIO) values (217, 2, 4, 4401.69, 'Devin O''Fielly');
insert into TB_FUNCIONARIO (ID_FUNCIONARIO, ID_COMPANHIA_AEREA, ID_CARGO, VL_SALARIO, NM_NOME_FUNCIONARIO) values (218, 14, 7, 16953.9, 'Lilia Hadleigh');
insert into TB_FUNCIONARIO (ID_FUNCIONARIO, ID_COMPANHIA_AEREA, ID_CARGO, VL_SALARIO, NM_NOME_FUNCIONARIO) values (219, 3, 8, 24921.73, 'Griffie Witterick');
insert into TB_FUNCIONARIO (ID_FUNCIONARIO, ID_COMPANHIA_AEREA, ID_CARGO, VL_SALARIO, NM_NOME_FUNCIONARIO) values (220, 14, 2, 6062.27, 'Vivia Reims');
insert into TB_FUNCIONARIO (ID_FUNCIONARIO, ID_COMPANHIA_AEREA, ID_CARGO, VL_SALARIO, NM_NOME_FUNCIONARIO) values (221, 4, 8, 19616.61, 'Rani Rush');
insert into TB_FUNCIONARIO (ID_FUNCIONARIO, ID_COMPANHIA_AEREA, ID_CARGO, VL_SALARIO, NM_NOME_FUNCIONARIO) values (222, 11, 7, 20202.82, 'Branden Trippick');
insert into TB_FUNCIONARIO (ID_FUNCIONARIO, ID_COMPANHIA_AEREA, ID_CARGO, VL_SALARIO, NM_NOME_FUNCIONARIO) values (223, 7, 4, 16220.86, 'Sadella Khomich');
insert into TB_FUNCIONARIO (ID_FUNCIONARIO, ID_COMPANHIA_AEREA, ID_CARGO, VL_SALARIO, NM_NOME_FUNCIONARIO) values (224, 8, 1, 19682.64, 'Adelice Beddon');
insert into TB_FUNCIONARIO (ID_FUNCIONARIO, ID_COMPANHIA_AEREA, ID_CARGO, VL_SALARIO, NM_NOME_FUNCIONARIO) values (225, 11, 3, 21216.28, 'Deedee Wiggans');
insert into TB_FUNCIONARIO (ID_FUNCIONARIO, ID_COMPANHIA_AEREA, ID_CARGO, VL_SALARIO, NM_NOME_FUNCIONARIO) values (226, 13, 5, 6754.24, 'Flint Titmuss');
insert into TB_FUNCIONARIO (ID_FUNCIONARIO, ID_COMPANHIA_AEREA, ID_CARGO, VL_SALARIO, NM_NOME_FUNCIONARIO) values (227, 13, 8, 21967.35, 'Zelma Alcide');
insert into TB_FUNCIONARIO (ID_FUNCIONARIO, ID_COMPANHIA_AEREA, ID_CARGO, VL_SALARIO, NM_NOME_FUNCIONARIO) values (228, 8, 5, 22870.65, 'Wayland Bentick');
insert into TB_FUNCIONARIO (ID_FUNCIONARIO, ID_COMPANHIA_AEREA, ID_CARGO, VL_SALARIO, NM_NOME_FUNCIONARIO) values (229, 15, 1, 23571.38, 'Maryellen Clist');
insert into TB_FUNCIONARIO (ID_FUNCIONARIO, ID_COMPANHIA_AEREA, ID_CARGO, VL_SALARIO, NM_NOME_FUNCIONARIO) values (230, 12, 4, 8036.88, 'Natasha Banke');
insert into TB_FUNCIONARIO (ID_FUNCIONARIO, ID_COMPANHIA_AEREA, ID_CARGO, VL_SALARIO, NM_NOME_FUNCIONARIO) values (231, 3, 8, 12832.81, 'Filide Waldrum');
insert into TB_FUNCIONARIO (ID_FUNCIONARIO, ID_COMPANHIA_AEREA, ID_CARGO, VL_SALARIO, NM_NOME_FUNCIONARIO) values (232, 12, 3, 24808.12, 'Carolyn Kiltie');
insert into TB_FUNCIONARIO (ID_FUNCIONARIO, ID_COMPANHIA_AEREA, ID_CARGO, VL_SALARIO, NM_NOME_FUNCIONARIO) values (233, 2, 2, 18048.19, 'Berta Abrashkin');
insert into TB_FUNCIONARIO (ID_FUNCIONARIO, ID_COMPANHIA_AEREA, ID_CARGO, VL_SALARIO, NM_NOME_FUNCIONARIO) values (234, 9, 6, 17178.37, 'Elnore Kauffman');
insert into TB_FUNCIONARIO (ID_FUNCIONARIO, ID_COMPANHIA_AEREA, ID_CARGO, VL_SALARIO, NM_NOME_FUNCIONARIO) values (235, 1, 6, 20415.14, 'Hastie Casotti');
insert into TB_FUNCIONARIO (ID_FUNCIONARIO, ID_COMPANHIA_AEREA, ID_CARGO, VL_SALARIO, NM_NOME_FUNCIONARIO) values (236, 4, 4, 24346.95, 'Winnifred Sanches');
insert into TB_FUNCIONARIO (ID_FUNCIONARIO, ID_COMPANHIA_AEREA, ID_CARGO, VL_SALARIO, NM_NOME_FUNCIONARIO) values (237, 10, 1, 23752.17, 'Cherye Corsham');
insert into TB_FUNCIONARIO (ID_FUNCIONARIO, ID_COMPANHIA_AEREA, ID_CARGO, VL_SALARIO, NM_NOME_FUNCIONARIO) values (238, 1, 4, 7170.58, 'Rafaela Hubback');
insert into TB_FUNCIONARIO (ID_FUNCIONARIO, ID_COMPANHIA_AEREA, ID_CARGO, VL_SALARIO, NM_NOME_FUNCIONARIO) values (239, 6, 5, 24696.46, 'Marlie Stentiford');
insert into TB_FUNCIONARIO (ID_FUNCIONARIO, ID_COMPANHIA_AEREA, ID_CARGO, VL_SALARIO, NM_NOME_FUNCIONARIO) values (240, 10, 6, 16628.44, 'Marty Chater');
insert into TB_FUNCIONARIO (ID_FUNCIONARIO, ID_COMPANHIA_AEREA, ID_CARGO, VL_SALARIO, NM_NOME_FUNCIONARIO) values (241, 1, 8, 17567.39, 'Harmonie Findlow');
insert into TB_FUNCIONARIO (ID_FUNCIONARIO, ID_COMPANHIA_AEREA, ID_CARGO, VL_SALARIO, NM_NOME_FUNCIONARIO) values (242, 1, 4, 21535.73, 'Katrinka Townsley');
insert into TB_FUNCIONARIO (ID_FUNCIONARIO, ID_COMPANHIA_AEREA, ID_CARGO, VL_SALARIO, NM_NOME_FUNCIONARIO) values (243, 5, 8, 22557.41, 'Kristofer Clemenza');
insert into TB_FUNCIONARIO (ID_FUNCIONARIO, ID_COMPANHIA_AEREA, ID_CARGO, VL_SALARIO, NM_NOME_FUNCIONARIO) values (244, 3, 4, 12616.45, 'Kathryn Sall');
insert into TB_FUNCIONARIO (ID_FUNCIONARIO, ID_COMPANHIA_AEREA, ID_CARGO, VL_SALARIO, NM_NOME_FUNCIONARIO) values (245, 7, 3, 18159.31, 'Tabbitha Dench');
insert into TB_FUNCIONARIO (ID_FUNCIONARIO, ID_COMPANHIA_AEREA, ID_CARGO, VL_SALARIO, NM_NOME_FUNCIONARIO) values (246, 9, 1, 20079.16, 'Deanna Logg');
insert into TB_FUNCIONARIO (ID_FUNCIONARIO, ID_COMPANHIA_AEREA, ID_CARGO, VL_SALARIO, NM_NOME_FUNCIONARIO) values (247, 5, 6, 12424.37, 'Ruthi Blease');
insert into TB_FUNCIONARIO (ID_FUNCIONARIO, ID_COMPANHIA_AEREA, ID_CARGO, VL_SALARIO, NM_NOME_FUNCIONARIO) values (248, 14, 3, 17726.13, 'Tedra Doree');
insert into TB_FUNCIONARIO (ID_FUNCIONARIO, ID_COMPANHIA_AEREA, ID_CARGO, VL_SALARIO, NM_NOME_FUNCIONARIO) values (249, 8, 1, 11834.62, 'Rosanna Holberry');
insert into TB_FUNCIONARIO (ID_FUNCIONARIO, ID_COMPANHIA_AEREA, ID_CARGO, VL_SALARIO, NM_NOME_FUNCIONARIO) values (250, 8, 7, 23961.57, 'Erl Ewert');
insert into TB_FUNCIONARIO (ID_FUNCIONARIO, ID_COMPANHIA_AEREA, ID_CARGO, VL_SALARIO, NM_NOME_FUNCIONARIO) values (251, 6, 8, 15937.9, 'Dionis Dabels');
insert into TB_FUNCIONARIO (ID_FUNCIONARIO, ID_COMPANHIA_AEREA, ID_CARGO, VL_SALARIO, NM_NOME_FUNCIONARIO) values (252, 12, 1, 5063.31, 'Karrah Corre');
insert into TB_FUNCIONARIO (ID_FUNCIONARIO, ID_COMPANHIA_AEREA, ID_CARGO, VL_SALARIO, NM_NOME_FUNCIONARIO) values (253, 5, 3, 8648.48, 'Essie Cool');
insert into TB_FUNCIONARIO (ID_FUNCIONARIO, ID_COMPANHIA_AEREA, ID_CARGO, VL_SALARIO, NM_NOME_FUNCIONARIO) values (254, 4, 6, 23809.94, 'Elston Crame');
insert into TB_FUNCIONARIO (ID_FUNCIONARIO, ID_COMPANHIA_AEREA, ID_CARGO, VL_SALARIO, NM_NOME_FUNCIONARIO) values (255, 14, 1, 15953.25, 'Neel Philipot');
insert into TB_FUNCIONARIO (ID_FUNCIONARIO, ID_COMPANHIA_AEREA, ID_CARGO, VL_SALARIO, NM_NOME_FUNCIONARIO) values (256, 14, 6, 7244.22, 'Brooks Carlaw');
insert into TB_FUNCIONARIO (ID_FUNCIONARIO, ID_COMPANHIA_AEREA, ID_CARGO, VL_SALARIO, NM_NOME_FUNCIONARIO) values (257, 4, 2, 22879.6, 'Charmine Lansdown');
insert into TB_FUNCIONARIO (ID_FUNCIONARIO, ID_COMPANHIA_AEREA, ID_CARGO, VL_SALARIO, NM_NOME_FUNCIONARIO) values (258, 5, 5, 21683.29, 'Pepito Groom');
insert into TB_FUNCIONARIO (ID_FUNCIONARIO, ID_COMPANHIA_AEREA, ID_CARGO, VL_SALARIO, NM_NOME_FUNCIONARIO) values (259, 15, 2, 10504.64, 'Dyna Brammer');
insert into TB_FUNCIONARIO (ID_FUNCIONARIO, ID_COMPANHIA_AEREA, ID_CARGO, VL_SALARIO, NM_NOME_FUNCIONARIO) values (260, 5, 8, 2036.97, 'Amie Elverston');
insert into TB_FUNCIONARIO (ID_FUNCIONARIO, ID_COMPANHIA_AEREA, ID_CARGO, VL_SALARIO, NM_NOME_FUNCIONARIO) values (261, 10, 3, 4143.65, 'Murry Hartropp');
insert into TB_FUNCIONARIO (ID_FUNCIONARIO, ID_COMPANHIA_AEREA, ID_CARGO, VL_SALARIO, NM_NOME_FUNCIONARIO) values (262, 5, 2, 22280.57, 'Florie Ventum');
insert into TB_FUNCIONARIO (ID_FUNCIONARIO, ID_COMPANHIA_AEREA, ID_CARGO, VL_SALARIO, NM_NOME_FUNCIONARIO) values (263, 5, 1, 4267.27, 'Carlynne Twinning');
insert into TB_FUNCIONARIO (ID_FUNCIONARIO, ID_COMPANHIA_AEREA, ID_CARGO, VL_SALARIO, NM_NOME_FUNCIONARIO) values (264, 9, 1, 15492.75, 'Garvin Wheelton');
insert into TB_FUNCIONARIO (ID_FUNCIONARIO, ID_COMPANHIA_AEREA, ID_CARGO, VL_SALARIO, NM_NOME_FUNCIONARIO) values (265, 3, 2, 13565.67, 'Humfrid Pittham');
insert into TB_FUNCIONARIO (ID_FUNCIONARIO, ID_COMPANHIA_AEREA, ID_CARGO, VL_SALARIO, NM_NOME_FUNCIONARIO) values (266, 13, 4, 10812.98, 'Emmott Arnet');
insert into TB_FUNCIONARIO (ID_FUNCIONARIO, ID_COMPANHIA_AEREA, ID_CARGO, VL_SALARIO, NM_NOME_FUNCIONARIO) values (267, 1, 6, 14176.7, 'Fania Trobe');
insert into TB_FUNCIONARIO (ID_FUNCIONARIO, ID_COMPANHIA_AEREA, ID_CARGO, VL_SALARIO, NM_NOME_FUNCIONARIO) values (268, 3, 6, 24682.01, 'Fleur Guidelli');
insert into TB_FUNCIONARIO (ID_FUNCIONARIO, ID_COMPANHIA_AEREA, ID_CARGO, VL_SALARIO, NM_NOME_FUNCIONARIO) values (269, 7, 7, 18289.43, 'Manda Lamond');
insert into TB_FUNCIONARIO (ID_FUNCIONARIO, ID_COMPANHIA_AEREA, ID_CARGO, VL_SALARIO, NM_NOME_FUNCIONARIO) values (270, 10, 5, 5869.88, 'Eddy Derrell');
insert into TB_FUNCIONARIO (ID_FUNCIONARIO, ID_COMPANHIA_AEREA, ID_CARGO, VL_SALARIO, NM_NOME_FUNCIONARIO) values (271, 9, 7, 19950.39, 'Denys Bewfield');
insert into TB_FUNCIONARIO (ID_FUNCIONARIO, ID_COMPANHIA_AEREA, ID_CARGO, VL_SALARIO, NM_NOME_FUNCIONARIO) values (272, 9, 8, 21830.04, 'Kirbee Kidstone');
insert into TB_FUNCIONARIO (ID_FUNCIONARIO, ID_COMPANHIA_AEREA, ID_CARGO, VL_SALARIO, NM_NOME_FUNCIONARIO) values (273, 8, 8, 3024.43, 'Roarke Callow');
insert into TB_FUNCIONARIO (ID_FUNCIONARIO, ID_COMPANHIA_AEREA, ID_CARGO, VL_SALARIO, NM_NOME_FUNCIONARIO) values (274, 15, 6, 23198.17, 'Kay Brellin');
insert into TB_FUNCIONARIO (ID_FUNCIONARIO, ID_COMPANHIA_AEREA, ID_CARGO, VL_SALARIO, NM_NOME_FUNCIONARIO) values (275, 4, 5, 3226.76, 'Ly Bullent');
insert into TB_FUNCIONARIO (ID_FUNCIONARIO, ID_COMPANHIA_AEREA, ID_CARGO, VL_SALARIO, NM_NOME_FUNCIONARIO) values (276, 3, 2, 7136.35, 'Eula Fyfield');
insert into TB_FUNCIONARIO (ID_FUNCIONARIO, ID_COMPANHIA_AEREA, ID_CARGO, VL_SALARIO, NM_NOME_FUNCIONARIO) values (277, 14, 7, 17314.77, 'Ofelia Dinsey');
insert into TB_FUNCIONARIO (ID_FUNCIONARIO, ID_COMPANHIA_AEREA, ID_CARGO, VL_SALARIO, NM_NOME_FUNCIONARIO) values (278, 8, 8, 10218.92, 'Benn Issacof');
insert into TB_FUNCIONARIO (ID_FUNCIONARIO, ID_COMPANHIA_AEREA, ID_CARGO, VL_SALARIO, NM_NOME_FUNCIONARIO) values (279, 4, 6, 15530.62, 'Vassili Melmoth');
insert into TB_FUNCIONARIO (ID_FUNCIONARIO, ID_COMPANHIA_AEREA, ID_CARGO, VL_SALARIO, NM_NOME_FUNCIONARIO) values (280, 14, 8, 24293.26, 'Kendre Gladdor');
insert into TB_FUNCIONARIO (ID_FUNCIONARIO, ID_COMPANHIA_AEREA, ID_CARGO, VL_SALARIO, NM_NOME_FUNCIONARIO) values (281, 2, 5, 11442.97, 'Orly Paprotny');
insert into TB_FUNCIONARIO (ID_FUNCIONARIO, ID_COMPANHIA_AEREA, ID_CARGO, VL_SALARIO, NM_NOME_FUNCIONARIO) values (282, 8, 5, 15460.83, 'Gwyneth Sim');
insert into TB_FUNCIONARIO (ID_FUNCIONARIO, ID_COMPANHIA_AEREA, ID_CARGO, VL_SALARIO, NM_NOME_FUNCIONARIO) values (283, 6, 2, 12446.63, 'Jaclin Hollyland');
insert into TB_FUNCIONARIO (ID_FUNCIONARIO, ID_COMPANHIA_AEREA, ID_CARGO, VL_SALARIO, NM_NOME_FUNCIONARIO) values (284, 2, 8, 20582.02, 'My Labin');
insert into TB_FUNCIONARIO (ID_FUNCIONARIO, ID_COMPANHIA_AEREA, ID_CARGO, VL_SALARIO, NM_NOME_FUNCIONARIO) values (285, 5, 7, 8180.56, 'Sydney Veldens');
insert into TB_FUNCIONARIO (ID_FUNCIONARIO, ID_COMPANHIA_AEREA, ID_CARGO, VL_SALARIO, NM_NOME_FUNCIONARIO) values (286, 8, 3, 10061.6, 'Melody Janus');
insert into TB_FUNCIONARIO (ID_FUNCIONARIO, ID_COMPANHIA_AEREA, ID_CARGO, VL_SALARIO, NM_NOME_FUNCIONARIO) values (287, 13, 6, 3000.03, 'Ivonne Gaynes');
insert into TB_FUNCIONARIO (ID_FUNCIONARIO, ID_COMPANHIA_AEREA, ID_CARGO, VL_SALARIO, NM_NOME_FUNCIONARIO) values (288, 10, 1, 14850.92, 'Rafferty Noseworthy');
insert into TB_FUNCIONARIO (ID_FUNCIONARIO, ID_COMPANHIA_AEREA, ID_CARGO, VL_SALARIO, NM_NOME_FUNCIONARIO) values (289, 11, 8, 5317.54, 'Nicholas Bogie');
insert into TB_FUNCIONARIO (ID_FUNCIONARIO, ID_COMPANHIA_AEREA, ID_CARGO, VL_SALARIO, NM_NOME_FUNCIONARIO) values (290, 12, 7, 2120.28, 'Sidonia Gaskell');
insert into TB_FUNCIONARIO (ID_FUNCIONARIO, ID_COMPANHIA_AEREA, ID_CARGO, VL_SALARIO, NM_NOME_FUNCIONARIO) values (291, 12, 8, 4626.17, 'Thelma Carnow');
insert into TB_FUNCIONARIO (ID_FUNCIONARIO, ID_COMPANHIA_AEREA, ID_CARGO, VL_SALARIO, NM_NOME_FUNCIONARIO) values (292, 8, 7, 9768.15, 'Katya Fawley');
insert into TB_FUNCIONARIO (ID_FUNCIONARIO, ID_COMPANHIA_AEREA, ID_CARGO, VL_SALARIO, NM_NOME_FUNCIONARIO) values (293, 3, 6, 23448.01, 'Vernor Barras');
insert into TB_FUNCIONARIO (ID_FUNCIONARIO, ID_COMPANHIA_AEREA, ID_CARGO, VL_SALARIO, NM_NOME_FUNCIONARIO) values (294, 15, 1, 22124.1, 'Berthe Dance');
insert into TB_FUNCIONARIO (ID_FUNCIONARIO, ID_COMPANHIA_AEREA, ID_CARGO, VL_SALARIO, NM_NOME_FUNCIONARIO) values (295, 13, 2, 17660.64, 'Gualterio Martynikhin');
insert into TB_FUNCIONARIO (ID_FUNCIONARIO, ID_COMPANHIA_AEREA, ID_CARGO, VL_SALARIO, NM_NOME_FUNCIONARIO) values (296, 6, 6, 23621.6, 'Clement Arnault');
insert into TB_FUNCIONARIO (ID_FUNCIONARIO, ID_COMPANHIA_AEREA, ID_CARGO, VL_SALARIO, NM_NOME_FUNCIONARIO) values (297, 13, 2, 4523.79, 'Lorettalorna Lancetter');
insert into TB_FUNCIONARIO (ID_FUNCIONARIO, ID_COMPANHIA_AEREA, ID_CARGO, VL_SALARIO, NM_NOME_FUNCIONARIO) values (298, 5, 3, 10491.19, 'Kordula Vice');
insert into TB_FUNCIONARIO (ID_FUNCIONARIO, ID_COMPANHIA_AEREA, ID_CARGO, VL_SALARIO, NM_NOME_FUNCIONARIO) values (299, 6, 8, 15509.54, 'Kenna Parade');
insert into TB_FUNCIONARIO (ID_FUNCIONARIO, ID_COMPANHIA_AEREA, ID_CARGO, VL_SALARIO, NM_NOME_FUNCIONARIO) values (300, 5, 6, 12075.24, 'Gaultiero Kippins');
insert into TB_FUNCIONARIO (ID_FUNCIONARIO, ID_COMPANHIA_AEREA, ID_CARGO, VL_SALARIO, NM_NOME_FUNCIONARIO) values (301, 13, 7, 13530.92, 'Stavros Mulqueeny');
insert into TB_FUNCIONARIO (ID_FUNCIONARIO, ID_COMPANHIA_AEREA, ID_CARGO, VL_SALARIO, NM_NOME_FUNCIONARIO) values (302, 2, 8, 7780.91, 'Liuka Burlingham');
insert into TB_FUNCIONARIO (ID_FUNCIONARIO, ID_COMPANHIA_AEREA, ID_CARGO, VL_SALARIO, NM_NOME_FUNCIONARIO) values (303, 10, 4, 24318.82, 'Lacie Chalcot');
insert into TB_FUNCIONARIO (ID_FUNCIONARIO, ID_COMPANHIA_AEREA, ID_CARGO, VL_SALARIO, NM_NOME_FUNCIONARIO) values (304, 11, 4, 20171.6, 'Isabel Milbourn');
insert into TB_FUNCIONARIO (ID_FUNCIONARIO, ID_COMPANHIA_AEREA, ID_CARGO, VL_SALARIO, NM_NOME_FUNCIONARIO) values (305, 3, 4, 12288.84, 'Jacques Vouls');
insert into TB_FUNCIONARIO (ID_FUNCIONARIO, ID_COMPANHIA_AEREA, ID_CARGO, VL_SALARIO, NM_NOME_FUNCIONARIO) values (306, 3, 1, 19415.17, 'Milt Lehrahan');
insert into TB_FUNCIONARIO (ID_FUNCIONARIO, ID_COMPANHIA_AEREA, ID_CARGO, VL_SALARIO, NM_NOME_FUNCIONARIO) values (307, 1, 4, 22612.73, 'Koral Dishman');
insert into TB_FUNCIONARIO (ID_FUNCIONARIO, ID_COMPANHIA_AEREA, ID_CARGO, VL_SALARIO, NM_NOME_FUNCIONARIO) values (308, 7, 7, 10136.8, 'Jilleen Pietranek');
insert into TB_FUNCIONARIO (ID_FUNCIONARIO, ID_COMPANHIA_AEREA, ID_CARGO, VL_SALARIO, NM_NOME_FUNCIONARIO) values (309, 5, 2, 7638.06, 'Sylvester Tembridge');
insert into TB_FUNCIONARIO (ID_FUNCIONARIO, ID_COMPANHIA_AEREA, ID_CARGO, VL_SALARIO, NM_NOME_FUNCIONARIO) values (310, 2, 6, 10920.36, 'Catie McDermott');
insert into TB_FUNCIONARIO (ID_FUNCIONARIO, ID_COMPANHIA_AEREA, ID_CARGO, VL_SALARIO, NM_NOME_FUNCIONARIO) values (311, 12, 1, 18093.95, 'Sally Boulding');
insert into TB_FUNCIONARIO (ID_FUNCIONARIO, ID_COMPANHIA_AEREA, ID_CARGO, VL_SALARIO, NM_NOME_FUNCIONARIO) values (312, 5, 8, 5421.2, 'Jennee McCosker');
insert into TB_FUNCIONARIO (ID_FUNCIONARIO, ID_COMPANHIA_AEREA, ID_CARGO, VL_SALARIO, NM_NOME_FUNCIONARIO) values (313, 7, 3, 21271.52, 'Skippie Bidwell');
insert into TB_FUNCIONARIO (ID_FUNCIONARIO, ID_COMPANHIA_AEREA, ID_CARGO, VL_SALARIO, NM_NOME_FUNCIONARIO) values (314, 9, 5, 18522.68, 'Verene Grayston');
insert into TB_FUNCIONARIO (ID_FUNCIONARIO, ID_COMPANHIA_AEREA, ID_CARGO, VL_SALARIO, NM_NOME_FUNCIONARIO) values (315, 15, 3, 18351.19, 'Shoshanna Ordemann');
insert into TB_FUNCIONARIO (ID_FUNCIONARIO, ID_COMPANHIA_AEREA, ID_CARGO, VL_SALARIO, NM_NOME_FUNCIONARIO) values (316, 8, 4, 9442.64, 'Rupert Meaddowcroft');
insert into TB_FUNCIONARIO (ID_FUNCIONARIO, ID_COMPANHIA_AEREA, ID_CARGO, VL_SALARIO, NM_NOME_FUNCIONARIO) values (317, 1, 5, 19036.77, 'Masha Sibyllina');
insert into TB_FUNCIONARIO (ID_FUNCIONARIO, ID_COMPANHIA_AEREA, ID_CARGO, VL_SALARIO, NM_NOME_FUNCIONARIO) values (318, 8, 8, 4747.28, 'Claudette Sedgeman');
insert into TB_FUNCIONARIO (ID_FUNCIONARIO, ID_COMPANHIA_AEREA, ID_CARGO, VL_SALARIO, NM_NOME_FUNCIONARIO) values (319, 13, 2, 8795.48, 'Trista Bartelet');
insert into TB_FUNCIONARIO (ID_FUNCIONARIO, ID_COMPANHIA_AEREA, ID_CARGO, VL_SALARIO, NM_NOME_FUNCIONARIO) values (320, 13, 8, 7586.65, 'Rupert Wales');
insert into TB_FUNCIONARIO (ID_FUNCIONARIO, ID_COMPANHIA_AEREA, ID_CARGO, VL_SALARIO, NM_NOME_FUNCIONARIO) values (321, 7, 3, 13132.6, 'Lester Henryson');
insert into TB_FUNCIONARIO (ID_FUNCIONARIO, ID_COMPANHIA_AEREA, ID_CARGO, VL_SALARIO, NM_NOME_FUNCIONARIO) values (322, 3, 5, 21837.52, 'Alina Seeman');
insert into TB_FUNCIONARIO (ID_FUNCIONARIO, ID_COMPANHIA_AEREA, ID_CARGO, VL_SALARIO, NM_NOME_FUNCIONARIO) values (323, 6, 7, 8662.13, 'Misha Lynnitt');
insert into TB_FUNCIONARIO (ID_FUNCIONARIO, ID_COMPANHIA_AEREA, ID_CARGO, VL_SALARIO, NM_NOME_FUNCIONARIO) values (324, 15, 5, 2162.97, 'Hinze Darrel');
insert into TB_FUNCIONARIO (ID_FUNCIONARIO, ID_COMPANHIA_AEREA, ID_CARGO, VL_SALARIO, NM_NOME_FUNCIONARIO) values (325, 13, 5, 13507.2, 'Irita Ortega');
insert into TB_FUNCIONARIO (ID_FUNCIONARIO, ID_COMPANHIA_AEREA, ID_CARGO, VL_SALARIO, NM_NOME_FUNCIONARIO) values (326, 8, 2, 21586.42, 'Mirella Purton');
insert into TB_FUNCIONARIO (ID_FUNCIONARIO, ID_COMPANHIA_AEREA, ID_CARGO, VL_SALARIO, NM_NOME_FUNCIONARIO) values (327, 13, 8, 16044.19, 'Morna Allebone');
insert into TB_FUNCIONARIO (ID_FUNCIONARIO, ID_COMPANHIA_AEREA, ID_CARGO, VL_SALARIO, NM_NOME_FUNCIONARIO) values (328, 1, 1, 14512.48, 'Harli Bennen');
insert into TB_FUNCIONARIO (ID_FUNCIONARIO, ID_COMPANHIA_AEREA, ID_CARGO, VL_SALARIO, NM_NOME_FUNCIONARIO) values (329, 7, 4, 23215.18, 'Aurelia Oldacre');
insert into TB_FUNCIONARIO (ID_FUNCIONARIO, ID_COMPANHIA_AEREA, ID_CARGO, VL_SALARIO, NM_NOME_FUNCIONARIO) values (330, 8, 1, 8727.29, 'Andreana Bogges');
insert into TB_FUNCIONARIO (ID_FUNCIONARIO, ID_COMPANHIA_AEREA, ID_CARGO, VL_SALARIO, NM_NOME_FUNCIONARIO) values (331, 11, 6, 17612.5, 'Thor Cudd');
insert into TB_FUNCIONARIO (ID_FUNCIONARIO, ID_COMPANHIA_AEREA, ID_CARGO, VL_SALARIO, NM_NOME_FUNCIONARIO) values (332, 3, 1, 23366.79, 'Dane Kubec');
insert into TB_FUNCIONARIO (ID_FUNCIONARIO, ID_COMPANHIA_AEREA, ID_CARGO, VL_SALARIO, NM_NOME_FUNCIONARIO) values (333, 1, 5, 20740.61, 'Terese Gore');
insert into TB_FUNCIONARIO (ID_FUNCIONARIO, ID_COMPANHIA_AEREA, ID_CARGO, VL_SALARIO, NM_NOME_FUNCIONARIO) values (334, 6, 1, 17875.39, 'Ophelie Brastead');
insert into TB_FUNCIONARIO (ID_FUNCIONARIO, ID_COMPANHIA_AEREA, ID_CARGO, VL_SALARIO, NM_NOME_FUNCIONARIO) values (335, 14, 7, 17107.18, 'Conrado Kilshaw');
insert into TB_FUNCIONARIO (ID_FUNCIONARIO, ID_COMPANHIA_AEREA, ID_CARGO, VL_SALARIO, NM_NOME_FUNCIONARIO) values (336, 13, 8, 8962.48, 'Lenette O''Canavan');
insert into TB_FUNCIONARIO (ID_FUNCIONARIO, ID_COMPANHIA_AEREA, ID_CARGO, VL_SALARIO, NM_NOME_FUNCIONARIO) values (337, 4, 3, 6243.14, 'Rhiamon Marzelle');
insert into TB_FUNCIONARIO (ID_FUNCIONARIO, ID_COMPANHIA_AEREA, ID_CARGO, VL_SALARIO, NM_NOME_FUNCIONARIO) values (338, 12, 3, 19773.32, 'Broddy Handrock');
insert into TB_FUNCIONARIO (ID_FUNCIONARIO, ID_COMPANHIA_AEREA, ID_CARGO, VL_SALARIO, NM_NOME_FUNCIONARIO) values (339, 3, 7, 18520.02, 'Ado Lauret');
insert into TB_FUNCIONARIO (ID_FUNCIONARIO, ID_COMPANHIA_AEREA, ID_CARGO, VL_SALARIO, NM_NOME_FUNCIONARIO) values (340, 15, 6, 13431.15, 'Gonzalo Yielding');
insert into TB_FUNCIONARIO (ID_FUNCIONARIO, ID_COMPANHIA_AEREA, ID_CARGO, VL_SALARIO, NM_NOME_FUNCIONARIO) values (341, 14, 2, 11444.95, 'Edmund Ballingal');
insert into TB_FUNCIONARIO (ID_FUNCIONARIO, ID_COMPANHIA_AEREA, ID_CARGO, VL_SALARIO, NM_NOME_FUNCIONARIO) values (342, 12, 5, 2582.82, 'Jamey Walpole');
insert into TB_FUNCIONARIO (ID_FUNCIONARIO, ID_COMPANHIA_AEREA, ID_CARGO, VL_SALARIO, NM_NOME_FUNCIONARIO) values (343, 2, 8, 12746.19, 'Karena Hould');
insert into TB_FUNCIONARIO (ID_FUNCIONARIO, ID_COMPANHIA_AEREA, ID_CARGO, VL_SALARIO, NM_NOME_FUNCIONARIO) values (344, 10, 2, 12677.18, 'Vassili McLorinan');
insert into TB_FUNCIONARIO (ID_FUNCIONARIO, ID_COMPANHIA_AEREA, ID_CARGO, VL_SALARIO, NM_NOME_FUNCIONARIO) values (345, 12, 5, 15879.01, 'Karon Plampeyn');
insert into TB_FUNCIONARIO (ID_FUNCIONARIO, ID_COMPANHIA_AEREA, ID_CARGO, VL_SALARIO, NM_NOME_FUNCIONARIO) values (346, 7, 7, 4837.84, 'Jackie Bailles');
insert into TB_FUNCIONARIO (ID_FUNCIONARIO, ID_COMPANHIA_AEREA, ID_CARGO, VL_SALARIO, NM_NOME_FUNCIONARIO) values (347, 10, 5, 11998.91, 'Caria Andreutti');
insert into TB_FUNCIONARIO (ID_FUNCIONARIO, ID_COMPANHIA_AEREA, ID_CARGO, VL_SALARIO, NM_NOME_FUNCIONARIO) values (348, 3, 1, 13944.71, 'Callean Thorby');
insert into TB_FUNCIONARIO (ID_FUNCIONARIO, ID_COMPANHIA_AEREA, ID_CARGO, VL_SALARIO, NM_NOME_FUNCIONARIO) values (349, 10, 1, 4323.67, 'Julie Tunnah');
insert into TB_FUNCIONARIO (ID_FUNCIONARIO, ID_COMPANHIA_AEREA, ID_CARGO, VL_SALARIO, NM_NOME_FUNCIONARIO) values (350, 13, 5, 10839.8, 'Monika Gribben');
insert into TB_FUNCIONARIO (ID_FUNCIONARIO, ID_COMPANHIA_AEREA, ID_CARGO, VL_SALARIO, NM_NOME_FUNCIONARIO) values (351, 13, 7, 24499.31, 'Inglebert Cousans');
insert into TB_FUNCIONARIO (ID_FUNCIONARIO, ID_COMPANHIA_AEREA, ID_CARGO, VL_SALARIO, NM_NOME_FUNCIONARIO) values (352, 2, 8, 9291.78, 'Kirbee Entres');
insert into TB_FUNCIONARIO (ID_FUNCIONARIO, ID_COMPANHIA_AEREA, ID_CARGO, VL_SALARIO, NM_NOME_FUNCIONARIO) values (353, 4, 4, 8726.95, 'Justina Martensen');
insert into TB_FUNCIONARIO (ID_FUNCIONARIO, ID_COMPANHIA_AEREA, ID_CARGO, VL_SALARIO, NM_NOME_FUNCIONARIO) values (354, 4, 7, 22258.81, 'Shir Bowle');
insert into TB_FUNCIONARIO (ID_FUNCIONARIO, ID_COMPANHIA_AEREA, ID_CARGO, VL_SALARIO, NM_NOME_FUNCIONARIO) values (355, 13, 2, 11996.58, 'Denna Kinahan');
insert into TB_FUNCIONARIO (ID_FUNCIONARIO, ID_COMPANHIA_AEREA, ID_CARGO, VL_SALARIO, NM_NOME_FUNCIONARIO) values (356, 15, 1, 12651.66, 'Cosette Anyon');
insert into TB_FUNCIONARIO (ID_FUNCIONARIO, ID_COMPANHIA_AEREA, ID_CARGO, VL_SALARIO, NM_NOME_FUNCIONARIO) values (357, 5, 6, 14340.0, 'Stewart Sinnock');
insert into TB_FUNCIONARIO (ID_FUNCIONARIO, ID_COMPANHIA_AEREA, ID_CARGO, VL_SALARIO, NM_NOME_FUNCIONARIO) values (358, 4, 6, 23029.96, 'Gay Collop');
insert into TB_FUNCIONARIO (ID_FUNCIONARIO, ID_COMPANHIA_AEREA, ID_CARGO, VL_SALARIO, NM_NOME_FUNCIONARIO) values (359, 15, 2, 19066.06, 'Archibaldo Suggett');
insert into TB_FUNCIONARIO (ID_FUNCIONARIO, ID_COMPANHIA_AEREA, ID_CARGO, VL_SALARIO, NM_NOME_FUNCIONARIO) values (360, 1, 4, 11759.59, 'Farand Forrester');
insert into TB_FUNCIONARIO (ID_FUNCIONARIO, ID_COMPANHIA_AEREA, ID_CARGO, VL_SALARIO, NM_NOME_FUNCIONARIO) values (361, 11, 3, 19560.16, 'Mamie Marchiso');
insert into TB_FUNCIONARIO (ID_FUNCIONARIO, ID_COMPANHIA_AEREA, ID_CARGO, VL_SALARIO, NM_NOME_FUNCIONARIO) values (362, 3, 1, 2933.04, 'Enrique Scoggan');
insert into TB_FUNCIONARIO (ID_FUNCIONARIO, ID_COMPANHIA_AEREA, ID_CARGO, VL_SALARIO, NM_NOME_FUNCIONARIO) values (363, 8, 1, 11418.96, 'Chere Pell');
insert into TB_FUNCIONARIO (ID_FUNCIONARIO, ID_COMPANHIA_AEREA, ID_CARGO, VL_SALARIO, NM_NOME_FUNCIONARIO) values (364, 12, 5, 6826.36, 'Dorian Reeveley');
insert into TB_FUNCIONARIO (ID_FUNCIONARIO, ID_COMPANHIA_AEREA, ID_CARGO, VL_SALARIO, NM_NOME_FUNCIONARIO) values (365, 7, 7, 12830.44, 'Kahaleel Cressingham');
insert into TB_FUNCIONARIO (ID_FUNCIONARIO, ID_COMPANHIA_AEREA, ID_CARGO, VL_SALARIO, NM_NOME_FUNCIONARIO) values (366, 9, 6, 9930.32, 'Charlena Balmforth');
insert into TB_FUNCIONARIO (ID_FUNCIONARIO, ID_COMPANHIA_AEREA, ID_CARGO, VL_SALARIO, NM_NOME_FUNCIONARIO) values (367, 11, 8, 9461.14, 'Jori Gilloran');
insert into TB_FUNCIONARIO (ID_FUNCIONARIO, ID_COMPANHIA_AEREA, ID_CARGO, VL_SALARIO, NM_NOME_FUNCIONARIO) values (368, 10, 5, 6947.18, 'Baily Wheeldon');
insert into TB_FUNCIONARIO (ID_FUNCIONARIO, ID_COMPANHIA_AEREA, ID_CARGO, VL_SALARIO, NM_NOME_FUNCIONARIO) values (369, 2, 3, 10250.08, 'Domeniga Kiessel');
insert into TB_FUNCIONARIO (ID_FUNCIONARIO, ID_COMPANHIA_AEREA, ID_CARGO, VL_SALARIO, NM_NOME_FUNCIONARIO) values (370, 12, 7, 3828.48, 'Marcel Lemasney');
insert into TB_FUNCIONARIO (ID_FUNCIONARIO, ID_COMPANHIA_AEREA, ID_CARGO, VL_SALARIO, NM_NOME_FUNCIONARIO) values (371, 10, 6, 23190.94, 'Glynis Ziems');
insert into TB_FUNCIONARIO (ID_FUNCIONARIO, ID_COMPANHIA_AEREA, ID_CARGO, VL_SALARIO, NM_NOME_FUNCIONARIO) values (372, 12, 7, 19783.56, 'Luce Giblin');
insert into TB_FUNCIONARIO (ID_FUNCIONARIO, ID_COMPANHIA_AEREA, ID_CARGO, VL_SALARIO, NM_NOME_FUNCIONARIO) values (373, 6, 7, 12940.36, 'Cullen Lipprose');
insert into TB_FUNCIONARIO (ID_FUNCIONARIO, ID_COMPANHIA_AEREA, ID_CARGO, VL_SALARIO, NM_NOME_FUNCIONARIO) values (374, 11, 4, 17367.02, 'Wilow Monery');
insert into TB_FUNCIONARIO (ID_FUNCIONARIO, ID_COMPANHIA_AEREA, ID_CARGO, VL_SALARIO, NM_NOME_FUNCIONARIO) values (375, 11, 7, 10389.99, 'Rolfe Hariot');
insert into TB_FUNCIONARIO (ID_FUNCIONARIO, ID_COMPANHIA_AEREA, ID_CARGO, VL_SALARIO, NM_NOME_FUNCIONARIO) values (376, 1, 7, 22100.26, 'Hadleigh Huffer');
insert into TB_FUNCIONARIO (ID_FUNCIONARIO, ID_COMPANHIA_AEREA, ID_CARGO, VL_SALARIO, NM_NOME_FUNCIONARIO) values (377, 12, 3, 2198.13, 'Aldwin Terlinden');
insert into TB_FUNCIONARIO (ID_FUNCIONARIO, ID_COMPANHIA_AEREA, ID_CARGO, VL_SALARIO, NM_NOME_FUNCIONARIO) values (378, 7, 3, 20086.14, 'Packston Petlyura');
insert into TB_FUNCIONARIO (ID_FUNCIONARIO, ID_COMPANHIA_AEREA, ID_CARGO, VL_SALARIO, NM_NOME_FUNCIONARIO) values (379, 5, 6, 3834.55, 'Vikky Haselden');
insert into TB_FUNCIONARIO (ID_FUNCIONARIO, ID_COMPANHIA_AEREA, ID_CARGO, VL_SALARIO, NM_NOME_FUNCIONARIO) values (380, 11, 1, 11709.54, 'Lindy Shillingford');
insert into TB_FUNCIONARIO (ID_FUNCIONARIO, ID_COMPANHIA_AEREA, ID_CARGO, VL_SALARIO, NM_NOME_FUNCIONARIO) values (381, 11, 8, 16341.29, 'Gordon Gwilliam');
insert into TB_FUNCIONARIO (ID_FUNCIONARIO, ID_COMPANHIA_AEREA, ID_CARGO, VL_SALARIO, NM_NOME_FUNCIONARIO) values (382, 4, 4, 18849.89, 'Merrielle Gyver');
insert into TB_FUNCIONARIO (ID_FUNCIONARIO, ID_COMPANHIA_AEREA, ID_CARGO, VL_SALARIO, NM_NOME_FUNCIONARIO) values (383, 8, 8, 12189.03, 'Jeanelle Rainon');
insert into TB_FUNCIONARIO (ID_FUNCIONARIO, ID_COMPANHIA_AEREA, ID_CARGO, VL_SALARIO, NM_NOME_FUNCIONARIO) values (384, 6, 7, 22388.47, 'Orran McElhinney');
insert into TB_FUNCIONARIO (ID_FUNCIONARIO, ID_COMPANHIA_AEREA, ID_CARGO, VL_SALARIO, NM_NOME_FUNCIONARIO) values (385, 15, 7, 16832.08, 'Doralin Keates');
insert into TB_FUNCIONARIO (ID_FUNCIONARIO, ID_COMPANHIA_AEREA, ID_CARGO, VL_SALARIO, NM_NOME_FUNCIONARIO) values (386, 11, 6, 11996.26, 'Waldemar Botly');
insert into TB_FUNCIONARIO (ID_FUNCIONARIO, ID_COMPANHIA_AEREA, ID_CARGO, VL_SALARIO, NM_NOME_FUNCIONARIO) values (387, 8, 4, 7867.33, 'Flossy Molen');
insert into TB_FUNCIONARIO (ID_FUNCIONARIO, ID_COMPANHIA_AEREA, ID_CARGO, VL_SALARIO, NM_NOME_FUNCIONARIO) values (388, 13, 2, 22744.5, 'Kit Caro');
insert into TB_FUNCIONARIO (ID_FUNCIONARIO, ID_COMPANHIA_AEREA, ID_CARGO, VL_SALARIO, NM_NOME_FUNCIONARIO) values (389, 7, 3, 16320.37, 'Jamie Wraith');
insert into TB_FUNCIONARIO (ID_FUNCIONARIO, ID_COMPANHIA_AEREA, ID_CARGO, VL_SALARIO, NM_NOME_FUNCIONARIO) values (390, 8, 3, 6503.65, 'Milena Leale');
insert into TB_FUNCIONARIO (ID_FUNCIONARIO, ID_COMPANHIA_AEREA, ID_CARGO, VL_SALARIO, NM_NOME_FUNCIONARIO) values (391, 14, 5, 16021.23, 'Zahara Summerill');
insert into TB_FUNCIONARIO (ID_FUNCIONARIO, ID_COMPANHIA_AEREA, ID_CARGO, VL_SALARIO, NM_NOME_FUNCIONARIO) values (392, 8, 7, 5042.57, 'Lorianne Cornwell');
insert into TB_FUNCIONARIO (ID_FUNCIONARIO, ID_COMPANHIA_AEREA, ID_CARGO, VL_SALARIO, NM_NOME_FUNCIONARIO) values (393, 5, 4, 11272.37, 'Audy Melsome');
insert into TB_FUNCIONARIO (ID_FUNCIONARIO, ID_COMPANHIA_AEREA, ID_CARGO, VL_SALARIO, NM_NOME_FUNCIONARIO) values (394, 4, 3, 12962.91, 'Diana Sandbrook');
insert into TB_FUNCIONARIO (ID_FUNCIONARIO, ID_COMPANHIA_AEREA, ID_CARGO, VL_SALARIO, NM_NOME_FUNCIONARIO) values (395, 13, 1, 19233.92, 'Giffer Sail');
insert into TB_FUNCIONARIO (ID_FUNCIONARIO, ID_COMPANHIA_AEREA, ID_CARGO, VL_SALARIO, NM_NOME_FUNCIONARIO) values (396, 7, 7, 20944.79, 'Inglis Skates');
insert into TB_FUNCIONARIO (ID_FUNCIONARIO, ID_COMPANHIA_AEREA, ID_CARGO, VL_SALARIO, NM_NOME_FUNCIONARIO) values (397, 4, 8, 14898.0, 'Randie Whitten');
insert into TB_FUNCIONARIO (ID_FUNCIONARIO, ID_COMPANHIA_AEREA, ID_CARGO, VL_SALARIO, NM_NOME_FUNCIONARIO) values (398, 8, 2, 10927.43, 'Julita Pelosi');
insert into TB_FUNCIONARIO (ID_FUNCIONARIO, ID_COMPANHIA_AEREA, ID_CARGO, VL_SALARIO, NM_NOME_FUNCIONARIO) values (399, 10, 7, 3722.48, 'Josi Sleit');
insert into TB_FUNCIONARIO (ID_FUNCIONARIO, ID_COMPANHIA_AEREA, ID_CARGO, VL_SALARIO, NM_NOME_FUNCIONARIO) values (400, 4, 7, 20651.6, 'Lenee Goodsal');
insert into TB_FUNCIONARIO (ID_FUNCIONARIO, ID_COMPANHIA_AEREA, ID_CARGO, VL_SALARIO, NM_NOME_FUNCIONARIO) values (401, 15, 7, 19176.75, 'Dulcine Kike');
insert into TB_FUNCIONARIO (ID_FUNCIONARIO, ID_COMPANHIA_AEREA, ID_CARGO, VL_SALARIO, NM_NOME_FUNCIONARIO) values (402, 6, 1, 13251.59, 'Conroy Anwyl');
insert into TB_FUNCIONARIO (ID_FUNCIONARIO, ID_COMPANHIA_AEREA, ID_CARGO, VL_SALARIO, NM_NOME_FUNCIONARIO) values (403, 7, 5, 24908.26, 'Diena Costin');
insert into TB_FUNCIONARIO (ID_FUNCIONARIO, ID_COMPANHIA_AEREA, ID_CARGO, VL_SALARIO, NM_NOME_FUNCIONARIO) values (404, 8, 7, 13325.34, 'Cecil Heggie');
insert into TB_FUNCIONARIO (ID_FUNCIONARIO, ID_COMPANHIA_AEREA, ID_CARGO, VL_SALARIO, NM_NOME_FUNCIONARIO) values (405, 12, 1, 2386.66, 'Felizio Wards');
insert into TB_FUNCIONARIO (ID_FUNCIONARIO, ID_COMPANHIA_AEREA, ID_CARGO, VL_SALARIO, NM_NOME_FUNCIONARIO) values (406, 10, 8, 7011.28, 'Anabal Rawood');
insert into TB_FUNCIONARIO (ID_FUNCIONARIO, ID_COMPANHIA_AEREA, ID_CARGO, VL_SALARIO, NM_NOME_FUNCIONARIO) values (407, 10, 4, 3351.51, 'Ogdon Sexstone');
insert into TB_FUNCIONARIO (ID_FUNCIONARIO, ID_COMPANHIA_AEREA, ID_CARGO, VL_SALARIO, NM_NOME_FUNCIONARIO) values (408, 6, 7, 16722.97, 'Adham Dutt');
insert into TB_FUNCIONARIO (ID_FUNCIONARIO, ID_COMPANHIA_AEREA, ID_CARGO, VL_SALARIO, NM_NOME_FUNCIONARIO) values (409, 9, 1, 3689.93, 'Gerri Pelerin');
insert into TB_FUNCIONARIO (ID_FUNCIONARIO, ID_COMPANHIA_AEREA, ID_CARGO, VL_SALARIO, NM_NOME_FUNCIONARIO) values (410, 14, 5, 20086.72, 'Cobbie Nisius');
insert into TB_FUNCIONARIO (ID_FUNCIONARIO, ID_COMPANHIA_AEREA, ID_CARGO, VL_SALARIO, NM_NOME_FUNCIONARIO) values (411, 10, 2, 23280.21, 'Bond Hollibone');
insert into TB_FUNCIONARIO (ID_FUNCIONARIO, ID_COMPANHIA_AEREA, ID_CARGO, VL_SALARIO, NM_NOME_FUNCIONARIO) values (412, 15, 5, 2063.67, 'Margalit Klinck');
insert into TB_FUNCIONARIO (ID_FUNCIONARIO, ID_COMPANHIA_AEREA, ID_CARGO, VL_SALARIO, NM_NOME_FUNCIONARIO) values (413, 11, 3, 13724.76, 'Cam Walduck');
insert into TB_FUNCIONARIO (ID_FUNCIONARIO, ID_COMPANHIA_AEREA, ID_CARGO, VL_SALARIO, NM_NOME_FUNCIONARIO) values (414, 6, 4, 24702.78, 'Tamera Ker');
insert into TB_FUNCIONARIO (ID_FUNCIONARIO, ID_COMPANHIA_AEREA, ID_CARGO, VL_SALARIO, NM_NOME_FUNCIONARIO) values (415, 4, 1, 9437.46, 'Kaile Slowcock');
insert into TB_FUNCIONARIO (ID_FUNCIONARIO, ID_COMPANHIA_AEREA, ID_CARGO, VL_SALARIO, NM_NOME_FUNCIONARIO) values (416, 1, 8, 19782.76, 'Bryn Cockram');
insert into TB_FUNCIONARIO (ID_FUNCIONARIO, ID_COMPANHIA_AEREA, ID_CARGO, VL_SALARIO, NM_NOME_FUNCIONARIO) values (417, 3, 7, 18279.59, 'Roxi Balchin');
insert into TB_FUNCIONARIO (ID_FUNCIONARIO, ID_COMPANHIA_AEREA, ID_CARGO, VL_SALARIO, NM_NOME_FUNCIONARIO) values (418, 3, 3, 5035.93, 'Rogers Beverage');
insert into TB_FUNCIONARIO (ID_FUNCIONARIO, ID_COMPANHIA_AEREA, ID_CARGO, VL_SALARIO, NM_NOME_FUNCIONARIO) values (419, 13, 1, 24111.83, 'Max Blakeston');
insert into TB_FUNCIONARIO (ID_FUNCIONARIO, ID_COMPANHIA_AEREA, ID_CARGO, VL_SALARIO, NM_NOME_FUNCIONARIO) values (420, 11, 4, 17724.04, 'Milka MacDiarmond');
insert into TB_FUNCIONARIO (ID_FUNCIONARIO, ID_COMPANHIA_AEREA, ID_CARGO, VL_SALARIO, NM_NOME_FUNCIONARIO) values (421, 12, 1, 12160.6, 'Orson Teggin');
insert into TB_FUNCIONARIO (ID_FUNCIONARIO, ID_COMPANHIA_AEREA, ID_CARGO, VL_SALARIO, NM_NOME_FUNCIONARIO) values (422, 11, 4, 22682.75, 'Monte Gillooly');
insert into TB_FUNCIONARIO (ID_FUNCIONARIO, ID_COMPANHIA_AEREA, ID_CARGO, VL_SALARIO, NM_NOME_FUNCIONARIO) values (423, 3, 6, 17837.42, 'Chantal Lukock');
insert into TB_FUNCIONARIO (ID_FUNCIONARIO, ID_COMPANHIA_AEREA, ID_CARGO, VL_SALARIO, NM_NOME_FUNCIONARIO) values (424, 3, 7, 17814.4, 'Rhianon Ashmole');
insert into TB_FUNCIONARIO (ID_FUNCIONARIO, ID_COMPANHIA_AEREA, ID_CARGO, VL_SALARIO, NM_NOME_FUNCIONARIO) values (425, 7, 5, 22194.37, 'Rudolph Strachan');
insert into TB_FUNCIONARIO (ID_FUNCIONARIO, ID_COMPANHIA_AEREA, ID_CARGO, VL_SALARIO, NM_NOME_FUNCIONARIO) values (426, 7, 7, 17606.9, 'Kanya Rasell');
insert into TB_FUNCIONARIO (ID_FUNCIONARIO, ID_COMPANHIA_AEREA, ID_CARGO, VL_SALARIO, NM_NOME_FUNCIONARIO) values (427, 15, 2, 2534.48, 'Morgun Raycroft');
insert into TB_FUNCIONARIO (ID_FUNCIONARIO, ID_COMPANHIA_AEREA, ID_CARGO, VL_SALARIO, NM_NOME_FUNCIONARIO) values (428, 15, 4, 3929.02, 'Elvera Dorn');
insert into TB_FUNCIONARIO (ID_FUNCIONARIO, ID_COMPANHIA_AEREA, ID_CARGO, VL_SALARIO, NM_NOME_FUNCIONARIO) values (429, 10, 5, 21241.74, 'Myrtice Hartill');
insert into TB_FUNCIONARIO (ID_FUNCIONARIO, ID_COMPANHIA_AEREA, ID_CARGO, VL_SALARIO, NM_NOME_FUNCIONARIO) values (430, 14, 1, 22482.04, 'Vicky Clementson');
insert into TB_FUNCIONARIO (ID_FUNCIONARIO, ID_COMPANHIA_AEREA, ID_CARGO, VL_SALARIO, NM_NOME_FUNCIONARIO) values (431, 14, 2, 6002.8, 'Care McNerlin');
insert into TB_FUNCIONARIO (ID_FUNCIONARIO, ID_COMPANHIA_AEREA, ID_CARGO, VL_SALARIO, NM_NOME_FUNCIONARIO) values (432, 6, 5, 17268.05, 'Marlee Spark');
insert into TB_FUNCIONARIO (ID_FUNCIONARIO, ID_COMPANHIA_AEREA, ID_CARGO, VL_SALARIO, NM_NOME_FUNCIONARIO) values (433, 3, 4, 18162.54, 'Allistir Choffin');
insert into TB_FUNCIONARIO (ID_FUNCIONARIO, ID_COMPANHIA_AEREA, ID_CARGO, VL_SALARIO, NM_NOME_FUNCIONARIO) values (434, 1, 5, 4310.13, 'Roland Rendle');
insert into TB_FUNCIONARIO (ID_FUNCIONARIO, ID_COMPANHIA_AEREA, ID_CARGO, VL_SALARIO, NM_NOME_FUNCIONARIO) values (435, 12, 3, 12653.52, 'Sheeree Tebbs');
insert into TB_FUNCIONARIO (ID_FUNCIONARIO, ID_COMPANHIA_AEREA, ID_CARGO, VL_SALARIO, NM_NOME_FUNCIONARIO) values (436, 2, 1, 9680.84, 'Avivah Gallyon');
insert into TB_FUNCIONARIO (ID_FUNCIONARIO, ID_COMPANHIA_AEREA, ID_CARGO, VL_SALARIO, NM_NOME_FUNCIONARIO) values (437, 9, 4, 22378.15, 'Josey Lydford');
insert into TB_FUNCIONARIO (ID_FUNCIONARIO, ID_COMPANHIA_AEREA, ID_CARGO, VL_SALARIO, NM_NOME_FUNCIONARIO) values (438, 11, 3, 11406.79, 'Belva Goldes');
insert into TB_FUNCIONARIO (ID_FUNCIONARIO, ID_COMPANHIA_AEREA, ID_CARGO, VL_SALARIO, NM_NOME_FUNCIONARIO) values (439, 4, 4, 8217.2, 'Emmey McFaul');
insert into TB_FUNCIONARIO (ID_FUNCIONARIO, ID_COMPANHIA_AEREA, ID_CARGO, VL_SALARIO, NM_NOME_FUNCIONARIO) values (440, 5, 2, 15032.6, 'Glynis Rossbrooke');
insert into TB_FUNCIONARIO (ID_FUNCIONARIO, ID_COMPANHIA_AEREA, ID_CARGO, VL_SALARIO, NM_NOME_FUNCIONARIO) values (441, 3, 7, 14246.58, 'Reggie Rummin');
insert into TB_FUNCIONARIO (ID_FUNCIONARIO, ID_COMPANHIA_AEREA, ID_CARGO, VL_SALARIO, NM_NOME_FUNCIONARIO) values (442, 9, 7, 5370.92, 'Eal Dyka');
insert into TB_FUNCIONARIO (ID_FUNCIONARIO, ID_COMPANHIA_AEREA, ID_CARGO, VL_SALARIO, NM_NOME_FUNCIONARIO) values (443, 7, 6, 23592.05, 'Jolyn Bockman');
insert into TB_FUNCIONARIO (ID_FUNCIONARIO, ID_COMPANHIA_AEREA, ID_CARGO, VL_SALARIO, NM_NOME_FUNCIONARIO) values (444, 4, 5, 12084.68, 'Gerda Koschke');
insert into TB_FUNCIONARIO (ID_FUNCIONARIO, ID_COMPANHIA_AEREA, ID_CARGO, VL_SALARIO, NM_NOME_FUNCIONARIO) values (445, 9, 1, 8366.52, 'Catlaina Hamshere');
insert into TB_FUNCIONARIO (ID_FUNCIONARIO, ID_COMPANHIA_AEREA, ID_CARGO, VL_SALARIO, NM_NOME_FUNCIONARIO) values (446, 13, 8, 11400.13, 'Caitrin Sandels');
insert into TB_FUNCIONARIO (ID_FUNCIONARIO, ID_COMPANHIA_AEREA, ID_CARGO, VL_SALARIO, NM_NOME_FUNCIONARIO) values (447, 12, 6, 16122.6, 'Georgeanna Luddy');
insert into TB_FUNCIONARIO (ID_FUNCIONARIO, ID_COMPANHIA_AEREA, ID_CARGO, VL_SALARIO, NM_NOME_FUNCIONARIO) values (448, 2, 4, 12785.21, 'Anselm Niland');
insert into TB_FUNCIONARIO (ID_FUNCIONARIO, ID_COMPANHIA_AEREA, ID_CARGO, VL_SALARIO, NM_NOME_FUNCIONARIO) values (449, 10, 5, 6893.6, 'Had De Matteis');
insert into TB_FUNCIONARIO (ID_FUNCIONARIO, ID_COMPANHIA_AEREA, ID_CARGO, VL_SALARIO, NM_NOME_FUNCIONARIO) values (450, 8, 8, 13217.69, 'Edie Pele');
insert into TB_FUNCIONARIO (ID_FUNCIONARIO, ID_COMPANHIA_AEREA, ID_CARGO, VL_SALARIO, NM_NOME_FUNCIONARIO) values (451, 4, 4, 17083.82, 'Tull Buttrick');
insert into TB_FUNCIONARIO (ID_FUNCIONARIO, ID_COMPANHIA_AEREA, ID_CARGO, VL_SALARIO, NM_NOME_FUNCIONARIO) values (452, 6, 1, 10566.98, 'Nil Ashbe');
insert into TB_FUNCIONARIO (ID_FUNCIONARIO, ID_COMPANHIA_AEREA, ID_CARGO, VL_SALARIO, NM_NOME_FUNCIONARIO) values (453, 5, 6, 20161.32, 'Candi Fink');
insert into TB_FUNCIONARIO (ID_FUNCIONARIO, ID_COMPANHIA_AEREA, ID_CARGO, VL_SALARIO, NM_NOME_FUNCIONARIO) values (454, 6, 2, 16897.23, 'Alic Uppett');
insert into TB_FUNCIONARIO (ID_FUNCIONARIO, ID_COMPANHIA_AEREA, ID_CARGO, VL_SALARIO, NM_NOME_FUNCIONARIO) values (455, 3, 7, 9598.81, 'Luella Pehrsson');
insert into TB_FUNCIONARIO (ID_FUNCIONARIO, ID_COMPANHIA_AEREA, ID_CARGO, VL_SALARIO, NM_NOME_FUNCIONARIO) values (456, 3, 6, 17540.6, 'Krissie Coldbath');
insert into TB_FUNCIONARIO (ID_FUNCIONARIO, ID_COMPANHIA_AEREA, ID_CARGO, VL_SALARIO, NM_NOME_FUNCIONARIO) values (457, 11, 5, 20318.53, 'Bastian Clausen-Thue');
insert into TB_FUNCIONARIO (ID_FUNCIONARIO, ID_COMPANHIA_AEREA, ID_CARGO, VL_SALARIO, NM_NOME_FUNCIONARIO) values (458, 7, 5, 22122.54, 'Bernadine Tudball');
insert into TB_FUNCIONARIO (ID_FUNCIONARIO, ID_COMPANHIA_AEREA, ID_CARGO, VL_SALARIO, NM_NOME_FUNCIONARIO) values (459, 14, 5, 23966.54, 'Edd Garrique');
insert into TB_FUNCIONARIO (ID_FUNCIONARIO, ID_COMPANHIA_AEREA, ID_CARGO, VL_SALARIO, NM_NOME_FUNCIONARIO) values (460, 9, 1, 9141.44, 'Ula Goulborn');
insert into TB_FUNCIONARIO (ID_FUNCIONARIO, ID_COMPANHIA_AEREA, ID_CARGO, VL_SALARIO, NM_NOME_FUNCIONARIO) values (461, 10, 2, 12334.23, 'Emilia Raysdale');
insert into TB_FUNCIONARIO (ID_FUNCIONARIO, ID_COMPANHIA_AEREA, ID_CARGO, VL_SALARIO, NM_NOME_FUNCIONARIO) values (462, 12, 6, 14703.4, 'Barbi O''Neal');
insert into TB_FUNCIONARIO (ID_FUNCIONARIO, ID_COMPANHIA_AEREA, ID_CARGO, VL_SALARIO, NM_NOME_FUNCIONARIO) values (463, 5, 5, 10903.06, 'Kimball Weldrake');
insert into TB_FUNCIONARIO (ID_FUNCIONARIO, ID_COMPANHIA_AEREA, ID_CARGO, VL_SALARIO, NM_NOME_FUNCIONARIO) values (464, 11, 4, 13848.84, 'Lula Gyorgy');
insert into TB_FUNCIONARIO (ID_FUNCIONARIO, ID_COMPANHIA_AEREA, ID_CARGO, VL_SALARIO, NM_NOME_FUNCIONARIO) values (465, 6, 5, 15859.39, 'Matthias Doram');
insert into TB_FUNCIONARIO (ID_FUNCIONARIO, ID_COMPANHIA_AEREA, ID_CARGO, VL_SALARIO, NM_NOME_FUNCIONARIO) values (466, 4, 3, 8963.41, 'Candie Buckby');
insert into TB_FUNCIONARIO (ID_FUNCIONARIO, ID_COMPANHIA_AEREA, ID_CARGO, VL_SALARIO, NM_NOME_FUNCIONARIO) values (467, 9, 5, 14153.23, 'Humfried McGowing');
insert into TB_FUNCIONARIO (ID_FUNCIONARIO, ID_COMPANHIA_AEREA, ID_CARGO, VL_SALARIO, NM_NOME_FUNCIONARIO) values (468, 5, 8, 10800.75, 'Benji Vella');
insert into TB_FUNCIONARIO (ID_FUNCIONARIO, ID_COMPANHIA_AEREA, ID_CARGO, VL_SALARIO, NM_NOME_FUNCIONARIO) values (469, 13, 6, 20322.98, 'Gerrilee Meckiff');
insert into TB_FUNCIONARIO (ID_FUNCIONARIO, ID_COMPANHIA_AEREA, ID_CARGO, VL_SALARIO, NM_NOME_FUNCIONARIO) values (470, 5, 3, 19208.26, 'Bonnee Oldall');
insert into TB_FUNCIONARIO (ID_FUNCIONARIO, ID_COMPANHIA_AEREA, ID_CARGO, VL_SALARIO, NM_NOME_FUNCIONARIO) values (471, 6, 4, 15099.15, 'Emmanuel Jurasz');
insert into TB_FUNCIONARIO (ID_FUNCIONARIO, ID_COMPANHIA_AEREA, ID_CARGO, VL_SALARIO, NM_NOME_FUNCIONARIO) values (472, 8, 4, 15305.06, 'Jaquelin MacSkeaghan');
insert into TB_FUNCIONARIO (ID_FUNCIONARIO, ID_COMPANHIA_AEREA, ID_CARGO, VL_SALARIO, NM_NOME_FUNCIONARIO) values (473, 10, 6, 14242.07, 'Granville Atte-Stone');
insert into TB_FUNCIONARIO (ID_FUNCIONARIO, ID_COMPANHIA_AEREA, ID_CARGO, VL_SALARIO, NM_NOME_FUNCIONARIO) values (474, 4, 3, 16446.64, 'Orin Burleton');
insert into TB_FUNCIONARIO (ID_FUNCIONARIO, ID_COMPANHIA_AEREA, ID_CARGO, VL_SALARIO, NM_NOME_FUNCIONARIO) values (475, 13, 3, 19743.88, 'Wendy Brason');
insert into TB_FUNCIONARIO (ID_FUNCIONARIO, ID_COMPANHIA_AEREA, ID_CARGO, VL_SALARIO, NM_NOME_FUNCIONARIO) values (476, 3, 5, 17842.85, 'Sal Kitchiner');
insert into TB_FUNCIONARIO (ID_FUNCIONARIO, ID_COMPANHIA_AEREA, ID_CARGO, VL_SALARIO, NM_NOME_FUNCIONARIO) values (477, 14, 6, 23193.01, 'Alia Birchett');
insert into TB_FUNCIONARIO (ID_FUNCIONARIO, ID_COMPANHIA_AEREA, ID_CARGO, VL_SALARIO, NM_NOME_FUNCIONARIO) values (478, 14, 4, 17669.09, 'Verna Kindley');
insert into TB_FUNCIONARIO (ID_FUNCIONARIO, ID_COMPANHIA_AEREA, ID_CARGO, VL_SALARIO, NM_NOME_FUNCIONARIO) values (479, 3, 5, 20816.34, 'Susanne Bullene');
insert into TB_FUNCIONARIO (ID_FUNCIONARIO, ID_COMPANHIA_AEREA, ID_CARGO, VL_SALARIO, NM_NOME_FUNCIONARIO) values (480, 1, 3, 24106.44, 'Bank Server');
insert into TB_FUNCIONARIO (ID_FUNCIONARIO, ID_COMPANHIA_AEREA, ID_CARGO, VL_SALARIO, NM_NOME_FUNCIONARIO) values (481, 5, 7, 10331.75, 'Barth Pill');
insert into TB_FUNCIONARIO (ID_FUNCIONARIO, ID_COMPANHIA_AEREA, ID_CARGO, VL_SALARIO, NM_NOME_FUNCIONARIO) values (482, 6, 1, 14726.63, 'Joycelin Culpan');
insert into TB_FUNCIONARIO (ID_FUNCIONARIO, ID_COMPANHIA_AEREA, ID_CARGO, VL_SALARIO, NM_NOME_FUNCIONARIO) values (483, 4, 4, 14561.92, 'Eugenius Stillmann');
insert into TB_FUNCIONARIO (ID_FUNCIONARIO, ID_COMPANHIA_AEREA, ID_CARGO, VL_SALARIO, NM_NOME_FUNCIONARIO) values (484, 11, 1, 15890.92, 'Tabatha Ruane');
insert into TB_FUNCIONARIO (ID_FUNCIONARIO, ID_COMPANHIA_AEREA, ID_CARGO, VL_SALARIO, NM_NOME_FUNCIONARIO) values (485, 3, 6, 14226.91, 'Ula Quinsee');
insert into TB_FUNCIONARIO (ID_FUNCIONARIO, ID_COMPANHIA_AEREA, ID_CARGO, VL_SALARIO, NM_NOME_FUNCIONARIO) values (486, 5, 4, 5444.51, 'Blaire Eyam');
insert into TB_FUNCIONARIO (ID_FUNCIONARIO, ID_COMPANHIA_AEREA, ID_CARGO, VL_SALARIO, NM_NOME_FUNCIONARIO) values (487, 10, 7, 12996.51, 'Charmaine Volks');
insert into TB_FUNCIONARIO (ID_FUNCIONARIO, ID_COMPANHIA_AEREA, ID_CARGO, VL_SALARIO, NM_NOME_FUNCIONARIO) values (488, 10, 7, 19255.33, 'Yard Figgs');
insert into TB_FUNCIONARIO (ID_FUNCIONARIO, ID_COMPANHIA_AEREA, ID_CARGO, VL_SALARIO, NM_NOME_FUNCIONARIO) values (489, 10, 3, 5946.5, 'Shoshanna Wyrill');
insert into TB_FUNCIONARIO (ID_FUNCIONARIO, ID_COMPANHIA_AEREA, ID_CARGO, VL_SALARIO, NM_NOME_FUNCIONARIO) values (490, 11, 4, 9267.27, 'Pippa Sharpley');
insert into TB_FUNCIONARIO (ID_FUNCIONARIO, ID_COMPANHIA_AEREA, ID_CARGO, VL_SALARIO, NM_NOME_FUNCIONARIO) values (491, 15, 3, 6879.66, 'Skippy Guage');
insert into TB_FUNCIONARIO (ID_FUNCIONARIO, ID_COMPANHIA_AEREA, ID_CARGO, VL_SALARIO, NM_NOME_FUNCIONARIO) values (492, 8, 8, 20892.11, 'Edi Fredi');
insert into TB_FUNCIONARIO (ID_FUNCIONARIO, ID_COMPANHIA_AEREA, ID_CARGO, VL_SALARIO, NM_NOME_FUNCIONARIO) values (493, 11, 1, 5865.12, 'Bartram Poole');
insert into TB_FUNCIONARIO (ID_FUNCIONARIO, ID_COMPANHIA_AEREA, ID_CARGO, VL_SALARIO, NM_NOME_FUNCIONARIO) values (494, 13, 5, 9638.22, 'Kat Checketts');
insert into TB_FUNCIONARIO (ID_FUNCIONARIO, ID_COMPANHIA_AEREA, ID_CARGO, VL_SALARIO, NM_NOME_FUNCIONARIO) values (495, 7, 2, 16598.47, 'Vally Wilcinskis');
insert into TB_FUNCIONARIO (ID_FUNCIONARIO, ID_COMPANHIA_AEREA, ID_CARGO, VL_SALARIO, NM_NOME_FUNCIONARIO) values (496, 2, 6, 20461.69, 'Mame Grelak');
insert into TB_FUNCIONARIO (ID_FUNCIONARIO, ID_COMPANHIA_AEREA, ID_CARGO, VL_SALARIO, NM_NOME_FUNCIONARIO) values (497, 11, 6, 6058.93, 'Ellynn Ladlow');
insert into TB_FUNCIONARIO (ID_FUNCIONARIO, ID_COMPANHIA_AEREA, ID_CARGO, VL_SALARIO, NM_NOME_FUNCIONARIO) values (498, 12, 3, 22588.48, 'Buddie Haine');
insert into TB_FUNCIONARIO (ID_FUNCIONARIO, ID_COMPANHIA_AEREA, ID_CARGO, VL_SALARIO, NM_NOME_FUNCIONARIO) values (499, 13, 6, 2057.07, 'Job O''Mannion');
insert into TB_FUNCIONARIO (ID_FUNCIONARIO, ID_COMPANHIA_AEREA, ID_CARGO, VL_SALARIO, NM_NOME_FUNCIONARIO) values (500, 12, 8, 13098.75, 'Tasha Perez');
insert into TB_FUNCIONARIO (ID_FUNCIONARIO, ID_COMPANHIA_AEREA, ID_CARGO, VL_SALARIO, NM_NOME_FUNCIONARIO) values (501, 4, 3, 3708.39, 'Orland Bayly');
insert into TB_FUNCIONARIO (ID_FUNCIONARIO, ID_COMPANHIA_AEREA, ID_CARGO, VL_SALARIO, NM_NOME_FUNCIONARIO) values (502, 12, 2, 10289.58, 'Oran Triggle');
insert into TB_FUNCIONARIO (ID_FUNCIONARIO, ID_COMPANHIA_AEREA, ID_CARGO, VL_SALARIO, NM_NOME_FUNCIONARIO) values (503, 7, 5, 4686.31, 'Grady Sybe');
insert into TB_FUNCIONARIO (ID_FUNCIONARIO, ID_COMPANHIA_AEREA, ID_CARGO, VL_SALARIO, NM_NOME_FUNCIONARIO) values (504, 8, 3, 14666.86, 'Zane Etheridge');
insert into TB_FUNCIONARIO (ID_FUNCIONARIO, ID_COMPANHIA_AEREA, ID_CARGO, VL_SALARIO, NM_NOME_FUNCIONARIO) values (505, 7, 7, 13807.6, 'Dalia Pritchett');
insert into TB_FUNCIONARIO (ID_FUNCIONARIO, ID_COMPANHIA_AEREA, ID_CARGO, VL_SALARIO, NM_NOME_FUNCIONARIO) values (506, 5, 8, 2962.74, 'Vonnie Want');
insert into TB_FUNCIONARIO (ID_FUNCIONARIO, ID_COMPANHIA_AEREA, ID_CARGO, VL_SALARIO, NM_NOME_FUNCIONARIO) values (507, 13, 1, 24896.95, 'Ailbert Trail');
insert into TB_FUNCIONARIO (ID_FUNCIONARIO, ID_COMPANHIA_AEREA, ID_CARGO, VL_SALARIO, NM_NOME_FUNCIONARIO) values (508, 10, 4, 5547.07, 'Alonzo Clarycott');
insert into TB_FUNCIONARIO (ID_FUNCIONARIO, ID_COMPANHIA_AEREA, ID_CARGO, VL_SALARIO, NM_NOME_FUNCIONARIO) values (509, 3, 2, 17834.92, 'Ayn Kavanagh');
insert into TB_FUNCIONARIO (ID_FUNCIONARIO, ID_COMPANHIA_AEREA, ID_CARGO, VL_SALARIO, NM_NOME_FUNCIONARIO) values (510, 10, 3, 22367.0, 'Deny Meighan');
insert into TB_FUNCIONARIO (ID_FUNCIONARIO, ID_COMPANHIA_AEREA, ID_CARGO, VL_SALARIO, NM_NOME_FUNCIONARIO) values (511, 8, 7, 15891.41, 'Hatti Salery');
insert into TB_FUNCIONARIO (ID_FUNCIONARIO, ID_COMPANHIA_AEREA, ID_CARGO, VL_SALARIO, NM_NOME_FUNCIONARIO) values (512, 2, 3, 8241.92, 'Evelyn Girsch');
insert into TB_FUNCIONARIO (ID_FUNCIONARIO, ID_COMPANHIA_AEREA, ID_CARGO, VL_SALARIO, NM_NOME_FUNCIONARIO) values (513, 15, 2, 20233.95, 'Courtney Finnemore');
insert into TB_FUNCIONARIO (ID_FUNCIONARIO, ID_COMPANHIA_AEREA, ID_CARGO, VL_SALARIO, NM_NOME_FUNCIONARIO) values (514, 13, 1, 9445.26, 'Devin Niece');
insert into TB_FUNCIONARIO (ID_FUNCIONARIO, ID_COMPANHIA_AEREA, ID_CARGO, VL_SALARIO, NM_NOME_FUNCIONARIO) values (515, 8, 6, 13576.01, 'Melinda Wanley');
insert into TB_FUNCIONARIO (ID_FUNCIONARIO, ID_COMPANHIA_AEREA, ID_CARGO, VL_SALARIO, NM_NOME_FUNCIONARIO) values (516, 4, 8, 7443.82, 'Kiel Cutmare');
insert into TB_FUNCIONARIO (ID_FUNCIONARIO, ID_COMPANHIA_AEREA, ID_CARGO, VL_SALARIO, NM_NOME_FUNCIONARIO) values (517, 1, 4, 15298.95, 'Mirabella Klossek');
insert into TB_FUNCIONARIO (ID_FUNCIONARIO, ID_COMPANHIA_AEREA, ID_CARGO, VL_SALARIO, NM_NOME_FUNCIONARIO) values (518, 10, 5, 14030.3, 'Rafaelita Wanstall');
insert into TB_FUNCIONARIO (ID_FUNCIONARIO, ID_COMPANHIA_AEREA, ID_CARGO, VL_SALARIO, NM_NOME_FUNCIONARIO) values (519, 15, 1, 20448.54, 'Nolie Holdworth');
insert into TB_FUNCIONARIO (ID_FUNCIONARIO, ID_COMPANHIA_AEREA, ID_CARGO, VL_SALARIO, NM_NOME_FUNCIONARIO) values (520, 11, 8, 15240.0, 'Ardis Takkos');
insert into TB_FUNCIONARIO (ID_FUNCIONARIO, ID_COMPANHIA_AEREA, ID_CARGO, VL_SALARIO, NM_NOME_FUNCIONARIO) values (521, 2, 8, 24808.82, 'Farley Williamson');
insert into TB_FUNCIONARIO (ID_FUNCIONARIO, ID_COMPANHIA_AEREA, ID_CARGO, VL_SALARIO, NM_NOME_FUNCIONARIO) values (522, 13, 7, 4342.23, 'Vernen Boissier');
insert into TB_FUNCIONARIO (ID_FUNCIONARIO, ID_COMPANHIA_AEREA, ID_CARGO, VL_SALARIO, NM_NOME_FUNCIONARIO) values (523, 7, 2, 20935.71, 'Roberta Hasnip');
insert into TB_FUNCIONARIO (ID_FUNCIONARIO, ID_COMPANHIA_AEREA, ID_CARGO, VL_SALARIO, NM_NOME_FUNCIONARIO) values (524, 13, 4, 19945.53, 'Archer Sirman');
insert into TB_FUNCIONARIO (ID_FUNCIONARIO, ID_COMPANHIA_AEREA, ID_CARGO, VL_SALARIO, NM_NOME_FUNCIONARIO) values (525, 9, 3, 8299.14, 'Effie MacGillacolm');
insert into TB_FUNCIONARIO (ID_FUNCIONARIO, ID_COMPANHIA_AEREA, ID_CARGO, VL_SALARIO, NM_NOME_FUNCIONARIO) values (526, 6, 8, 5052.05, 'Priscella Tales');
insert into TB_FUNCIONARIO (ID_FUNCIONARIO, ID_COMPANHIA_AEREA, ID_CARGO, VL_SALARIO, NM_NOME_FUNCIONARIO) values (527, 13, 2, 3386.65, 'Drusi Domnin');
insert into TB_FUNCIONARIO (ID_FUNCIONARIO, ID_COMPANHIA_AEREA, ID_CARGO, VL_SALARIO, NM_NOME_FUNCIONARIO) values (528, 13, 4, 22787.69, 'Daffy Gouck');
insert into TB_FUNCIONARIO (ID_FUNCIONARIO, ID_COMPANHIA_AEREA, ID_CARGO, VL_SALARIO, NM_NOME_FUNCIONARIO) values (529, 9, 5, 20646.64, 'Chico Easseby');
insert into TB_FUNCIONARIO (ID_FUNCIONARIO, ID_COMPANHIA_AEREA, ID_CARGO, VL_SALARIO, NM_NOME_FUNCIONARIO) values (530, 12, 6, 21179.61, 'Samaria Wudeland');
insert into TB_FUNCIONARIO (ID_FUNCIONARIO, ID_COMPANHIA_AEREA, ID_CARGO, VL_SALARIO, NM_NOME_FUNCIONARIO) values (531, 14, 1, 20690.95, 'Rockie Bardwall');
insert into TB_FUNCIONARIO (ID_FUNCIONARIO, ID_COMPANHIA_AEREA, ID_CARGO, VL_SALARIO, NM_NOME_FUNCIONARIO) values (532, 5, 3, 14112.81, 'Abraham Allery');
insert into TB_FUNCIONARIO (ID_FUNCIONARIO, ID_COMPANHIA_AEREA, ID_CARGO, VL_SALARIO, NM_NOME_FUNCIONARIO) values (533, 1, 8, 5080.66, 'Noemi MacKniely');
insert into TB_FUNCIONARIO (ID_FUNCIONARIO, ID_COMPANHIA_AEREA, ID_CARGO, VL_SALARIO, NM_NOME_FUNCIONARIO) values (534, 11, 8, 17741.4, 'Misty Smowton');
insert into TB_FUNCIONARIO (ID_FUNCIONARIO, ID_COMPANHIA_AEREA, ID_CARGO, VL_SALARIO, NM_NOME_FUNCIONARIO) values (535, 2, 8, 6695.68, 'Brit Darwent');
insert into TB_FUNCIONARIO (ID_FUNCIONARIO, ID_COMPANHIA_AEREA, ID_CARGO, VL_SALARIO, NM_NOME_FUNCIONARIO) values (536, 15, 5, 22780.69, 'Esta Winley');
insert into TB_FUNCIONARIO (ID_FUNCIONARIO, ID_COMPANHIA_AEREA, ID_CARGO, VL_SALARIO, NM_NOME_FUNCIONARIO) values (537, 7, 7, 17446.34, 'Shaun Locker');
insert into TB_FUNCIONARIO (ID_FUNCIONARIO, ID_COMPANHIA_AEREA, ID_CARGO, VL_SALARIO, NM_NOME_FUNCIONARIO) values (538, 12, 3, 16876.73, 'Brigg Upsale');
insert into TB_FUNCIONARIO (ID_FUNCIONARIO, ID_COMPANHIA_AEREA, ID_CARGO, VL_SALARIO, NM_NOME_FUNCIONARIO) values (539, 3, 3, 6474.68, 'Dale Richmont');
insert into TB_FUNCIONARIO (ID_FUNCIONARIO, ID_COMPANHIA_AEREA, ID_CARGO, VL_SALARIO, NM_NOME_FUNCIONARIO) values (540, 2, 5, 4005.68, 'Stavro Kobelt');
insert into TB_FUNCIONARIO (ID_FUNCIONARIO, ID_COMPANHIA_AEREA, ID_CARGO, VL_SALARIO, NM_NOME_FUNCIONARIO) values (541, 8, 2, 19377.42, 'Candra Every');
insert into TB_FUNCIONARIO (ID_FUNCIONARIO, ID_COMPANHIA_AEREA, ID_CARGO, VL_SALARIO, NM_NOME_FUNCIONARIO) values (542, 5, 4, 18869.22, 'Ariana Scorton');
insert into TB_FUNCIONARIO (ID_FUNCIONARIO, ID_COMPANHIA_AEREA, ID_CARGO, VL_SALARIO, NM_NOME_FUNCIONARIO) values (543, 14, 8, 15491.08, 'Gabe Mulcahy');
insert into TB_FUNCIONARIO (ID_FUNCIONARIO, ID_COMPANHIA_AEREA, ID_CARGO, VL_SALARIO, NM_NOME_FUNCIONARIO) values (544, 6, 4, 4450.39, 'Silvano Laroux');
insert into TB_FUNCIONARIO (ID_FUNCIONARIO, ID_COMPANHIA_AEREA, ID_CARGO, VL_SALARIO, NM_NOME_FUNCIONARIO) values (545, 5, 2, 21483.46, 'Allyce Meakes');
insert into TB_FUNCIONARIO (ID_FUNCIONARIO, ID_COMPANHIA_AEREA, ID_CARGO, VL_SALARIO, NM_NOME_FUNCIONARIO) values (546, 13, 3, 24327.36, 'Marylin Crolla');
insert into TB_FUNCIONARIO (ID_FUNCIONARIO, ID_COMPANHIA_AEREA, ID_CARGO, VL_SALARIO, NM_NOME_FUNCIONARIO) values (547, 7, 8, 6268.9, 'Berti Shakle');
insert into TB_FUNCIONARIO (ID_FUNCIONARIO, ID_COMPANHIA_AEREA, ID_CARGO, VL_SALARIO, NM_NOME_FUNCIONARIO) values (548, 7, 3, 5833.69, 'Leroy Doncaster');
insert into TB_FUNCIONARIO (ID_FUNCIONARIO, ID_COMPANHIA_AEREA, ID_CARGO, VL_SALARIO, NM_NOME_FUNCIONARIO) values (549, 9, 6, 5041.03, 'Ralina Lonsbrough');
insert into TB_FUNCIONARIO (ID_FUNCIONARIO, ID_COMPANHIA_AEREA, ID_CARGO, VL_SALARIO, NM_NOME_FUNCIONARIO) values (550, 3, 3, 9544.99, 'Maribel Lownie');
insert into TB_FUNCIONARIO (ID_FUNCIONARIO, ID_COMPANHIA_AEREA, ID_CARGO, VL_SALARIO, NM_NOME_FUNCIONARIO) values (551, 11, 6, 2553.9, 'Garwood Peizer');
insert into TB_FUNCIONARIO (ID_FUNCIONARIO, ID_COMPANHIA_AEREA, ID_CARGO, VL_SALARIO, NM_NOME_FUNCIONARIO) values (552, 6, 3, 13151.14, 'Natal Burch');
insert into TB_FUNCIONARIO (ID_FUNCIONARIO, ID_COMPANHIA_AEREA, ID_CARGO, VL_SALARIO, NM_NOME_FUNCIONARIO) values (553, 12, 8, 23726.95, 'Akim Hannabuss');
insert into TB_FUNCIONARIO (ID_FUNCIONARIO, ID_COMPANHIA_AEREA, ID_CARGO, VL_SALARIO, NM_NOME_FUNCIONARIO) values (554, 9, 7, 17412.11, 'Demetria Groome');
insert into TB_FUNCIONARIO (ID_FUNCIONARIO, ID_COMPANHIA_AEREA, ID_CARGO, VL_SALARIO, NM_NOME_FUNCIONARIO) values (555, 10, 1, 24643.85, 'Ardenia Mollin');
insert into TB_FUNCIONARIO (ID_FUNCIONARIO, ID_COMPANHIA_AEREA, ID_CARGO, VL_SALARIO, NM_NOME_FUNCIONARIO) values (556, 11, 1, 20506.53, 'Amery Tetther');
insert into TB_FUNCIONARIO (ID_FUNCIONARIO, ID_COMPANHIA_AEREA, ID_CARGO, VL_SALARIO, NM_NOME_FUNCIONARIO) values (557, 12, 1, 19794.47, 'Shelli Gareisr');
insert into TB_FUNCIONARIO (ID_FUNCIONARIO, ID_COMPANHIA_AEREA, ID_CARGO, VL_SALARIO, NM_NOME_FUNCIONARIO) values (558, 2, 6, 19100.02, 'Philippe Kildahl');
insert into TB_FUNCIONARIO (ID_FUNCIONARIO, ID_COMPANHIA_AEREA, ID_CARGO, VL_SALARIO, NM_NOME_FUNCIONARIO) values (559, 4, 4, 21340.0, 'Neale Donisi');
insert into TB_FUNCIONARIO (ID_FUNCIONARIO, ID_COMPANHIA_AEREA, ID_CARGO, VL_SALARIO, NM_NOME_FUNCIONARIO) values (560, 11, 8, 12936.22, 'Elvis Wilton');
insert into TB_FUNCIONARIO (ID_FUNCIONARIO, ID_COMPANHIA_AEREA, ID_CARGO, VL_SALARIO, NM_NOME_FUNCIONARIO) values (561, 3, 7, 10359.03, 'Georgeta Colbert');
insert into TB_FUNCIONARIO (ID_FUNCIONARIO, ID_COMPANHIA_AEREA, ID_CARGO, VL_SALARIO, NM_NOME_FUNCIONARIO) values (562, 5, 4, 7108.35, 'Murial Forst');
insert into TB_FUNCIONARIO (ID_FUNCIONARIO, ID_COMPANHIA_AEREA, ID_CARGO, VL_SALARIO, NM_NOME_FUNCIONARIO) values (563, 4, 3, 9886.27, 'Edvard Owbridge');
insert into TB_FUNCIONARIO (ID_FUNCIONARIO, ID_COMPANHIA_AEREA, ID_CARGO, VL_SALARIO, NM_NOME_FUNCIONARIO) values (564, 3, 6, 3558.11, 'Elberta Kiggel');
insert into TB_FUNCIONARIO (ID_FUNCIONARIO, ID_COMPANHIA_AEREA, ID_CARGO, VL_SALARIO, NM_NOME_FUNCIONARIO) values (565, 1, 1, 17620.06, 'Ram Lomax');
insert into TB_FUNCIONARIO (ID_FUNCIONARIO, ID_COMPANHIA_AEREA, ID_CARGO, VL_SALARIO, NM_NOME_FUNCIONARIO) values (566, 2, 1, 2186.47, 'Geraldine Boswood');
insert into TB_FUNCIONARIO (ID_FUNCIONARIO, ID_COMPANHIA_AEREA, ID_CARGO, VL_SALARIO, NM_NOME_FUNCIONARIO) values (567, 15, 3, 18067.36, 'Beitris Dahler');
insert into TB_FUNCIONARIO (ID_FUNCIONARIO, ID_COMPANHIA_AEREA, ID_CARGO, VL_SALARIO, NM_NOME_FUNCIONARIO) values (568, 4, 5, 7092.5, 'Mahmud Menis');
insert into TB_FUNCIONARIO (ID_FUNCIONARIO, ID_COMPANHIA_AEREA, ID_CARGO, VL_SALARIO, NM_NOME_FUNCIONARIO) values (569, 15, 5, 16299.05, 'Ardene Jays');
insert into TB_FUNCIONARIO (ID_FUNCIONARIO, ID_COMPANHIA_AEREA, ID_CARGO, VL_SALARIO, NM_NOME_FUNCIONARIO) values (570, 9, 7, 17029.55, 'Virgilio McCrudden');
insert into TB_FUNCIONARIO (ID_FUNCIONARIO, ID_COMPANHIA_AEREA, ID_CARGO, VL_SALARIO, NM_NOME_FUNCIONARIO) values (571, 13, 6, 20946.25, 'Robbie Lindstedt');
insert into TB_FUNCIONARIO (ID_FUNCIONARIO, ID_COMPANHIA_AEREA, ID_CARGO, VL_SALARIO, NM_NOME_FUNCIONARIO) values (572, 13, 4, 22813.53, 'Rickard Menichelli');
insert into TB_FUNCIONARIO (ID_FUNCIONARIO, ID_COMPANHIA_AEREA, ID_CARGO, VL_SALARIO, NM_NOME_FUNCIONARIO) values (573, 4, 4, 9529.6, 'Carce Boanas');
insert into TB_FUNCIONARIO (ID_FUNCIONARIO, ID_COMPANHIA_AEREA, ID_CARGO, VL_SALARIO, NM_NOME_FUNCIONARIO) values (574, 7, 4, 7007.66, 'Dulci Thomann');
insert into TB_FUNCIONARIO (ID_FUNCIONARIO, ID_COMPANHIA_AEREA, ID_CARGO, VL_SALARIO, NM_NOME_FUNCIONARIO) values (575, 1, 5, 8163.8, 'Riva Manchester');
insert into TB_FUNCIONARIO (ID_FUNCIONARIO, ID_COMPANHIA_AEREA, ID_CARGO, VL_SALARIO, NM_NOME_FUNCIONARIO) values (576, 4, 2, 16780.91, 'Brittany Mathis');
insert into TB_FUNCIONARIO (ID_FUNCIONARIO, ID_COMPANHIA_AEREA, ID_CARGO, VL_SALARIO, NM_NOME_FUNCIONARIO) values (577, 10, 6, 20063.56, 'Duffie Gregorin');
insert into TB_FUNCIONARIO (ID_FUNCIONARIO, ID_COMPANHIA_AEREA, ID_CARGO, VL_SALARIO, NM_NOME_FUNCIONARIO) values (578, 7, 1, 9371.54, 'Stafford Blanchard');
insert into TB_FUNCIONARIO (ID_FUNCIONARIO, ID_COMPANHIA_AEREA, ID_CARGO, VL_SALARIO, NM_NOME_FUNCIONARIO) values (579, 15, 3, 21741.79, 'Johnna Hakewell');
insert into TB_FUNCIONARIO (ID_FUNCIONARIO, ID_COMPANHIA_AEREA, ID_CARGO, VL_SALARIO, NM_NOME_FUNCIONARIO) values (580, 1, 1, 18869.59, 'Cristobal Corsor');
insert into TB_FUNCIONARIO (ID_FUNCIONARIO, ID_COMPANHIA_AEREA, ID_CARGO, VL_SALARIO, NM_NOME_FUNCIONARIO) values (581, 4, 2, 14796.84, 'Anatollo Stenners');
insert into TB_FUNCIONARIO (ID_FUNCIONARIO, ID_COMPANHIA_AEREA, ID_CARGO, VL_SALARIO, NM_NOME_FUNCIONARIO) values (582, 8, 3, 19660.84, 'Wolfie Mackrill');
insert into TB_FUNCIONARIO (ID_FUNCIONARIO, ID_COMPANHIA_AEREA, ID_CARGO, VL_SALARIO, NM_NOME_FUNCIONARIO) values (583, 8, 5, 22241.84, 'Janeen Ogus');
insert into TB_FUNCIONARIO (ID_FUNCIONARIO, ID_COMPANHIA_AEREA, ID_CARGO, VL_SALARIO, NM_NOME_FUNCIONARIO) values (584, 4, 5, 5661.53, 'Cross Sabate');
insert into TB_FUNCIONARIO (ID_FUNCIONARIO, ID_COMPANHIA_AEREA, ID_CARGO, VL_SALARIO, NM_NOME_FUNCIONARIO) values (585, 1, 5, 14949.81, 'Riccardo Sleigh');
insert into TB_FUNCIONARIO (ID_FUNCIONARIO, ID_COMPANHIA_AEREA, ID_CARGO, VL_SALARIO, NM_NOME_FUNCIONARIO) values (586, 7, 3, 9928.34, 'Atalanta Durdan');
insert into TB_FUNCIONARIO (ID_FUNCIONARIO, ID_COMPANHIA_AEREA, ID_CARGO, VL_SALARIO, NM_NOME_FUNCIONARIO) values (587, 2, 1, 3345.26, 'Meridel Goodinge');
insert into TB_FUNCIONARIO (ID_FUNCIONARIO, ID_COMPANHIA_AEREA, ID_CARGO, VL_SALARIO, NM_NOME_FUNCIONARIO) values (588, 9, 6, 22101.35, 'Richard Beeho');
insert into TB_FUNCIONARIO (ID_FUNCIONARIO, ID_COMPANHIA_AEREA, ID_CARGO, VL_SALARIO, NM_NOME_FUNCIONARIO) values (589, 10, 6, 5672.59, 'Emory Claye');
insert into TB_FUNCIONARIO (ID_FUNCIONARIO, ID_COMPANHIA_AEREA, ID_CARGO, VL_SALARIO, NM_NOME_FUNCIONARIO) values (590, 6, 5, 14680.47, 'Court Durgan');
insert into TB_FUNCIONARIO (ID_FUNCIONARIO, ID_COMPANHIA_AEREA, ID_CARGO, VL_SALARIO, NM_NOME_FUNCIONARIO) values (591, 15, 8, 20274.48, 'Barnie Huntly');
insert into TB_FUNCIONARIO (ID_FUNCIONARIO, ID_COMPANHIA_AEREA, ID_CARGO, VL_SALARIO, NM_NOME_FUNCIONARIO) values (592, 1, 8, 6054.93, 'Flossy Tarburn');
insert into TB_FUNCIONARIO (ID_FUNCIONARIO, ID_COMPANHIA_AEREA, ID_CARGO, VL_SALARIO, NM_NOME_FUNCIONARIO) values (593, 2, 4, 4735.61, 'Ania McIlwrick');
insert into TB_FUNCIONARIO (ID_FUNCIONARIO, ID_COMPANHIA_AEREA, ID_CARGO, VL_SALARIO, NM_NOME_FUNCIONARIO) values (594, 11, 1, 12586.01, 'Laurella Eam');
insert into TB_FUNCIONARIO (ID_FUNCIONARIO, ID_COMPANHIA_AEREA, ID_CARGO, VL_SALARIO, NM_NOME_FUNCIONARIO) values (595, 7, 6, 6365.09, 'Findlay Linggard');
insert into TB_FUNCIONARIO (ID_FUNCIONARIO, ID_COMPANHIA_AEREA, ID_CARGO, VL_SALARIO, NM_NOME_FUNCIONARIO) values (596, 10, 7, 23543.73, 'Ingelbert Gilliat');
insert into TB_FUNCIONARIO (ID_FUNCIONARIO, ID_COMPANHIA_AEREA, ID_CARGO, VL_SALARIO, NM_NOME_FUNCIONARIO) values (597, 2, 5, 22659.43, 'Lance Deble');
insert into TB_FUNCIONARIO (ID_FUNCIONARIO, ID_COMPANHIA_AEREA, ID_CARGO, VL_SALARIO, NM_NOME_FUNCIONARIO) values (598, 6, 6, 21650.0, 'Bette-ann Frill');
insert into TB_FUNCIONARIO (ID_FUNCIONARIO, ID_COMPANHIA_AEREA, ID_CARGO, VL_SALARIO, NM_NOME_FUNCIONARIO) values (599, 9, 8, 4373.75, 'Clifford Volett');
insert into TB_FUNCIONARIO (ID_FUNCIONARIO, ID_COMPANHIA_AEREA, ID_CARGO, VL_SALARIO, NM_NOME_FUNCIONARIO) values (600, 5, 6, 8710.94, 'Wally Barttrum');

-----------------------------------------------------------------------------------------------------------------------------------------------------------------
--------------------------------------------------------- INSERTS TABELA DE EMPRESAS DE ALIMENTAÇÃO
---------------------------------------------------------------------------------------------------------------------

insert into TB_EMPRESA_ALIMENTACAO (ID_EMPRESA_ALIMENTACAO, NM_NOME_EMPRESA_ALIMENTACAO) values (1, 'Olson-O''Reilly');
insert into TB_EMPRESA_ALIMENTACAO (ID_EMPRESA_ALIMENTACAO, NM_NOME_EMPRESA_ALIMENTACAO) values (2, 'Gleason-Hackett');
insert into TB_EMPRESA_ALIMENTACAO (ID_EMPRESA_ALIMENTACAO, NM_NOME_EMPRESA_ALIMENTACAO) values (3, 'Mitchell, Connelly and Pollich');
insert into TB_EMPRESA_ALIMENTACAO (ID_EMPRESA_ALIMENTACAO, NM_NOME_EMPRESA_ALIMENTACAO) values (4, 'Bartell Group');
insert into TB_EMPRESA_ALIMENTACAO (ID_EMPRESA_ALIMENTACAO, NM_NOME_EMPRESA_ALIMENTACAO) values (5, 'Rippin-Padberg');
insert into TB_EMPRESA_ALIMENTACAO (ID_EMPRESA_ALIMENTACAO, NM_NOME_EMPRESA_ALIMENTACAO) values (6, 'Konopelski, Thompson and Ernser');
insert into TB_EMPRESA_ALIMENTACAO (ID_EMPRESA_ALIMENTACAO, NM_NOME_EMPRESA_ALIMENTACAO) values (7, 'Gottlieb, Heaney and Davis');
insert into TB_EMPRESA_ALIMENTACAO (ID_EMPRESA_ALIMENTACAO, NM_NOME_EMPRESA_ALIMENTACAO) values (8, 'Vandervort Inc');
insert into TB_EMPRESA_ALIMENTACAO (ID_EMPRESA_ALIMENTACAO, NM_NOME_EMPRESA_ALIMENTACAO) values (9, 'Walsh LLC');
insert into TB_EMPRESA_ALIMENTACAO (ID_EMPRESA_ALIMENTACAO, NM_NOME_EMPRESA_ALIMENTACAO) values (10, 'Frami Inc');
insert into TB_EMPRESA_ALIMENTACAO (ID_EMPRESA_ALIMENTACAO, NM_NOME_EMPRESA_ALIMENTACAO) values (11, 'Daniel-Parisian');
insert into TB_EMPRESA_ALIMENTACAO (ID_EMPRESA_ALIMENTACAO, NM_NOME_EMPRESA_ALIMENTACAO) values (12, 'Schulist Inc');
insert into TB_EMPRESA_ALIMENTACAO (ID_EMPRESA_ALIMENTACAO, NM_NOME_EMPRESA_ALIMENTACAO) values (13, 'Stracke, Weimann and Wolf');
insert into TB_EMPRESA_ALIMENTACAO (ID_EMPRESA_ALIMENTACAO, NM_NOME_EMPRESA_ALIMENTACAO) values (14, 'Schmidt Group');
insert into TB_EMPRESA_ALIMENTACAO (ID_EMPRESA_ALIMENTACAO, NM_NOME_EMPRESA_ALIMENTACAO) values (15, 'Adams, Erdman and Koch');
insert into TB_EMPRESA_ALIMENTACAO (ID_EMPRESA_ALIMENTACAO, NM_NOME_EMPRESA_ALIMENTACAO) values (16, 'Mills-Rempel');
insert into TB_EMPRESA_ALIMENTACAO (ID_EMPRESA_ALIMENTACAO, NM_NOME_EMPRESA_ALIMENTACAO) values (17, 'Green Group');
insert into TB_EMPRESA_ALIMENTACAO (ID_EMPRESA_ALIMENTACAO, NM_NOME_EMPRESA_ALIMENTACAO) values (18, 'Bergstrom, Dickinson and Zieme');
insert into TB_EMPRESA_ALIMENTACAO (ID_EMPRESA_ALIMENTACAO, NM_NOME_EMPRESA_ALIMENTACAO) values (19, 'McLaughlin, Mante and Hagenes');
insert into TB_EMPRESA_ALIMENTACAO (ID_EMPRESA_ALIMENTACAO, NM_NOME_EMPRESA_ALIMENTACAO) values (20, 'Terry, Mertz and West');
insert into TB_EMPRESA_ALIMENTACAO (ID_EMPRESA_ALIMENTACAO, NM_NOME_EMPRESA_ALIMENTACAO) values (21, 'Robel-Terry');
insert into TB_EMPRESA_ALIMENTACAO (ID_EMPRESA_ALIMENTACAO, NM_NOME_EMPRESA_ALIMENTACAO) values (22, 'Mayer, Runolfsdottir and Gibson');
insert into TB_EMPRESA_ALIMENTACAO (ID_EMPRESA_ALIMENTACAO, NM_NOME_EMPRESA_ALIMENTACAO) values (23, 'Schamberger, Grady and Klocko');
insert into TB_EMPRESA_ALIMENTACAO (ID_EMPRESA_ALIMENTACAO, NM_NOME_EMPRESA_ALIMENTACAO) values (24, 'Roob Inc');
insert into TB_EMPRESA_ALIMENTACAO (ID_EMPRESA_ALIMENTACAO, NM_NOME_EMPRESA_ALIMENTACAO) values (25, 'Grady, Ferry and Cruickshank');
insert into TB_EMPRESA_ALIMENTACAO (ID_EMPRESA_ALIMENTACAO, NM_NOME_EMPRESA_ALIMENTACAO) values (26, 'Koelpin-Turner');
insert into TB_EMPRESA_ALIMENTACAO (ID_EMPRESA_ALIMENTACAO, NM_NOME_EMPRESA_ALIMENTACAO) values (27, 'Labadie LLC');
insert into TB_EMPRESA_ALIMENTACAO (ID_EMPRESA_ALIMENTACAO, NM_NOME_EMPRESA_ALIMENTACAO) values (28, 'Pouros Inc');
insert into TB_EMPRESA_ALIMENTACAO (ID_EMPRESA_ALIMENTACAO, NM_NOME_EMPRESA_ALIMENTACAO) values (29, 'Jenkins LLC');
insert into TB_EMPRESA_ALIMENTACAO (ID_EMPRESA_ALIMENTACAO, NM_NOME_EMPRESA_ALIMENTACAO) values (30, 'Kiehn, Runolfsson and Prohaska');
insert into TB_EMPRESA_ALIMENTACAO (ID_EMPRESA_ALIMENTACAO, NM_NOME_EMPRESA_ALIMENTACAO) values (31, 'Morissette LLC');
insert into TB_EMPRESA_ALIMENTACAO (ID_EMPRESA_ALIMENTACAO, NM_NOME_EMPRESA_ALIMENTACAO) values (32, 'Huel Group');
insert into TB_EMPRESA_ALIMENTACAO (ID_EMPRESA_ALIMENTACAO, NM_NOME_EMPRESA_ALIMENTACAO) values (33, 'Reichel, Fay and Deckow');
insert into TB_EMPRESA_ALIMENTACAO (ID_EMPRESA_ALIMENTACAO, NM_NOME_EMPRESA_ALIMENTACAO) values (34, 'Hane and Sons');
insert into TB_EMPRESA_ALIMENTACAO (ID_EMPRESA_ALIMENTACAO, NM_NOME_EMPRESA_ALIMENTACAO) values (35, 'Stroman Group');
insert into TB_EMPRESA_ALIMENTACAO (ID_EMPRESA_ALIMENTACAO, NM_NOME_EMPRESA_ALIMENTACAO) values (36, 'Flatley-Feeney');
insert into TB_EMPRESA_ALIMENTACAO (ID_EMPRESA_ALIMENTACAO, NM_NOME_EMPRESA_ALIMENTACAO) values (37, 'Lehner LLC');
insert into TB_EMPRESA_ALIMENTACAO (ID_EMPRESA_ALIMENTACAO, NM_NOME_EMPRESA_ALIMENTACAO) values (38, 'Lynch-Parisian');
insert into TB_EMPRESA_ALIMENTACAO (ID_EMPRESA_ALIMENTACAO, NM_NOME_EMPRESA_ALIMENTACAO) values (39, 'Barton Group');
insert into TB_EMPRESA_ALIMENTACAO (ID_EMPRESA_ALIMENTACAO, NM_NOME_EMPRESA_ALIMENTACAO) values (40, 'Paucek, Friesen and Satterfield');


----------------------------------------------------------------------------------------------------------
--------------------------------------------------- insert na tabela de serivço prestado
-------------------------------------------------------------------------------------------------------------

insert into TB_SERVICO_PRESTADO (ID_COMPANHIA_AEREA, ID_EMPRESA_ALIMENTACAO, DS_TIPO_CARDAPIO, VL_PRECO_CARDAPIO) values (13, 4, 'Comum', 13340.12);
insert into TB_SERVICO_PRESTADO (ID_COMPANHIA_AEREA, ID_EMPRESA_ALIMENTACAO, DS_TIPO_CARDAPIO, VL_PRECO_CARDAPIO) values (8, 20, 'Comum', 13142.8);
insert into TB_SERVICO_PRESTADO (ID_COMPANHIA_AEREA, ID_EMPRESA_ALIMENTACAO, DS_TIPO_CARDAPIO, VL_PRECO_CARDAPIO) values (14, 11, 'Afrodisíaco', 6867.89);
insert into TB_SERVICO_PRESTADO (ID_COMPANHIA_AEREA, ID_EMPRESA_ALIMENTACAO, DS_TIPO_CARDAPIO, VL_PRECO_CARDAPIO) values (2, 7, 'Vegetariano', 25067.85);
insert into TB_SERVICO_PRESTADO (ID_COMPANHIA_AEREA, ID_EMPRESA_ALIMENTACAO, DS_TIPO_CARDAPIO, VL_PRECO_CARDAPIO) values (4, 29, 'Completo', 19542.33);
insert into TB_SERVICO_PRESTADO (ID_COMPANHIA_AEREA, ID_EMPRESA_ALIMENTACAO, DS_TIPO_CARDAPIO, VL_PRECO_CARDAPIO) values (8, 12, 'Refinado', 14913.86);
insert into TB_SERVICO_PRESTADO (ID_COMPANHIA_AEREA, ID_EMPRESA_ALIMENTACAO, DS_TIPO_CARDAPIO, VL_PRECO_CARDAPIO) values (8, 12, 'Afrodisíaco', 23579.74);
insert into TB_SERVICO_PRESTADO (ID_COMPANHIA_AEREA, ID_EMPRESA_ALIMENTACAO, DS_TIPO_CARDAPIO, VL_PRECO_CARDAPIO) values (15, 27, 'Comum', 12727.59);
insert into TB_SERVICO_PRESTADO (ID_COMPANHIA_AEREA, ID_EMPRESA_ALIMENTACAO, DS_TIPO_CARDAPIO, VL_PRECO_CARDAPIO) values (5, 18, 'Fast Food', 10219.32);
insert into TB_SERVICO_PRESTADO (ID_COMPANHIA_AEREA, ID_EMPRESA_ALIMENTACAO, DS_TIPO_CARDAPIO, VL_PRECO_CARDAPIO) values (6, 37, 'Chinês', 14155.3);
insert into TB_SERVICO_PRESTADO (ID_COMPANHIA_AEREA, ID_EMPRESA_ALIMENTACAO, DS_TIPO_CARDAPIO, VL_PRECO_CARDAPIO) values (8, 23, 'Japonês', 18618.96);
insert into TB_SERVICO_PRESTADO (ID_COMPANHIA_AEREA, ID_EMPRESA_ALIMENTACAO, DS_TIPO_CARDAPIO, VL_PRECO_CARDAPIO) values (5, 14, 'Completo', 8430.03);
insert into TB_SERVICO_PRESTADO (ID_COMPANHIA_AEREA, ID_EMPRESA_ALIMENTACAO, DS_TIPO_CARDAPIO, VL_PRECO_CARDAPIO) values (5, 8, 'Japonês', 7189.66);
insert into TB_SERVICO_PRESTADO (ID_COMPANHIA_AEREA, ID_EMPRESA_ALIMENTACAO, DS_TIPO_CARDAPIO, VL_PRECO_CARDAPIO) values (14, 6, 'Fast Food', 20615.73);
insert into TB_SERVICO_PRESTADO (ID_COMPANHIA_AEREA, ID_EMPRESA_ALIMENTACAO, DS_TIPO_CARDAPIO, VL_PRECO_CARDAPIO) values (8, 5, 'Americano', 12147.41);
insert into TB_SERVICO_PRESTADO (ID_COMPANHIA_AEREA, ID_EMPRESA_ALIMENTACAO, DS_TIPO_CARDAPIO, VL_PRECO_CARDAPIO) values (9, 28, 'Vegano', 7625.18);
insert into TB_SERVICO_PRESTADO (ID_COMPANHIA_AEREA, ID_EMPRESA_ALIMENTACAO, DS_TIPO_CARDAPIO, VL_PRECO_CARDAPIO) values (9, 5, 'Vegano', 9157.42);
insert into TB_SERVICO_PRESTADO (ID_COMPANHIA_AEREA, ID_EMPRESA_ALIMENTACAO, DS_TIPO_CARDAPIO, VL_PRECO_CARDAPIO) values (12, 40, 'Completo', 3247.89);
insert into TB_SERVICO_PRESTADO (ID_COMPANHIA_AEREA, ID_EMPRESA_ALIMENTACAO, DS_TIPO_CARDAPIO, VL_PRECO_CARDAPIO) values (4, 22, 'Vegano', 9067.71);
insert into TB_SERVICO_PRESTADO (ID_COMPANHIA_AEREA, ID_EMPRESA_ALIMENTACAO, DS_TIPO_CARDAPIO, VL_PRECO_CARDAPIO) values (9, 29, 'Americano', 10555.13);
insert into TB_SERVICO_PRESTADO (ID_COMPANHIA_AEREA, ID_EMPRESA_ALIMENTACAO, DS_TIPO_CARDAPIO, VL_PRECO_CARDAPIO) values (3, 21, 'Chinês', 2827.29);
insert into TB_SERVICO_PRESTADO (ID_COMPANHIA_AEREA, ID_EMPRESA_ALIMENTACAO, DS_TIPO_CARDAPIO, VL_PRECO_CARDAPIO) values (8, 30, 'Fast Food', 8994.43);
insert into TB_SERVICO_PRESTADO (ID_COMPANHIA_AEREA, ID_EMPRESA_ALIMENTACAO, DS_TIPO_CARDAPIO, VL_PRECO_CARDAPIO) values (9, 19, 'Básico', 6683.84);
insert into TB_SERVICO_PRESTADO (ID_COMPANHIA_AEREA, ID_EMPRESA_ALIMENTACAO, DS_TIPO_CARDAPIO, VL_PRECO_CARDAPIO) values (12, 14, 'Vegano', 5432.12);
insert into TB_SERVICO_PRESTADO (ID_COMPANHIA_AEREA, ID_EMPRESA_ALIMENTACAO, DS_TIPO_CARDAPIO, VL_PRECO_CARDAPIO) values (8, 5, 'Básico', 18370.38);
insert into TB_SERVICO_PRESTADO (ID_COMPANHIA_AEREA, ID_EMPRESA_ALIMENTACAO, DS_TIPO_CARDAPIO, VL_PRECO_CARDAPIO) values (13, 3, 'Diabético', 11439.4);
insert into TB_SERVICO_PRESTADO (ID_COMPANHIA_AEREA, ID_EMPRESA_ALIMENTACAO, DS_TIPO_CARDAPIO, VL_PRECO_CARDAPIO) values (12, 23, 'Comum', 7840.86);
insert into TB_SERVICO_PRESTADO (ID_COMPANHIA_AEREA, ID_EMPRESA_ALIMENTACAO, DS_TIPO_CARDAPIO, VL_PRECO_CARDAPIO) values (1, 36, 'Comum', 12082.6);
insert into TB_SERVICO_PRESTADO (ID_COMPANHIA_AEREA, ID_EMPRESA_ALIMENTACAO, DS_TIPO_CARDAPIO, VL_PRECO_CARDAPIO) values (1, 38, 'Fast Food', 6944.17);
insert into TB_SERVICO_PRESTADO (ID_COMPANHIA_AEREA, ID_EMPRESA_ALIMENTACAO, DS_TIPO_CARDAPIO, VL_PRECO_CARDAPIO) values (15, 27, 'Refinado', 21801.4);
insert into TB_SERVICO_PRESTADO (ID_COMPANHIA_AEREA, ID_EMPRESA_ALIMENTACAO, DS_TIPO_CARDAPIO, VL_PRECO_CARDAPIO) values (4, 30, 'Comum', 5050.46);
insert into TB_SERVICO_PRESTADO (ID_COMPANHIA_AEREA, ID_EMPRESA_ALIMENTACAO, DS_TIPO_CARDAPIO, VL_PRECO_CARDAPIO) values (9, 14, 'Chinês', 7715.89);
insert into TB_SERVICO_PRESTADO (ID_COMPANHIA_AEREA, ID_EMPRESA_ALIMENTACAO, DS_TIPO_CARDAPIO, VL_PRECO_CARDAPIO) values (13, 13, 'Europeu', 4294.5);
insert into TB_SERVICO_PRESTADO (ID_COMPANHIA_AEREA, ID_EMPRESA_ALIMENTACAO, DS_TIPO_CARDAPIO, VL_PRECO_CARDAPIO) values (9, 23, 'Europeu', 5029.75);
insert into TB_SERVICO_PRESTADO (ID_COMPANHIA_AEREA, ID_EMPRESA_ALIMENTACAO, DS_TIPO_CARDAPIO, VL_PRECO_CARDAPIO) values (8, 6, 'Luxo', 16978.71);
insert into TB_SERVICO_PRESTADO (ID_COMPANHIA_AEREA, ID_EMPRESA_ALIMENTACAO, DS_TIPO_CARDAPIO, VL_PRECO_CARDAPIO) values (7, 36, 'Vegano', 8146.5);
insert into TB_SERVICO_PRESTADO (ID_COMPANHIA_AEREA, ID_EMPRESA_ALIMENTACAO, DS_TIPO_CARDAPIO, VL_PRECO_CARDAPIO) values (1, 31, 'Básico', 19303.58);
insert into TB_SERVICO_PRESTADO (ID_COMPANHIA_AEREA, ID_EMPRESA_ALIMENTACAO, DS_TIPO_CARDAPIO, VL_PRECO_CARDAPIO) values (3, 18, 'Luxo', 12314.18);
insert into TB_SERVICO_PRESTADO (ID_COMPANHIA_AEREA, ID_EMPRESA_ALIMENTACAO, DS_TIPO_CARDAPIO, VL_PRECO_CARDAPIO) values (5, 4, 'Fast Food', 21056.66);
insert into TB_SERVICO_PRESTADO (ID_COMPANHIA_AEREA, ID_EMPRESA_ALIMENTACAO, DS_TIPO_CARDAPIO, VL_PRECO_CARDAPIO) values (13, 9, 'Europeu', 19336.63);
insert into TB_SERVICO_PRESTADO (ID_COMPANHIA_AEREA, ID_EMPRESA_ALIMENTACAO, DS_TIPO_CARDAPIO, VL_PRECO_CARDAPIO) values (7, 31, 'Europeu', 8434.4);
insert into TB_SERVICO_PRESTADO (ID_COMPANHIA_AEREA, ID_EMPRESA_ALIMENTACAO, DS_TIPO_CARDAPIO, VL_PRECO_CARDAPIO) values (6, 23, 'Indiano', 11473.53);
insert into TB_SERVICO_PRESTADO (ID_COMPANHIA_AEREA, ID_EMPRESA_ALIMENTACAO, DS_TIPO_CARDAPIO, VL_PRECO_CARDAPIO) values (2, 21, 'Chinês', 13164.74);
insert into TB_SERVICO_PRESTADO (ID_COMPANHIA_AEREA, ID_EMPRESA_ALIMENTACAO, DS_TIPO_CARDAPIO, VL_PRECO_CARDAPIO) values (2, 8, 'Brasileiro', 6181.22);
insert into TB_SERVICO_PRESTADO (ID_COMPANHIA_AEREA, ID_EMPRESA_ALIMENTACAO, DS_TIPO_CARDAPIO, VL_PRECO_CARDAPIO) values (12, 23, 'Vegetariano', 15837.88);
insert into TB_SERVICO_PRESTADO (ID_COMPANHIA_AEREA, ID_EMPRESA_ALIMENTACAO, DS_TIPO_CARDAPIO, VL_PRECO_CARDAPIO) values (4, 9, 'Japonês', 9925.07);
insert into TB_SERVICO_PRESTADO (ID_COMPANHIA_AEREA, ID_EMPRESA_ALIMENTACAO, DS_TIPO_CARDAPIO, VL_PRECO_CARDAPIO) values (9, 4, 'Americano', 24280.22);
insert into TB_SERVICO_PRESTADO (ID_COMPANHIA_AEREA, ID_EMPRESA_ALIMENTACAO, DS_TIPO_CARDAPIO, VL_PRECO_CARDAPIO) values (3, 4, 'Vegetariano', 16317.66);
insert into TB_SERVICO_PRESTADO (ID_COMPANHIA_AEREA, ID_EMPRESA_ALIMENTACAO, DS_TIPO_CARDAPIO, VL_PRECO_CARDAPIO) values (15, 23, 'Indiano', 22090.67);
insert into TB_SERVICO_PRESTADO (ID_COMPANHIA_AEREA, ID_EMPRESA_ALIMENTACAO, DS_TIPO_CARDAPIO, VL_PRECO_CARDAPIO) values (4, 20, 'Japonês', 7195.53);
insert into TB_SERVICO_PRESTADO (ID_COMPANHIA_AEREA, ID_EMPRESA_ALIMENTACAO, DS_TIPO_CARDAPIO, VL_PRECO_CARDAPIO) values (2, 24, 'Afrodisíaco', 26346.0);
insert into TB_SERVICO_PRESTADO (ID_COMPANHIA_AEREA, ID_EMPRESA_ALIMENTACAO, DS_TIPO_CARDAPIO, VL_PRECO_CARDAPIO) values (3, 16, 'Afrodisíaco', 6980.78);
insert into TB_SERVICO_PRESTADO (ID_COMPANHIA_AEREA, ID_EMPRESA_ALIMENTACAO, DS_TIPO_CARDAPIO, VL_PRECO_CARDAPIO) values (1, 19, 'Chinês', 19537.51);
insert into TB_SERVICO_PRESTADO (ID_COMPANHIA_AEREA, ID_EMPRESA_ALIMENTACAO, DS_TIPO_CARDAPIO, VL_PRECO_CARDAPIO) values (9, 33, 'Indiano', 11089.66);
insert into TB_SERVICO_PRESTADO (ID_COMPANHIA_AEREA, ID_EMPRESA_ALIMENTACAO, DS_TIPO_CARDAPIO, VL_PRECO_CARDAPIO) values (5, 40, 'Completo', 4804.82);
insert into TB_SERVICO_PRESTADO (ID_COMPANHIA_AEREA, ID_EMPRESA_ALIMENTACAO, DS_TIPO_CARDAPIO, VL_PRECO_CARDAPIO) values (13, 18, 'Americano', 18874.62);
insert into TB_SERVICO_PRESTADO (ID_COMPANHIA_AEREA, ID_EMPRESA_ALIMENTACAO, DS_TIPO_CARDAPIO, VL_PRECO_CARDAPIO) values (2, 4, 'Chinês', 6766.97);
insert into TB_SERVICO_PRESTADO (ID_COMPANHIA_AEREA, ID_EMPRESA_ALIMENTACAO, DS_TIPO_CARDAPIO, VL_PRECO_CARDAPIO) values (7, 19, 'Indiano', 19681.62);
insert into TB_SERVICO_PRESTADO (ID_COMPANHIA_AEREA, ID_EMPRESA_ALIMENTACAO, DS_TIPO_CARDAPIO, VL_PRECO_CARDAPIO) values (5, 18, 'Fast Food', 12819.01);
insert into TB_SERVICO_PRESTADO (ID_COMPANHIA_AEREA, ID_EMPRESA_ALIMENTACAO, DS_TIPO_CARDAPIO, VL_PRECO_CARDAPIO) values (1, 29, 'Americano', 23120.78);
insert into TB_SERVICO_PRESTADO (ID_COMPANHIA_AEREA, ID_EMPRESA_ALIMENTACAO, DS_TIPO_CARDAPIO, VL_PRECO_CARDAPIO) values (2, 28, 'Chinês', 3307.59);
insert into TB_SERVICO_PRESTADO (ID_COMPANHIA_AEREA, ID_EMPRESA_ALIMENTACAO, DS_TIPO_CARDAPIO, VL_PRECO_CARDAPIO) values (13, 5, 'Diabético', 26998.02);