------------------------------------------------------------------------------------------------
--------------------        INSERTS USADOS PARA POPULAR O BANCO             --------------------
------------------------------------------------------------------------------------------------
-- TABELA DE CARGOS
insert into tb_cargo (ID_CARGO,DESC_CARGO) values (1,'Piloto');
insert into tb_cargo (ID_CARGO,DESC_CARGO) values (2,'Copiloto');
insert into tb_cargo (ID_CARGO,DESC_CARGO) values (3,'Aeromoça');
insert into tb_cargo (ID_CARGO,DESC_CARGO) values (4,'Agente de bordo');
insert into tb_cargo (ID_CARGO,DESC_CARGO) values (5,'Atende de balcão');
insert into tb_cargo (ID_CARGO,DESC_CARGO) values (6,'Administrador');
insert into tb_cargo (ID_CARGO,DESC_CARGO) values (7,'Técnico Administrativo');
insert into tb_cargo (ID_CARGO,DESC_CARGO) values (8,'Assistente Administrativo')

------------------------------------------------------------------------------------------------
    insert into TB_ENDERECO (ID_ENDERECO, NM_PAIS, NM_ESTADO, NM_CIDADE, NM_BAIRRO, NM_CEP, NM_RUA, NR_NUMERO) values (1, 'United States', 'Florida', 'Bradenton', 'FL', '34282', '2966 Warner Street', '57187');
    insert into TB_ENDERECO (ID_ENDERECO, NM_PAIS, NM_ESTADO, NM_CIDADE, NM_BAIRRO, NM_CEP, NM_RUA, NR_NUMERO) values (2, 'United States', 'Wisconsin', 'Milwaukee', 'WI', '53215', '3950 Gerald Circle', '29');
    insert into TB_ENDERECO (ID_ENDERECO, NM_PAIS, NM_ESTADO, NM_CIDADE, NM_BAIRRO, NM_CEP, NM_RUA, NR_NUMERO) values (3, 'United States', 'North Carolina', 'Greensboro', 'NC', '27404', '36 Vernon Avenue', '88145');
    insert into TB_ENDERECO (ID_ENDERECO, NM_PAIS, NM_ESTADO, NM_CIDADE, NM_BAIRRO, NM_CEP, NM_RUA, NR_NUMERO) values (4, 'United States', 'Ohio', 'Canton', 'OH', '44720', '9896 Melody Lane', '243');
    insert into TB_ENDERECO (ID_ENDERECO, NM_PAIS, NM_ESTADO, NM_CIDADE, NM_BAIRRO, NM_CEP, NM_RUA, NR_NUMERO) values (5, 'United States', 'California', 'San Diego', 'CA', '92132', '0220 Arapahoe Hill', '938');
    insert into TB_ENDERECO (ID_ENDERECO, NM_PAIS, NM_ESTADO, NM_CIDADE, NM_BAIRRO, NM_CEP, NM_RUA, NR_NUMERO) values (6, 'United States', 'Illinois', 'Peoria', 'IL', '61614', '64669 Miller Circle', '421');
    insert into TB_ENDERECO (ID_ENDERECO, NM_PAIS, NM_ESTADO, NM_CIDADE, NM_BAIRRO, NM_CEP, NM_RUA, NR_NUMERO) values (7, 'United States', 'Colorado', 'Denver', 'CO', '80262', '7971 Miller Parkway', '55');
    insert into TB_ENDERECO (ID_ENDERECO, NM_PAIS, NM_ESTADO, NM_CIDADE, NM_BAIRRO, NM_CEP, NM_RUA, NR_NUMERO) values (8, 'United States', 'New York', 'New York City', 'NY', '10155', '655 School Pass', '24934');
    insert into TB_ENDERECO (ID_ENDERECO, NM_PAIS, NM_ESTADO, NM_CIDADE, NM_BAIRRO, NM_CEP, NM_RUA, NR_NUMERO) values (9, 'United States', 'Kansas', 'Topeka', 'KS', '66699', '075 Ohio Road', '1');
    insert into TB_ENDERECO (ID_ENDERECO, NM_PAIS, NM_ESTADO, NM_CIDADE, NM_BAIRRO, NM_CEP, NM_RUA, NR_NUMERO) values (10, 'United States', 'District of Columbia', 'Washington', 'DC', '20535', '1177 Elka Pass', '5503');
    insert into TB_ENDERECO (ID_ENDERECO, NM_PAIS, NM_ESTADO, NM_CIDADE, NM_BAIRRO, NM_CEP, NM_RUA, NR_NUMERO) values (11, 'United States', 'Massachusetts', 'Boston', 'MA', '02216', '855 Homewood Crossing', '7');
    insert into TB_ENDERECO (ID_ENDERECO, NM_PAIS, NM_ESTADO, NM_CIDADE, NM_BAIRRO, NM_CEP, NM_RUA, NR_NUMERO) values (12, 'United States', 'California', 'Los Angeles', 'CA', '90101', '7646 Sommers Way', '5676');
    insert into TB_ENDERECO (ID_ENDERECO, NM_PAIS, NM_ESTADO, NM_CIDADE, NM_BAIRRO, NM_CEP, NM_RUA, NR_NUMERO) values (13, 'United States', 'Louisiana', 'New Orleans', 'LA', '70187', '46 Homewood Parkway', '6146');
    insert into TB_ENDERECO (ID_ENDERECO, NM_PAIS, NM_ESTADO, NM_CIDADE, NM_BAIRRO, NM_CEP, NM_RUA, NR_NUMERO) values (14, 'United States', 'Oklahoma', 'Oklahoma City', 'OK', '73197', '86901 Novick Center', '66139');
    insert into TB_ENDERECO (ID_ENDERECO, NM_PAIS, NM_ESTADO, NM_CIDADE, NM_BAIRRO, NM_CEP, NM_RUA, NR_NUMERO) values (15, 'United States', 'Alabama', 'Montgomery', 'AL', '36195', '992 Meadow Vale Road', '3711');
    insert into TB_ENDERECO (ID_ENDERECO, NM_PAIS, NM_ESTADO, NM_CIDADE, NM_BAIRRO, NM_CEP, NM_RUA, NR_NUMERO) values (16, 'United States', 'California', 'Fresno', 'CA', '93721', '9420 Pawling Road', '7017');
    insert into TB_ENDERECO (ID_ENDERECO, NM_PAIS, NM_ESTADO, NM_CIDADE, NM_BAIRRO, NM_CEP, NM_RUA, NR_NUMERO) values (17, 'United States', 'Mississippi', 'Jackson', 'MS', '39236', '85 Cherokee Parkway', '971');
    insert into TB_ENDERECO (ID_ENDERECO, NM_PAIS, NM_ESTADO, NM_CIDADE, NM_BAIRRO, NM_CEP, NM_RUA, NR_NUMERO) values (18, 'United States', 'Massachusetts', 'Boston', 'MA', '02114', '2180 Golf View Avenue', '98');
    insert into TB_ENDERECO (ID_ENDERECO, NM_PAIS, NM_ESTADO, NM_CIDADE, NM_BAIRRO, NM_CEP, NM_RUA, NR_NUMERO) values (19, 'United States', 'Washington', 'Vancouver', 'WA', '98682', '647 Veith Drive', '379');
    insert into TB_ENDERECO (ID_ENDERECO, NM_PAIS, NM_ESTADO, NM_CIDADE, NM_BAIRRO, NM_CEP, NM_RUA, NR_NUMERO) values (20, 'United States', 'Utah', 'Provo', 'UT', '84605', '97029 Surrey Place', '342');
    insert into TB_ENDERECO (ID_ENDERECO, NM_PAIS, NM_ESTADO, NM_CIDADE, NM_BAIRRO, NM_CEP, NM_RUA, NR_NUMERO) values (21, 'United States', 'Virginia', 'Reston', 'VA', '22096', '70 Veith Plaza', '65');
    insert into TB_ENDERECO (ID_ENDERECO, NM_PAIS, NM_ESTADO, NM_CIDADE, NM_BAIRRO, NM_CEP, NM_RUA, NR_NUMERO) values (22, 'United States', 'New Hampshire', 'Portsmouth', 'NH', '03804', '2 Clemons Trail', '4');
    insert into TB_ENDERECO (ID_ENDERECO, NM_PAIS, NM_ESTADO, NM_CIDADE, NM_BAIRRO, NM_CEP, NM_RUA, NR_NUMERO) values (23, 'United States', 'Texas', 'El Paso', 'TX', '79989', '5670 Golf Course Circle', '36');
    insert into TB_ENDERECO (ID_ENDERECO, NM_PAIS, NM_ESTADO, NM_CIDADE, NM_BAIRRO, NM_CEP, NM_RUA, NR_NUMERO) values (24, 'United States', 'California', 'Chula Vista', 'CA', '91913', '54624 Kedzie Drive', '1853');
    insert into TB_ENDERECO (ID_ENDERECO, NM_PAIS, NM_ESTADO, NM_CIDADE, NM_BAIRRO, NM_CEP, NM_RUA, NR_NUMERO) values (25, 'United States', 'California', 'Sacramento', 'CA', '95838', '0130 Homewood Circle', '48559');
    insert into TB_ENDERECO (ID_ENDERECO, NM_PAIS, NM_ESTADO, NM_CIDADE, NM_BAIRRO, NM_CEP, NM_RUA, NR_NUMERO) values (26, 'United States', 'California', 'Sacramento', 'CA', '94280', '11 Bowman Center', '43671');
    insert into TB_ENDERECO (ID_ENDERECO, NM_PAIS, NM_ESTADO, NM_CIDADE, NM_BAIRRO, NM_CEP, NM_RUA, NR_NUMERO) values (27, 'United States', 'California', 'Sacramento', 'CA', '95823', '436 Calypso Center', '05');
    insert into TB_ENDERECO (ID_ENDERECO, NM_PAIS, NM_ESTADO, NM_CIDADE, NM_BAIRRO, NM_CEP, NM_RUA, NR_NUMERO) values (28, 'United States', 'Pennsylvania', 'Philadelphia', 'PA', '19160', '144 Stone Corner Hill', '59');
    insert into TB_ENDERECO (ID_ENDERECO, NM_PAIS, NM_ESTADO, NM_CIDADE, NM_BAIRRO, NM_CEP, NM_RUA, NR_NUMERO) values (29, 'United States', 'New Mexico', 'Albuquerque', 'NM', '87195', '2 4th Street', '88');
    insert into TB_ENDERECO (ID_ENDERECO, NM_PAIS, NM_ESTADO, NM_CIDADE, NM_BAIRRO, NM_CEP, NM_RUA, NR_NUMERO) values (30, 'United States', 'Minnesota', 'Minneapolis', 'MN', '55480', '868 Eliot Place', '2144');
    insert into TB_ENDERECO (ID_ENDERECO, NM_PAIS, NM_ESTADO, NM_CIDADE, NM_BAIRRO, NM_CEP, NM_RUA, NR_NUMERO) values (31, 'United States', 'Pennsylvania', 'Wilkes Barre', 'PA', '18706', '24396 Aberg Hill', '491');
    insert into TB_ENDERECO (ID_ENDERECO, NM_PAIS, NM_ESTADO, NM_CIDADE, NM_BAIRRO, NM_CEP, NM_RUA, NR_NUMERO) values (32, 'United States', 'New York', 'Port Washington', 'NY', '11054', '84531 Utah Trail', '34483');
    insert into TB_ENDERECO (ID_ENDERECO, NM_PAIS, NM_ESTADO, NM_CIDADE, NM_BAIRRO, NM_CEP, NM_RUA, NR_NUMERO) values (33, 'United States', 'Florida', 'Tampa', 'FL', '33625', '55734 Caliangt Crossing', '932');
    insert into TB_ENDERECO (ID_ENDERECO, NM_PAIS, NM_ESTADO, NM_CIDADE, NM_BAIRRO, NM_CEP, NM_RUA, NR_NUMERO) values (34, 'United States', 'Tennessee', 'Chattanooga', 'TN', '37405', '047 Pierstorff Center', '78');
    insert into TB_ENDERECO (ID_ENDERECO, NM_PAIS, NM_ESTADO, NM_CIDADE, NM_BAIRRO, NM_CEP, NM_RUA, NR_NUMERO) values (35, 'United States', 'Indiana', 'Fort Wayne', 'IN', '46862', '7957 Talmadge Alley', '323');
    insert into TB_ENDERECO (ID_ENDERECO, NM_PAIS, NM_ESTADO, NM_CIDADE, NM_BAIRRO, NM_CEP, NM_RUA, NR_NUMERO) values (36, 'United States', 'New York', 'Bronx', 'NY', '10464', '62 Kipling Way', '29');
    insert into TB_ENDERECO (ID_ENDERECO, NM_PAIS, NM_ESTADO, NM_CIDADE, NM_BAIRRO, NM_CEP, NM_RUA, NR_NUMERO) values (37, 'United States', 'North Carolina', 'Raleigh', 'NC', '27626', '5 Utah Terrace', '021');
    insert into TB_ENDERECO (ID_ENDERECO, NM_PAIS, NM_ESTADO, NM_CIDADE, NM_BAIRRO, NM_CEP, NM_RUA, NR_NUMERO) values (38, 'United States', 'Michigan', 'Midland', 'MI', '48670', '86 Judy Street', '8765');
    insert into TB_ENDERECO (ID_ENDERECO, NM_PAIS, NM_ESTADO, NM_CIDADE, NM_BAIRRO, NM_CEP, NM_RUA, NR_NUMERO) values (39, 'United States', 'Florida', 'Fort Myers', 'FL', '33906', '934 Hanover Street', '69');
    insert into TB_ENDERECO (ID_ENDERECO, NM_PAIS, NM_ESTADO, NM_CIDADE, NM_BAIRRO, NM_CEP, NM_RUA, NR_NUMERO) values (40, 'United States', 'District of Columbia', 'Washington', 'DC', '20099', '6895 Cody Junction', '5320');
    insert into TB_ENDERECO (ID_ENDERECO, NM_PAIS, NM_ESTADO, NM_CIDADE, NM_BAIRRO, NM_CEP, NM_RUA, NR_NUMERO) values (41, 'United States', 'New York', 'New York City', 'NY', '10150', '30791 Fulton Avenue', '1489');
    insert into TB_ENDERECO (ID_ENDERECO, NM_PAIS, NM_ESTADO, NM_CIDADE, NM_BAIRRO, NM_CEP, NM_RUA, NR_NUMERO) values (42, 'United States', 'California', 'Anaheim', 'CA', '92812', '0 Oakridge Alley', '88');
    insert into TB_ENDERECO (ID_ENDERECO, NM_PAIS, NM_ESTADO, NM_CIDADE, NM_BAIRRO, NM_CEP, NM_RUA, NR_NUMERO) values (43, 'United States', 'California', 'Corona', 'CA', '92878', '25 Forest Run Pass', '4132');
    insert into TB_ENDERECO (ID_ENDERECO, NM_PAIS, NM_ESTADO, NM_CIDADE, NM_BAIRRO, NM_CEP, NM_RUA, NR_NUMERO) values (44, 'United States', 'Texas', 'Houston', 'TX', '77015', '58 Roth Pass', '541');
    insert into TB_ENDERECO (ID_ENDERECO, NM_PAIS, NM_ESTADO, NM_CIDADE, NM_BAIRRO, NM_CEP, NM_RUA, NR_NUMERO) values (45, 'United States', 'Texas', 'Garland', 'TX', '75044', '3251 Moose Circle', '16977');
    insert into TB_ENDERECO (ID_ENDERECO, NM_PAIS, NM_ESTADO, NM_CIDADE, NM_BAIRRO, NM_CEP, NM_RUA, NR_NUMERO) values (46, 'United States', 'New York', 'Buffalo', 'NY', '14225', '754 Vermont Circle', '31129');
    insert into TB_ENDERECO (ID_ENDERECO, NM_PAIS, NM_ESTADO, NM_CIDADE, NM_BAIRRO, NM_CEP, NM_RUA, NR_NUMERO) values (47, 'United States', 'California', 'Sacramento', 'CA', '94280', '3 Lunder Alley', '5');
    insert into TB_ENDERECO (ID_ENDERECO, NM_PAIS, NM_ESTADO, NM_CIDADE, NM_BAIRRO, NM_CEP, NM_RUA, NR_NUMERO) values (48, 'United States', 'Texas', 'Dallas', 'TX', '75236', '58 Union Junction', '939');
    insert into TB_ENDERECO (ID_ENDERECO, NM_PAIS, NM_ESTADO, NM_CIDADE, NM_BAIRRO, NM_CEP, NM_RUA, NR_NUMERO) values (49, 'United States', 'Texas', 'El Paso', 'TX', '88553', '460 Tony Parkway', '7119');
    insert into TB_ENDERECO (ID_ENDERECO, NM_PAIS, NM_ESTADO, NM_CIDADE, NM_BAIRRO, NM_CEP, NM_RUA, NR_NUMERO) values (50, 'United States', 'Florida', 'West Palm Beach', 'FL', '33421', '4 Corscot Way', '70');
    insert into TB_ENDERECO (ID_ENDERECO, NM_PAIS, NM_ESTADO, NM_CIDADE, NM_BAIRRO, NM_CEP, NM_RUA, NR_NUMERO) values (51, 'United States', 'Pennsylvania', 'Erie', 'PA', '16534', '5085 Straubel Drive', '5');
    insert into TB_ENDERECO (ID_ENDERECO, NM_PAIS, NM_ESTADO, NM_CIDADE, NM_BAIRRO, NM_CEP, NM_RUA, NR_NUMERO) values (52, 'United States', 'Wisconsin', 'Madison', 'WI', '53779', '1 Ludington Place', '51');
    insert into TB_ENDERECO (ID_ENDERECO, NM_PAIS, NM_ESTADO, NM_CIDADE, NM_BAIRRO, NM_CEP, NM_RUA, NR_NUMERO) values (53, 'United States', 'Nebraska', 'Lincoln', 'NE', '68510', '58726 Manufacturers Park', '498');
    insert into TB_ENDERECO (ID_ENDERECO, NM_PAIS, NM_ESTADO, NM_CIDADE, NM_BAIRRO, NM_CEP, NM_RUA, NR_NUMERO) values (54, 'United States', 'Texas', 'Fort Worth', 'TX', '76192', '11 Southridge Park', '26933');
    insert into TB_ENDERECO (ID_ENDERECO, NM_PAIS, NM_ESTADO, NM_CIDADE, NM_BAIRRO, NM_CEP, NM_RUA, NR_NUMERO) values (55, 'United States', 'California', 'Glendale', 'CA', '91210', '44 Lakewood Crossing', '72');
    insert into TB_ENDERECO (ID_ENDERECO, NM_PAIS, NM_ESTADO, NM_CIDADE, NM_BAIRRO, NM_CEP, NM_RUA, NR_NUMERO) values (56, 'United States', 'Florida', 'Tampa', 'FL', '33620', '1861 Tomscot Avenue', '7576');
    insert into TB_ENDERECO (ID_ENDERECO, NM_PAIS, NM_ESTADO, NM_CIDADE, NM_BAIRRO, NM_CEP, NM_RUA, NR_NUMERO) values (57, 'United States', 'California', 'Orange', 'CA', '92668', '6 Blaine Plaza', '3');
    insert into TB_ENDERECO (ID_ENDERECO, NM_PAIS, NM_ESTADO, NM_CIDADE, NM_BAIRRO, NM_CEP, NM_RUA, NR_NUMERO) values (58, 'United States', 'Wisconsin', 'Milwaukee', 'WI', '53210', '91424 Green Ridge Plaza', '95');
    insert into TB_ENDERECO (ID_ENDERECO, NM_PAIS, NM_ESTADO, NM_CIDADE, NM_BAIRRO, NM_CEP, NM_RUA, NR_NUMERO) values (59, 'United States', 'Kentucky', 'Lexington', 'KY', '40505', '1 Thackeray Parkway', '729');
    insert into TB_ENDERECO (ID_ENDERECO, NM_PAIS, NM_ESTADO, NM_CIDADE, NM_BAIRRO, NM_CEP, NM_RUA, NR_NUMERO) values (60, 'United States', 'New York', 'New York City', 'NY', '10024', '73722 Bunting Alley', '1208');
    insert into TB_ENDERECO (ID_ENDERECO, NM_PAIS, NM_ESTADO, NM_CIDADE, NM_BAIRRO, NM_CEP, NM_RUA, NR_NUMERO) values (61, 'United States', 'Indiana', 'Evansville', 'IN', '47712', '084 Blackbird Place', '048');
    insert into TB_ENDERECO (ID_ENDERECO, NM_PAIS, NM_ESTADO, NM_CIDADE, NM_BAIRRO, NM_CEP, NM_RUA, NR_NUMERO) values (62, 'United States', 'Nebraska', 'Lincoln', 'NE', '68583', '7 Ridge Oak Avenue', '7250');
    insert into TB_ENDERECO (ID_ENDERECO, NM_PAIS, NM_ESTADO, NM_CIDADE, NM_BAIRRO, NM_CEP, NM_RUA, NR_NUMERO) values (63, 'United States', 'New York', 'New York City', 'NY', '10155', '777 Lunder Crossing', '56808');
    insert into TB_ENDERECO (ID_ENDERECO, NM_PAIS, NM_ESTADO, NM_CIDADE, NM_BAIRRO, NM_CEP, NM_RUA, NR_NUMERO) values (64, 'United States', 'Maryland', 'Bethesda', 'MD', '20892', '48455 Iowa Park', '5');
    insert into TB_ENDERECO (ID_ENDERECO, NM_PAIS, NM_ESTADO, NM_CIDADE, NM_BAIRRO, NM_CEP, NM_RUA, NR_NUMERO) values (65, 'United States', 'Florida', 'Jacksonville', 'FL', '32277', '44 Farmco Circle', '07988');
    insert into TB_ENDERECO (ID_ENDERECO, NM_PAIS, NM_ESTADO, NM_CIDADE, NM_BAIRRO, NM_CEP, NM_RUA, NR_NUMERO) values (66, 'United States', 'Florida', 'North Port', 'FL', '34290', '4478 Pennsylvania Road', '54');
    insert into TB_ENDERECO (ID_ENDERECO, NM_PAIS, NM_ESTADO, NM_CIDADE, NM_BAIRRO, NM_CEP, NM_RUA, NR_NUMERO) values (67, 'United States', 'Texas', 'Garland', 'TX', '75049', '055 Melody Hill', '72');
    insert into TB_ENDERECO (ID_ENDERECO, NM_PAIS, NM_ESTADO, NM_CIDADE, NM_BAIRRO, NM_CEP, NM_RUA, NR_NUMERO) values (68, 'United States', 'North Carolina', 'Greensboro', 'NC', '27425', '1 Anhalt Circle', '04');
    insert into TB_ENDERECO (ID_ENDERECO, NM_PAIS, NM_ESTADO, NM_CIDADE, NM_BAIRRO, NM_CEP, NM_RUA, NR_NUMERO) values (69, 'United States', 'Florida', 'Sarasota', 'FL', '34233', '6 Merry Hill', '27769');
    insert into TB_ENDERECO (ID_ENDERECO, NM_PAIS, NM_ESTADO, NM_CIDADE, NM_BAIRRO, NM_CEP, NM_RUA, NR_NUMERO) values (70, 'United States', 'New York', 'New York City', 'NY', '10079', '91971 Warner Crossing', '348');
    insert into TB_ENDERECO (ID_ENDERECO, NM_PAIS, NM_ESTADO, NM_CIDADE, NM_BAIRRO, NM_CEP, NM_RUA, NR_NUMERO) values (71, 'United States', 'California', 'San Diego', 'CA', '92170', '504 1st Way', '84');
    insert into TB_ENDERECO (ID_ENDERECO, NM_PAIS, NM_ESTADO, NM_CIDADE, NM_BAIRRO, NM_CEP, NM_RUA, NR_NUMERO) values (72, 'United States', 'New York', 'Albany', 'NY', '12210', '9 Utah Center', '911');
    insert into TB_ENDERECO (ID_ENDERECO, NM_PAIS, NM_ESTADO, NM_CIDADE, NM_BAIRRO, NM_CEP, NM_RUA, NR_NUMERO) values (73, 'United States', 'California', 'Los Angeles', 'CA', '90020', '8497 Mallory Trail', '74');
    insert into TB_ENDERECO (ID_ENDERECO, NM_PAIS, NM_ESTADO, NM_CIDADE, NM_BAIRRO, NM_CEP, NM_RUA, NR_NUMERO) values (74, 'United States', 'Virginia', 'Alexandria', 'VA', '22313', '011 Schmedeman Circle', '4338');
    insert into TB_ENDERECO (ID_ENDERECO, NM_PAIS, NM_ESTADO, NM_CIDADE, NM_BAIRRO, NM_CEP, NM_RUA, NR_NUMERO) values (75, 'United States', 'Florida', 'Bradenton', 'FL', '34205', '11 Annamark Plaza', '4102');
    insert into TB_ENDERECO (ID_ENDERECO, NM_PAIS, NM_ESTADO, NM_CIDADE, NM_BAIRRO, NM_CEP, NM_RUA, NR_NUMERO) values (76, 'United States', 'New York', 'New York City', 'NY', '10170', '5 Elka Place', '5774');
    insert into TB_ENDERECO (ID_ENDERECO, NM_PAIS, NM_ESTADO, NM_CIDADE, NM_BAIRRO, NM_CEP, NM_RUA, NR_NUMERO) values (77, 'United States', 'California', 'South Lake Tahoe', 'CA', '96154', '72209 Kenwood Street', '7699');
    insert into TB_ENDERECO (ID_ENDERECO, NM_PAIS, NM_ESTADO, NM_CIDADE, NM_BAIRRO, NM_CEP, NM_RUA, NR_NUMERO) values (78, 'United States', 'Texas', 'San Antonio', 'TX', '78250', '0377 Fulton Junction', '60');
    insert into TB_ENDERECO (ID_ENDERECO, NM_PAIS, NM_ESTADO, NM_CIDADE, NM_BAIRRO, NM_CEP, NM_RUA, NR_NUMERO) values (79, 'United States', 'Georgia', 'Atlanta', 'GA', '31165', '911 Green Ridge Court', '8977');
    insert into TB_ENDERECO (ID_ENDERECO, NM_PAIS, NM_ESTADO, NM_CIDADE, NM_BAIRRO, NM_CEP, NM_RUA, NR_NUMERO) values (80, 'United States', 'Texas', 'El Paso', 'TX', '79934', '6 Mifflin Way', '4');
    insert into TB_ENDERECO (ID_ENDERECO, NM_PAIS, NM_ESTADO, NM_CIDADE, NM_BAIRRO, NM_CEP, NM_RUA, NR_NUMERO) values (81, 'United States', 'Kansas', 'Topeka', 'KS', '66622', '2470 Kinsman Park', '5321');
    insert into TB_ENDERECO (ID_ENDERECO, NM_PAIS, NM_ESTADO, NM_CIDADE, NM_BAIRRO, NM_CEP, NM_RUA, NR_NUMERO) values (82, 'United States', 'Pennsylvania', 'Pittsburgh', 'PA', '15235', '5596 Novick Point', '24');
    insert into TB_ENDERECO (ID_ENDERECO, NM_PAIS, NM_ESTADO, NM_CIDADE, NM_BAIRRO, NM_CEP, NM_RUA, NR_NUMERO) values (83, 'United States', 'Ohio', 'Canton', 'OH', '44705', '1354 Golf Course Hill', '126');
    insert into TB_ENDERECO (ID_ENDERECO, NM_PAIS, NM_ESTADO, NM_CIDADE, NM_BAIRRO, NM_CEP, NM_RUA, NR_NUMERO) values (84, 'United States', 'Illinois', 'Chicago', 'IL', '60681', '478 Leroy Place', '12');
    insert into TB_ENDERECO (ID_ENDERECO, NM_PAIS, NM_ESTADO, NM_CIDADE, NM_BAIRRO, NM_CEP, NM_RUA, NR_NUMERO) values (85, 'United States', 'District of Columbia', 'Washington', 'DC', '20414', '22580 Hanson Lane', '1411');
    insert into TB_ENDERECO (ID_ENDERECO, NM_PAIS, NM_ESTADO, NM_CIDADE, NM_BAIRRO, NM_CEP, NM_RUA, NR_NUMERO) values (86, 'United States', 'Georgia', 'Savannah', 'GA', '31416', '2 Monica Junction', '7');
    insert into TB_ENDERECO (ID_ENDERECO, NM_PAIS, NM_ESTADO, NM_CIDADE, NM_BAIRRO, NM_CEP, NM_RUA, NR_NUMERO) values (87, 'United States', 'Texas', 'San Antonio', 'TX', '78285', '464 Prentice Avenue', '5536');
    insert into TB_ENDERECO (ID_ENDERECO, NM_PAIS, NM_ESTADO, NM_CIDADE, NM_BAIRRO, NM_CEP, NM_RUA, NR_NUMERO) values (88, 'United States', 'Virginia', 'Richmond', 'VA', '23289', '4183 Bellgrove Crossing', '3');
    insert into TB_ENDERECO (ID_ENDERECO, NM_PAIS, NM_ESTADO, NM_CIDADE, NM_BAIRRO, NM_CEP, NM_RUA, NR_NUMERO) values (89, 'United States', 'New Jersey', 'Newark', 'NJ', '07112', '286 Arapahoe Park', '6706');
    insert into TB_ENDERECO (ID_ENDERECO, NM_PAIS, NM_ESTADO, NM_CIDADE, NM_BAIRRO, NM_CEP, NM_RUA, NR_NUMERO) values (90, 'United States', 'North Carolina', 'Raleigh', 'NC', '27610', '2018 Nevada Lane', '36538');
    insert into TB_ENDERECO (ID_ENDERECO, NM_PAIS, NM_ESTADO, NM_CIDADE, NM_BAIRRO, NM_CEP, NM_RUA, NR_NUMERO) values (91, 'United States', 'South Carolina', 'Myrtle Beach', 'SC', '29579', '0988 Crownhardt Junction', '86416');
    insert into TB_ENDERECO (ID_ENDERECO, NM_PAIS, NM_ESTADO, NM_CIDADE, NM_BAIRRO, NM_CEP, NM_RUA, NR_NUMERO) values (92, 'United States', 'Texas', 'El Paso', 'TX', '79999', '6 Division Avenue', '5421');
    insert into TB_ENDERECO (ID_ENDERECO, NM_PAIS, NM_ESTADO, NM_CIDADE, NM_BAIRRO, NM_CEP, NM_RUA, NR_NUMERO) values (93, 'United States', 'Louisiana', 'New Orleans', 'LA', '70124', '000 Pearson Hill', '11589');
    insert into TB_ENDERECO (ID_ENDERECO, NM_PAIS, NM_ESTADO, NM_CIDADE, NM_BAIRRO, NM_CEP, NM_RUA, NR_NUMERO) values (94, 'United States', 'Ohio', 'Akron', 'OH', '44315', '21 Duke Park', '6');
    insert into TB_ENDERECO (ID_ENDERECO, NM_PAIS, NM_ESTADO, NM_CIDADE, NM_BAIRRO, NM_CEP, NM_RUA, NR_NUMERO) values (95, 'United States', 'Virginia', 'Richmond', 'VA', '23277', '7 Nelson Road', '3571');
    insert into TB_ENDERECO (ID_ENDERECO, NM_PAIS, NM_ESTADO, NM_CIDADE, NM_BAIRRO, NM_CEP, NM_RUA, NR_NUMERO) values (96, 'United States', 'Virginia', 'Roanoke', 'VA', '24004', '85098 Eggendart Trail', '36');
    insert into TB_ENDERECO (ID_ENDERECO, NM_PAIS, NM_ESTADO, NM_CIDADE, NM_BAIRRO, NM_CEP, NM_RUA, NR_NUMERO) values (97, 'United States', 'Indiana', 'Evansville', 'IN', '47719', '542 Ridge Oak Plaza', '42');
    insert into TB_ENDERECO (ID_ENDERECO, NM_PAIS, NM_ESTADO, NM_CIDADE, NM_BAIRRO, NM_CEP, NM_RUA, NR_NUMERO) values (98, 'United States', 'Oregon', 'Portland', 'OR', '97211', '29664 Autumn Leaf Pass', '5');
    insert into TB_ENDERECO (ID_ENDERECO, NM_PAIS, NM_ESTADO, NM_CIDADE, NM_BAIRRO, NM_CEP, NM_RUA, NR_NUMERO) values (99, 'United States', 'Texas', 'El Paso', 'TX', '79994', '819 Manitowish Parkway', '6');
    insert into TB_ENDERECO (ID_ENDERECO, NM_PAIS, NM_ESTADO, NM_CIDADE, NM_BAIRRO, NM_CEP, NM_RUA, NR_NUMERO) values (100, 'United States', 'Illinois', 'Peoria', 'IL', '61614', '5545 Morning Lane', '53237');


-----------------------------------------------------------------------------------------------------------------------------------------------
--------------------------------- TB_AEROPORTO
-----------------------------------------------------------------------------------------------------------------------------------------------

insert into TB_AEROPORTO (ID_AEROPORTO, NM_NOME_AEROPORTO, ID_ENDERECO, DT_DATA_INAUGURACAO) values (1, 'Aeroporto Internacional de Logan', 1, '2017-11-18');
insert into TB_AEROPORTO (ID_AEROPORTO, NM_NOME_AEROPORTO, ID_ENDERECO, DT_DATA_INAUGURACAO) values (2, 'Aeroporto Internacional Ministro Pistarini', 2, '2017-07-22');
insert into TB_AEROPORTO (ID_AEROPORTO, NM_NOME_AEROPORTO, ID_ENDERECO, DT_DATA_INAUGURACAO) values (3, 'Aeroporto Internacional de O''Hare', 3, '2018-01-28');
insert into TB_AEROPORTO (ID_AEROPORTO, NM_NOME_AEROPORTO, ID_ENDERECO, DT_DATA_INAUGURACAO) values (4, 'Aeroporto Internacional de Tocumen', 4, '2017-08-08');
insert into TB_AEROPORTO (ID_AEROPORTO, NM_NOME_AEROPORTO, ID_ENDERECO, DT_DATA_INAUGURACAO) values (5, 'Aeroporto Internacional de Dallas/Fort Worth', 5, '2017-11-20');
insert into TB_AEROPORTO (ID_AEROPORTO, NM_NOME_AEROPORTO, ID_ENDERECO, DT_DATA_INAUGURACAO) values (6, 'Aeroporto Internacional de Fort Lauderdale', 6, '2017-12-21');
insert into TB_AEROPORTO (ID_AEROPORTO, NM_NOME_AEROPORTO, ID_ENDERECO, DT_DATA_INAUGURACAO) values (7, 'Aeroporto Intercontinental George Bush', 7, '2017-06-05');
insert into TB_AEROPORTO (ID_AEROPORTO, NM_NOME_AEROPORTO, ID_ENDERECO, DT_DATA_INAUGURACAO) values (8, 'Aeroporto Internacional de Los Angeles', 8, '2017-06-23');
insert into TB_AEROPORTO (ID_AEROPORTO, NM_NOME_AEROPORTO, ID_ENDERECO, DT_DATA_INAUGURACAO) values (9, 'Aeroporto Internacional John F Kennedy', 9, '2018-03-08');
insert into TB_AEROPORTO (ID_AEROPORTO, NM_NOME_AEROPORTO, ID_ENDERECO, DT_DATA_INAUGURACAO) values (10, 'Aeroporto Internacional de Orlando (próximo de Jacksonville', 10, '2017-10-31');
insert into TB_AEROPORTO (ID_AEROPORTO, NM_NOME_AEROPORTO, ID_ENDERECO, DT_DATA_INAUGURACAO) values (11, 'Tampa)', 11, '2018-03-13');
insert into TB_AEROPORTO (ID_AEROPORTO, NM_NOME_AEROPORTO, ID_ENDERECO, DT_DATA_INAUGURACAO) values (12, 'Aeroporto Internacional Antônio Carlos Jobim (Galeão)', 12, '2017-11-12');
insert into TB_AEROPORTO (ID_AEROPORTO, NM_NOME_AEROPORTO, ID_ENDERECO, DT_DATA_INAUGURACAO) values (13, 'Aeroporto Internacional de São Francisco', 13, '2017-11-21');
insert into TB_AEROPORTO (ID_AEROPORTO, NM_NOME_AEROPORTO, ID_ENDERECO, DT_DATA_INAUGURACAO) values (14, 'Aeroporto Internacional de Guarulhos', 14, '2017-07-02');
insert into TB_AEROPORTO (ID_AEROPORTO, NM_NOME_AEROPORTO, ID_ENDERECO, DT_DATA_INAUGURACAO) values (15, 'Aeroporto Internacional de Seattle-Tacoma', 15, '2017-07-17');
insert into TB_AEROPORTO (ID_AEROPORTO, NM_NOME_AEROPORTO, ID_ENDERECO, DT_DATA_INAUGURACAO) values (16, 'Aeroporto Internacional de Pearson', 16, '2018-01-22');
insert into TB_AEROPORTO (ID_AEROPORTO, NM_NOME_AEROPORTO, ID_ENDERECO, DT_DATA_INAUGURACAO) values (17, 'Aeroporto Internacional Dulles', 17, '2017-09-24');
insert into TB_AEROPORTO (ID_AEROPORTO, NM_NOME_AEROPORTO, ID_ENDERECO, DT_DATA_INAUGURACAO) values (18, 'Aeroporto de Amsterdã Schiphol', 18, '2017-11-05');
insert into TB_AEROPORTO (ID_AEROPORTO, NM_NOME_AEROPORTO, ID_ENDERECO, DT_DATA_INAUGURACAO) values (19, 'Aeroporto Eleftherios Venizelos', 19, '2017-11-24');
insert into TB_AEROPORTO (ID_AEROPORTO, NM_NOME_AEROPORTO, ID_ENDERECO, DT_DATA_INAUGURACAO) values (20, 'Aeroporto de El Prat', 20, '2018-02-21');
insert into TB_AEROPORTO (ID_AEROPORTO, NM_NOME_AEROPORTO, ID_ENDERECO, DT_DATA_INAUGURACAO) values (21, 'Aeroporto Internacional de Birmingham', 21, '2018-02-10');
insert into TB_AEROPORTO (ID_AEROPORTO, NM_NOME_AEROPORTO, ID_ENDERECO, DT_DATA_INAUGURACAO) values (22, 'Aeroporto de Bolonha (próximo a Florença)', 22, '2018-02-05');
insert into TB_AEROPORTO (ID_AEROPORTO, NM_NOME_AEROPORTO, ID_ENDERECO, DT_DATA_INAUGURACAO) values (23, 'Aeroporto de Bruxelas', 23, '2018-02-16');
insert into TB_AEROPORTO (ID_AEROPORTO, NM_NOME_AEROPORTO, ID_ENDERECO, DT_DATA_INAUGURACAO) values (24, 'Aeroporto Internacional de Ferenc Liszt', 24, '2018-05-01');
insert into TB_AEROPORTO (ID_AEROPORTO, NM_NOME_AEROPORTO, ID_ENDERECO, DT_DATA_INAUGURACAO) values (25, 'Aeroporto de Copenhague', 25, '2017-10-05');
insert into TB_AEROPORTO (ID_AEROPORTO, NM_NOME_AEROPORTO, ID_ENDERECO, DT_DATA_INAUGURACAO) values (26, 'Aeroporto de Dublin', 26, '2017-07-07');
insert into TB_AEROPORTO (ID_AEROPORTO, NM_NOME_AEROPORTO, ID_ENDERECO, DT_DATA_INAUGURACAO) values (27, 'Aeroporto de Düsseldorf', 27, '2017-10-25');
insert into TB_AEROPORTO (ID_AEROPORTO, NM_NOME_AEROPORTO, ID_ENDERECO, DT_DATA_INAUGURACAO) values (28, 'Aeroporto de Estocolmo-Arlanda', 28, '2017-05-31');
insert into TB_AEROPORTO (ID_AEROPORTO, NM_NOME_AEROPORTO, ID_ENDERECO, DT_DATA_INAUGURACAO) values (29, 'Aeroporto Internacional Rhein-Main', 29, '2017-07-08');
insert into TB_AEROPORTO (ID_AEROPORTO, NM_NOME_AEROPORTO, ID_ENDERECO, DT_DATA_INAUGURACAO) values (30, 'Aeroporto Internacional de Genebra', 30, '2017-12-16');
insert into TB_AEROPORTO (ID_AEROPORTO, NM_NOME_AEROPORTO, ID_ENDERECO, DT_DATA_INAUGURACAO) values (31, 'Aeroporto Internacional de Glasgow', 31, '2017-12-01');
insert into TB_AEROPORTO (ID_AEROPORTO, NM_NOME_AEROPORTO, ID_ENDERECO, DT_DATA_INAUGURACAO) values (32, 'Aeroporto de Hamburgo', 32, '2017-07-03');
insert into TB_AEROPORTO (ID_AEROPORTO, NM_NOME_AEROPORTO, ID_ENDERECO, DT_DATA_INAUGURACAO) values (33, 'Aeroporto de Ataturk', 33, '2018-01-08');
insert into TB_AEROPORTO (ID_AEROPORTO, NM_NOME_AEROPORTO, ID_ENDERECO, DT_DATA_INAUGURACAO) values (34, 'Aeroporto de Larnaca', 34, '2017-08-05');
insert into TB_AEROPORTO (ID_AEROPORTO, NM_NOME_AEROPORTO, ID_ENDERECO, DT_DATA_INAUGURACAO) values (35, 'Aeroporto Lisboa Portela', 35, '2017-11-01');
insert into TB_AEROPORTO (ID_AEROPORTO, NM_NOME_AEROPORTO, ID_ENDERECO, DT_DATA_INAUGURACAO) values (36, 'Aeroporto de Londres Gatwick', 36, '2017-08-05');
insert into TB_AEROPORTO (ID_AEROPORTO, NM_NOME_AEROPORTO, ID_ENDERECO, DT_DATA_INAUGURACAO) values (37, 'Aeroporto de Londres Heathrow', 37, '2017-12-24');
insert into TB_AEROPORTO (ID_AEROPORTO, NM_NOME_AEROPORTO, ID_ENDERECO, DT_DATA_INAUGURACAO) values (38, 'Aeroporto de Lyon-Saint Exupéry', 38, '2017-08-19');
insert into TB_AEROPORTO (ID_AEROPORTO, NM_NOME_AEROPORTO, ID_ENDERECO, DT_DATA_INAUGURACAO) values (39, 'Aeroporto de Madri-Barajas', 39, '2018-05-08');
insert into TB_AEROPORTO (ID_AEROPORTO, NM_NOME_AEROPORTO, ID_ENDERECO, DT_DATA_INAUGURACAO) values (40, 'Aeroporto Internacional de Malta', 40, '2017-12-05');
insert into TB_AEROPORTO (ID_AEROPORTO, NM_NOME_AEROPORTO, ID_ENDERECO, DT_DATA_INAUGURACAO) values (41, 'Aeroporto Internacional de Manchester', 41, '2017-10-10');
insert into TB_AEROPORTO (ID_AEROPORTO, NM_NOME_AEROPORTO, ID_ENDERECO, DT_DATA_INAUGURACAO) values (42, 'Aeroporto de Malpensa', 42, '2018-01-17');
insert into TB_AEROPORTO (ID_AEROPORTO, NM_NOME_AEROPORTO, ID_ENDERECO, DT_DATA_INAUGURACAO) values (43, 'Aeroporto de Domodedovo', 43, '2017-09-12');
insert into TB_AEROPORTO (ID_AEROPORTO, NM_NOME_AEROPORTO, ID_ENDERECO, DT_DATA_INAUGURACAO) values (44, 'Aeroporto Franz Josef Strauss', 44, '2018-02-18');
insert into TB_AEROPORTO (ID_AEROPORTO, NM_NOME_AEROPORTO, ID_ENDERECO, DT_DATA_INAUGURACAO) values (45, 'Aeroporto de Newcastle', 45, '2018-05-15');
insert into TB_AEROPORTO (ID_AEROPORTO, NM_NOME_AEROPORTO, ID_ENDERECO, DT_DATA_INAUGURACAO) values (46, 'Aeroporto Internacional da Cote d''Azur', 46, '2017-10-25');
insert into TB_AEROPORTO (ID_AEROPORTO, NM_NOME_AEROPORTO, ID_ENDERECO, DT_DATA_INAUGURACAO) values (47, 'Aeroporto Gardermoen', 47, '2017-09-29');
insert into TB_AEROPORTO (ID_AEROPORTO, NM_NOME_AEROPORTO, ID_ENDERECO, DT_DATA_INAUGURACAO) values (48, 'Aeroporto Charles De Gaulle', 48, '2017-06-28');
insert into TB_AEROPORTO (ID_AEROPORTO, NM_NOME_AEROPORTO, ID_ENDERECO, DT_DATA_INAUGURACAO) values (49, 'Aeroporto de Václav Havel', 49, '2018-01-24');
insert into TB_AEROPORTO (ID_AEROPORTO, NM_NOME_AEROPORTO, ID_ENDERECO, DT_DATA_INAUGURACAO) values (50, 'Aeroporto de Fiumicino', 50, '2017-12-25');
insert into TB_AEROPORTO (ID_AEROPORTO, NM_NOME_AEROPORTO, ID_ENDERECO, DT_DATA_INAUGURACAO) values (51, 'Aeroporto Internacional de Pulkovo', 51, '2017-09-15');
insert into TB_AEROPORTO (ID_AEROPORTO, NM_NOME_AEROPORTO, ID_ENDERECO, DT_DATA_INAUGURACAO) values (52, 'Aeroporto de Varsóvia Frédéric Chopin', 52, '2017-11-12');
insert into TB_AEROPORTO (ID_AEROPORTO, NM_NOME_AEROPORTO, ID_ENDERECO, DT_DATA_INAUGURACAO) values (53, 'Aeroporto Marco Polo', 53, '2018-04-02');
insert into TB_AEROPORTO (ID_AEROPORTO, NM_NOME_AEROPORTO, ID_ENDERECO, DT_DATA_INAUGURACAO) values (54, 'Aeroporto Internacional de Viena', 54, '2017-11-18');
insert into TB_AEROPORTO (ID_AEROPORTO, NM_NOME_AEROPORTO, ID_ENDERECO, DT_DATA_INAUGURACAO) values (55, 'Aeroporto de Zurique-Kloten', 55, '2017-06-05');
insert into TB_AEROPORTO (ID_AEROPORTO, NM_NOME_AEROPORTO, ID_ENDERECO, DT_DATA_INAUGURACAO) values (56, 'Aeroporto de Amsterdã Schiphol', 56, '2017-06-28');
insert into TB_AEROPORTO (ID_AEROPORTO, NM_NOME_AEROPORTO, ID_ENDERECO, DT_DATA_INAUGURACAO) values (57, 'Aeroporto Eleftherios Venizelos', 57, '2017-06-27');
insert into TB_AEROPORTO (ID_AEROPORTO, NM_NOME_AEROPORTO, ID_ENDERECO, DT_DATA_INAUGURACAO) values (58, 'Aeroporto de El Prat', 58, '2018-05-03');
insert into TB_AEROPORTO (ID_AEROPORTO, NM_NOME_AEROPORTO, ID_ENDERECO, DT_DATA_INAUGURACAO) values (59, 'Aeroporto Internacional de Birmingham', 59, '2017-10-23');
insert into TB_AEROPORTO (ID_AEROPORTO, NM_NOME_AEROPORTO, ID_ENDERECO, DT_DATA_INAUGURACAO) values (60, 'Aeroporto de Bolonha (próximo a Florença)', 60, '2017-12-25');
insert into TB_AEROPORTO (ID_AEROPORTO, NM_NOME_AEROPORTO, ID_ENDERECO, DT_DATA_INAUGURACAO) values (61, 'Aeroporto de Bruxelas', 61, '2017-06-21');
insert into TB_AEROPORTO (ID_AEROPORTO, NM_NOME_AEROPORTO, ID_ENDERECO, DT_DATA_INAUGURACAO) values (62, 'Aeroporto Internacional de Ferenc Liszt', 62, '2018-04-15');
insert into TB_AEROPORTO (ID_AEROPORTO, NM_NOME_AEROPORTO, ID_ENDERECO, DT_DATA_INAUGURACAO) values (63, 'Aeroporto de Copenhague', 63, '2017-08-30');
insert into TB_AEROPORTO (ID_AEROPORTO, NM_NOME_AEROPORTO, ID_ENDERECO, DT_DATA_INAUGURACAO) values (64, 'Aeroporto de Dublin', 64, '2017-08-10');
insert into TB_AEROPORTO (ID_AEROPORTO, NM_NOME_AEROPORTO, ID_ENDERECO, DT_DATA_INAUGURACAO) values (65, 'Aeroporto de Düsseldorf', 65, '2017-10-11');
insert into TB_AEROPORTO (ID_AEROPORTO, NM_NOME_AEROPORTO, ID_ENDERECO, DT_DATA_INAUGURACAO) values (66, 'Aeroporto de Estocolmo-Arlanda', 66, '2018-05-12');
insert into TB_AEROPORTO (ID_AEROPORTO, NM_NOME_AEROPORTO, ID_ENDERECO, DT_DATA_INAUGURACAO) values (67, 'Aeroporto Internacional Rhein-Main', 67, '2017-10-02');
insert into TB_AEROPORTO (ID_AEROPORTO, NM_NOME_AEROPORTO, ID_ENDERECO, DT_DATA_INAUGURACAO) values (68, 'Aeroporto Internacional de Genebra', 68, '2018-02-26');
insert into TB_AEROPORTO (ID_AEROPORTO, NM_NOME_AEROPORTO, ID_ENDERECO, DT_DATA_INAUGURACAO) values (69, 'Aeroporto Internacional de Glasgow', 69, '2017-12-01');
insert into TB_AEROPORTO (ID_AEROPORTO, NM_NOME_AEROPORTO, ID_ENDERECO, DT_DATA_INAUGURACAO) values (70, 'Aeroporto de Hamburgo', 70, '2017-10-25');
insert into TB_AEROPORTO (ID_AEROPORTO, NM_NOME_AEROPORTO, ID_ENDERECO, DT_DATA_INAUGURACAO) values (71, 'Aeroporto de Ataturk', 71, '2017-08-19');
insert into TB_AEROPORTO (ID_AEROPORTO, NM_NOME_AEROPORTO, ID_ENDERECO, DT_DATA_INAUGURACAO) values (72, 'Aeroporto de Larnaca', 72, '2017-09-10');
insert into TB_AEROPORTO (ID_AEROPORTO, NM_NOME_AEROPORTO, ID_ENDERECO, DT_DATA_INAUGURACAO) values (73, 'Aeroporto Lisboa Portela', 73, '2017-07-19');
insert into TB_AEROPORTO (ID_AEROPORTO, NM_NOME_AEROPORTO, ID_ENDERECO, DT_DATA_INAUGURACAO) values (74, 'Aeroporto de Londres Gatwick', 74, '2018-02-27');
insert into TB_AEROPORTO (ID_AEROPORTO, NM_NOME_AEROPORTO, ID_ENDERECO, DT_DATA_INAUGURACAO) values (75, 'Aeroporto de Londres Heathrow', 75, '2017-06-27');
insert into TB_AEROPORTO (ID_AEROPORTO, NM_NOME_AEROPORTO, ID_ENDERECO, DT_DATA_INAUGURACAO) values (76, 'Aeroporto de Lyon-Saint Exupéry', 76, '2018-03-20');
insert into TB_AEROPORTO (ID_AEROPORTO, NM_NOME_AEROPORTO, ID_ENDERECO, DT_DATA_INAUGURACAO) values (77, 'Aeroporto de Madri-Barajas', 77, '2017-05-26');
insert into TB_AEROPORTO (ID_AEROPORTO, NM_NOME_AEROPORTO, ID_ENDERECO, DT_DATA_INAUGURACAO) values (78, 'Aeroporto Internacional de Malta', 78, '2018-01-15');
insert into TB_AEROPORTO (ID_AEROPORTO, NM_NOME_AEROPORTO, ID_ENDERECO, DT_DATA_INAUGURACAO) values (79, 'Aeroporto Internacional de Manchester', 79, '2018-01-17');
insert into TB_AEROPORTO (ID_AEROPORTO, NM_NOME_AEROPORTO, ID_ENDERECO, DT_DATA_INAUGURACAO) values (80, 'Aeroporto de Malpensa', 80, '2017-08-01');
insert into TB_AEROPORTO (ID_AEROPORTO, NM_NOME_AEROPORTO, ID_ENDERECO, DT_DATA_INAUGURACAO) values (81, 'Aeroporto de Domodedovo', 81, '2018-05-17');
insert into TB_AEROPORTO (ID_AEROPORTO, NM_NOME_AEROPORTO, ID_ENDERECO, DT_DATA_INAUGURACAO) values (82, 'Aeroporto Franz Josef Strauss', 82, '2018-04-04');
insert into TB_AEROPORTO (ID_AEROPORTO, NM_NOME_AEROPORTO, ID_ENDERECO, DT_DATA_INAUGURACAO) values (83, 'Aeroporto de Newcastle', 83, '2017-10-04');
insert into TB_AEROPORTO (ID_AEROPORTO, NM_NOME_AEROPORTO, ID_ENDERECO, DT_DATA_INAUGURACAO) values (84, 'Aeroporto Internacional da Cote d''Azur', 84, '2018-02-01');
insert into TB_AEROPORTO (ID_AEROPORTO, NM_NOME_AEROPORTO, ID_ENDERECO, DT_DATA_INAUGURACAO) values (85, 'Aeroporto Gardermoen', 85, '2017-08-12');
insert into TB_AEROPORTO (ID_AEROPORTO, NM_NOME_AEROPORTO, ID_ENDERECO, DT_DATA_INAUGURACAO) values (86, 'Aeroporto Charles De Gaulle', 86, '2017-10-11');
insert into TB_AEROPORTO (ID_AEROPORTO, NM_NOME_AEROPORTO, ID_ENDERECO, DT_DATA_INAUGURACAO) values (87, 'Aeroporto de Václav Havel', 87, '2017-12-01');
insert into TB_AEROPORTO (ID_AEROPORTO, NM_NOME_AEROPORTO, ID_ENDERECO, DT_DATA_INAUGURACAO) values (88, 'Aeroporto de Fiumicino', 88, '2017-06-09');
insert into TB_AEROPORTO (ID_AEROPORTO, NM_NOME_AEROPORTO, ID_ENDERECO, DT_DATA_INAUGURACAO) values (89, 'Aeroporto Internacional de Pulkovo', 89, '2017-12-05');
insert into TB_AEROPORTO (ID_AEROPORTO, NM_NOME_AEROPORTO, ID_ENDERECO, DT_DATA_INAUGURACAO) values (90, 'Aeroporto de Varsóvia Frédéric Chopin', 90, '2017-09-16');
insert into TB_AEROPORTO (ID_AEROPORTO, NM_NOME_AEROPORTO, ID_ENDERECO, DT_DATA_INAUGURACAO) values (91, 'Aeroporto Marco Polo', 91, '2017-07-28');
insert into TB_AEROPORTO (ID_AEROPORTO, NM_NOME_AEROPORTO, ID_ENDERECO, DT_DATA_INAUGURACAO) values (92, 'Aeroporto Internacional de Viena', 92, '2018-04-24');
insert into TB_AEROPORTO (ID_AEROPORTO, NM_NOME_AEROPORTO, ID_ENDERECO, DT_DATA_INAUGURACAO) values (93, 'Aeroporto de Zurique-Kloten', 93, '2018-04-22');
insert into TB_AEROPORTO (ID_AEROPORTO, NM_NOME_AEROPORTO, ID_ENDERECO, DT_DATA_INAUGURACAO) values (94, 'Aeroporto Internacional Queen Alia', 94, '2017-11-17');
insert into TB_AEROPORTO (ID_AEROPORTO, NM_NOME_AEROPORTO, ID_ENDERECO, DT_DATA_INAUGURACAO) values (95, 'Aeroporto Internacional de Bahrain', 95, '2017-06-16');
insert into TB_AEROPORTO (ID_AEROPORTO, NM_NOME_AEROPORTO, ID_ENDERECO, DT_DATA_INAUGURACAO) values (96, 'Aeroporto Internacional Rafic Hariri', 96, '2017-09-18');
insert into TB_AEROPORTO (ID_AEROPORTO, NM_NOME_AEROPORTO, ID_ENDERECO, DT_DATA_INAUGURACAO) values (97, 'Aeroporto Internacional do Cairo', 97, '2017-09-12');
insert into TB_AEROPORTO (ID_AEROPORTO, NM_NOME_AEROPORTO, ID_ENDERECO, DT_DATA_INAUGURACAO) values (98, 'Aeroporto Internacional do Kuwait', 98, '2017-09-06');
insert into TB_AEROPORTO (ID_AEROPORTO, NM_NOME_AEROPORTO, ID_ENDERECO, DT_DATA_INAUGURACAO) values (99, 'Aeroporto Internacional King Fahd', 99, '2017-07-09');
insert into TB_AEROPORTO (ID_AEROPORTO, NM_NOME_AEROPORTO, ID_ENDERECO, DT_DATA_INAUGURACAO) values (100, 'Aeroporto Internacional de Logan', 100, '2017-06-25');

-------------------------------------------------------------------------------------------------------------------------------------------------------
------------------------------------------------------- Tabela de companhias aéreas
-------------------------------------------------------------------------------------------------------------------------------------------------

insert into tb_companhia_aerea(id_companhia_aerea,nm_nome_companhia,nm_programa_milhagens) values (1,'Gol Linhas Aéreas','Gol Milhas');
insert into tb_companhia_aerea(id_companhia_aerea,nm_nome_companhia,nm_programa_milhagens) values (2,'Tam Linhas Aéreas','Tam Milhas');
insert into tb_companhia_aerea(id_companhia_aerea,nm_nome_companhia,nm_programa_milhagens) values (3,'Azul Linhas Aéreas','Azul Milhas');
insert into tb_companhia_aerea(id_companhia_aerea,nm_nome_companhia,nm_programa_milhagens) values (4,'Avianca Linhas Aéreas','Avianca Milhas');
insert into tb_companhia_aerea(id_companhia_aerea,nm_nome_companhia,nm_programa_milhagens) values (5,'Air Canada','Maple Milhas');
insert into tb_companhia_aerea(id_companhia_aerea,nm_nome_companhia,nm_programa_milhagens) values (6,'Delta Airlines','Delta Milhas');
insert into tb_companhia_aerea(id_companhia_aerea,nm_nome_companhia,nm_programa_milhagens) values (7,'American Airlines','War Milhas');
insert into tb_companhia_aerea(id_companhia_aerea,nm_nome_companhia,nm_programa_milhagens) values (8,'JetBlue Airlines','JB Milhas');
insert into tb_companhia_aerea(id_companhia_aerea,nm_nome_companhia,nm_programa_milhagens) values (9,'United Airlines','US Milhas');
insert into tb_companhia_aerea(id_companhia_aerea,nm_nome_companhia,nm_programa_milhagens) values (10,'Air Transat','Air T Milhas');
insert into tb_companhia_aerea(id_companhia_aerea,nm_nome_companhia,nm_programa_milhagens) values (11,'Air Do','Lolicon Milhas');
insert into tb_companhia_aerea(id_companhia_aerea,nm_nome_companhia,nm_programa_milhagens) values (12,'Air Asia','Asian Milhas');
insert into tb_companhia_aerea(id_companhia_aerea,nm_nome_companhia,nm_programa_milhagens) values (13,'Korean Air','K-POP Milhas');
insert into tb_companhia_aerea(id_companhia_aerea,nm_nome_companhia,nm_programa_milhagens) values (14,'Air Koryo','Kim Milhas');
insert into tb_companhia_aerea(id_companhia_aerea,nm_nome_companhia,nm_programa_milhagens) values (15,'Dragonair','Dracarys Milhas');


